observation_id,participant_id,session_id,sequence,period,condition,task_pair,task_variant,task_name,task_order_in_session,task_start,task_end,completion_time_sec,completion_time_min,time_limit_reached,hidden_tests_total,tests_passed,test_failures,code_smells,cyclomatic_complexity,maintainability_index,loc,nasa_tlx,programming_years,professional_dev_years,csharp_years,dotnet_years,ai_familiarity_score,prior_copilot_use,prior_ai_coding_use,protocol_deviation,environment_version,test_suite_version,analyzer_version,data_provenance
OBS0001,P001,SP001-1,A,1,Traditional,TP01,A,Equipment Maintenance API,1,2026-03-11T13:20:00,2026-03-11T13:57:36,2255.6,37.59,False,18,9,9,6,6.0,64.5,133,80,1.7,0.3,1.8,1.6,2.08,regular,never,none,5123d4e8b63fdcbb,1b679a3e72cee1a1,da1b0302b03238d8,Collected experimental data; derived measurement fields retained as recorded
OBS0002,P001,SP001-1,A,1,Traditional,TP02,A,Project Access Policy,2,2026-03-11T14:13:36,2026-03-11T14:48:10,2073.9,34.57,False,22,20,2,5,5.5,71.5,130,75,1.7,0.3,1.8,1.6,2.08,regular,never,none,5123d4e8b63fdcbb,1b679a3e72cee1a1,da1b0302b03238d8,Collected experimental data; derived measurement fields retained as recorded
OBS0003,P001,SP001-1,A,1,Traditional,TP03,A,Invoice Aging,3,2026-03-11T15:04:10,2026-03-11T15:42:55,2325.3,38.76,False,24,21,3,5,6.1,67.1,128,75,1.7,0.3,1.8,1.6,2.08,regular,never,none,5123d4e8b63fdcbb,1b679a3e72cee1a1,da1b0302b03238d8,Collected experimental data; derived measurement fields retained as recorded
OBS0004,P001,SP001-1,A,1,Traditional,TP04,A,Leave Approval,4,2026-03-11T16:05:55,2026-03-11T16:49:21,2605.6,43.43,False,22,19,3,6,6.1,64.4,124,75,1.7,0.3,1.8,1.6,2.08,regular,never,none,5123d4e8b63fdcbb,1b679a3e72cee1a1,da1b0302b03238d8,Collected experimental data; derived measurement fields retained as recorded
OBS0005,P001,SP001-1,A,1,Traditional,TP05,A,Currency Rate Service,5,2026-03-11T17:41:21,2026-03-11T18:23:53,2551.7,42.53,False,22,16,6,5,5.7,60.5,110,80,1.7,0.3,1.8,1.6,2.08,regular,never,none,5123d4e8b63fdcbb,1b679a3e72cee1a1,da1b0302b03238d8,Collected experimental data; derived measurement fields retained as recorded
OBS0006,P001,SP001-1,A,1,Traditional,TP06,A,Employee Import,6,2026-03-11T18:49:53,2026-03-11T19:39:23,2969.7,49.5,False,18,14,4,6,5.9,57.1,125,75,1.7,0.3,1.8,1.6,2.08,regular,never,none,5123d4e8b63fdcbb,1b679a3e72cee1a1,da1b0302b03238d8,Collected experimental data; derived measurement fields retained as recorded
OBS0007,P001,SP001-1,A,1,Traditional,TP07,A,Notification Preferences,7,2026-03-11T20:00:23,2026-03-11T20:32:33,1930.4,32.17,False,18,14,4,6,6.3,65.8,128,70,1.7,0.3,1.8,1.6,2.08,regular,never,none,5123d4e8b63fdcbb,1b679a3e72cee1a1,da1b0302b03238d8,Collected experimental data; derived measurement fields retained as recorded
OBS0008,P001,SP001-1,A,1,Traditional,TP08,A,Resource Utilization,8,2026-03-11T20:54:33,2026-03-11T21:42:43,2890.2,48.17,False,20,15,5,4,6.6,64.8,114,70,1.7,0.3,1.8,1.6,2.08,regular,never,none,5123d4e8b63fdcbb,1b679a3e72cee1a1,da1b0302b03238d8,Collected experimental data; derived measurement fields retained as recorded
OBS0009,P001,SP001-2,A,2,AI,TP01,B,Supplier Contract API,1,2026-03-24T13:51:00,2026-03-24T14:12:55,1315.3,21.92,False,22,22,0,4,4.7,77.9,147,55,1.7,0.3,1.8,1.6,2.08,regular,never,none,5123d4e8b63fdcbb,1b679a3e72cee1a1,da1b0302b03238d8,Collected experimental data; derived measurement fields retained as recorded
OBS0010,P001,SP001-2,A,2,AI,TP02,B,Document Access Policy,2,2026-03-24T14:30:55,2026-03-24T15:03:32,1956.9,32.62,False,18,14,4,3,4.7,79.6,138,60,1.7,0.3,1.8,1.6,2.08,regular,never,none,5123d4e8b63fdcbb,1b679a3e72cee1a1,da1b0302b03238d8,Collected experimental data; derived measurement fields retained as recorded
OBS0011,P001,SP001-2,A,2,AI,TP03,B,Purchase Order Fulfilment,3,2026-03-24T15:15:32,2026-03-24T15:43:10,1658.3,27.64,False,18,16,2,3,5.2,78.9,142,60,1.7,0.3,1.8,1.6,2.08,regular,never,none,5123d4e8b63fdcbb,1b679a3e72cee1a1,da1b0302b03238d8,Collected experimental data; derived measurement fields retained as recorded
OBS0012,P001,SP001-2,A,2,AI,TP04,B,Expense Reimbursement,4,2026-03-24T16:00:10,2026-03-24T16:34:47,2077.4,34.62,False,22,22,0,6,5.6,74.4,122,60,1.7,0.3,1.8,1.6,2.08,regular,never,none,5123d4e8b63fdcbb,1b679a3e72cee1a1,da1b0302b03238d8,Collected experimental data; derived measurement fields retained as recorded
OBS0013,P001,SP001-2,A,2,AI,TP05,B,Shipping Rate Service,5,2026-03-24T17:16:47,2026-03-24T17:47:36,1849.1,30.82,False,22,20,2,4,5.7,75.2,139,60,1.7,0.3,1.8,1.6,2.08,regular,never,none,5123d4e8b63fdcbb,1b679a3e72cee1a1,da1b0302b03238d8,Collected experimental data; derived measurement fields retained as recorded
OBS0014,P001,SP001-2,A,2,AI,TP06,B,Product Catalog Import,6,2026-03-24T18:07:36,2026-03-24T18:37:37,1801.4,30.02,False,24,23,1,5,4.9,74.6,145,60,1.7,0.3,1.8,1.6,2.08,regular,never,none,5123d4e8b63fdcbb,1b679a3e72cee1a1,da1b0302b03238d8,Collected experimental data; derived measurement fields retained as recorded
OBS0015,P001,SP001-2,A,2,AI,TP07,B,Alert Subscriptions,7,2026-03-24T18:56:37,2026-03-24T19:40:19,2621.5,43.69,False,20,19,1,3,6.6,75.0,153,55,1.7,0.3,1.8,1.6,2.08,regular,never,none,5123d4e8b63fdcbb,1b679a3e72cee1a1,da1b0302b03238d8,Collected experimental data; derived measurement fields retained as recorded
OBS0016,P001,SP001-2,A,2,AI,TP08,B,Support Ticket SLA,8,2026-03-24T20:02:19,2026-03-24T20:33:05,1846.3,30.77,False,20,19,1,4,6.6,74.2,158,60,1.7,0.3,1.8,1.6,2.08,regular,never,none,5123d4e8b63fdcbb,1b679a3e72cee1a1,da1b0302b03238d8,Collected experimental data; derived measurement fields retained as recorded
OBS0017,P002,SP002-1,B,1,AI,TP01,A,Equipment Maintenance API,1,2026-03-12T15:21:00,2026-03-12T15:54:00,1980.2,33.0,False,22,21,1,3,5.3,91.7,144,60,5.4,3.6,3.6,1.4,2.24,extensive,regular,none,5123d4e8b63fdcbb,1b679a3e72cee1a1,da1b0302b03238d8,Collected experimental data; derived measurement fields retained as recorded
OBS0018,P002,SP002-1,B,1,AI,TP02,A,Project Access Policy,2,2026-03-12T16:15:00,2026-03-12T16:45:57,1857.1,30.95,False,22,21,1,2,5.2,83.9,127,55,5.4,3.6,3.6,1.4,2.24,extensive,regular,none,5123d4e8b63fdcbb,1b679a3e72cee1a1,da1b0302b03238d8,Collected experimental data; derived measurement fields retained as recorded
OBS0019,P002,SP002-1,B,1,AI,TP03,A,Invoice Aging,3,2026-03-12T17:03:57,2026-03-12T17:31:54,1677.2,27.95,False,24,24,0,4,5.1,89.2,144,55,5.4,3.6,3.6,1.4,2.24,extensive,regular,none,5123d4e8b63fdcbb,1b679a3e72cee1a1,da1b0302b03238d8,Collected experimental data; derived measurement fields retained as recorded
OBS0020,P002,SP002-1,B,1,AI,TP04,A,Leave Approval,4,2026-03-12T17:44:54,2026-03-12T18:10:51,1557.2,25.95,False,20,14,6,4,5.7,77.8,142,60,5.4,3.6,3.6,1.4,2.24,extensive,regular,none,5123d4e8b63fdcbb,1b679a3e72cee1a1,da1b0302b03238d8,Collected experimental data; derived measurement fields retained as recorded
OBS0021,P002,SP002-1,B,1,AI,TP05,A,Currency Rate Service,5,2026-03-12T19:03:51,2026-03-12T19:40:17,2185.8,36.43,False,24,22,2,3,5.1,77.0,123,55,5.4,3.6,3.6,1.4,2.24,extensive,regular,none,5123d4e8b63fdcbb,1b679a3e72cee1a1,da1b0302b03238d8,Collected experimental data; derived measurement fields retained as recorded
OBS0022,P002,SP002-1,B,1,AI,TP06,A,Employee Import,6,2026-03-12T20:00:17,2026-03-12T20:22:42,1344.9,22.42,False,20,18,2,2,5.5,77.4,139,50,5.4,3.6,3.6,1.4,2.24,extensive,regular,none,5123d4e8b63fdcbb,1b679a3e72cee1a1,da1b0302b03238d8,Collected experimental data; derived measurement fields retained as recorded
OBS0023,P002,SP002-1,B,1,AI,TP07,A,Notification Preferences,7,2026-03-12T20:41:42,2026-03-12T21:22:51,2469.4,41.16,False,24,23,1,5,4.3,69.2,126,55,5.4,3.6,3.6,1.4,2.24,extensive,regular,none,5123d4e8b63fdcbb,1b679a3e72cee1a1,da1b0302b03238d8,Collected experimental data; derived measurement fields retained as recorded
OBS0024,P002,SP002-1,B,1,AI,TP08,A,Resource Utilization,8,2026-03-12T21:49:51,2026-03-12T22:20:46,1854.5,30.91,False,18,15,3,4,5.4,79.0,146,60,5.4,3.6,3.6,1.4,2.24,extensive,regular,none,5123d4e8b63fdcbb,1b679a3e72cee1a1,da1b0302b03238d8,Collected experimental data; derived measurement fields retained as recorded
OBS0025,P002,SP002-2,B,2,Traditional,TP01,B,Supplier Contract API,1,2026-03-27T09:05:00,2026-03-27T09:35:16,1815.6,30.26,False,20,12,8,5,6.6,67.8,96,70,5.4,3.6,3.6,1.4,2.24,extensive,regular,none,5123d4e8b63fdcbb,1b679a3e72cee1a1,da1b0302b03238d8,Collected experimental data; derived measurement fields retained as recorded
OBS0026,P002,SP002-2,B,2,Traditional,TP02,B,Document Access Policy,2,2026-03-27T09:57:16,2026-03-27T10:31:19,2043.0,34.05,False,22,20,2,5,5.8,74.4,120,60,5.4,3.6,3.6,1.4,2.24,extensive,regular,none,5123d4e8b63fdcbb,1b679a3e72cee1a1,da1b0302b03238d8,Collected experimental data; derived measurement fields retained as recorded
OBS0027,P002,SP002-2,B,2,Traditional,TP03,B,Purchase Order Fulfilment,3,2026-03-27T10:53:19,2026-03-27T11:38:45,2725.8,45.43,False,18,11,7,2,6.2,68.6,118,70,5.4,3.6,3.6,1.4,2.24,extensive,regular,none,5123d4e8b63fdcbb,1b679a3e72cee1a1,da1b0302b03238d8,Collected experimental data; derived measurement fields retained as recorded
OBS0028,P002,SP002-2,B,2,Traditional,TP04,B,Expense Reimbursement,4,2026-03-27T11:58:45,2026-03-27T12:41:35,2569.6,42.83,False,20,18,2,6,6.8,77.7,113,65,5.4,3.6,3.6,1.4,2.24,extensive,regular,none,5123d4e8b63fdcbb,1b679a3e72cee1a1,da1b0302b03238d8,Collected experimental data; derived measurement fields retained as recorded
OBS0029,P002,SP002-2,B,2,Traditional,TP05,B,Shipping Rate Service,5,2026-03-27T13:25:35,2026-03-27T14:09:06,2610.8,43.51,False,20,17,3,3,5.7,69.3,121,65,5.4,3.6,3.6,1.4,2.24,extensive,regular,none,5123d4e8b63fdcbb,1b679a3e72cee1a1,da1b0302b03238d8,Collected experimental data; derived measurement fields retained as recorded
OBS0030,P002,SP002-2,B,2,Traditional,TP06,B,Product Catalog Import,6,2026-03-27T14:27:06,2026-03-27T15:00:15,1989.0,33.15,False,18,15,3,6,5.7,73.5,126,75,5.4,3.6,3.6,1.4,2.24,extensive,regular,none,5123d4e8b63fdcbb,1b679a3e72cee1a1,da1b0302b03238d8,Collected experimental data; derived measurement fields retained as recorded
OBS0031,P002,SP002-2,B,2,Traditional,TP07,B,Alert Subscriptions,7,2026-03-27T15:18:15,2026-03-27T15:59:28,2472.9,41.22,False,20,19,1,6,5.9,76.2,107,70,5.4,3.6,3.6,1.4,2.24,extensive,regular,none,5123d4e8b63fdcbb,1b679a3e72cee1a1,da1b0302b03238d8,Collected experimental data; derived measurement fields retained as recorded
OBS0032,P002,SP002-2,B,2,Traditional,TP08,B,Support Ticket SLA,8,2026-03-27T16:18:28,2026-03-27T17:07:00,2912.5,48.54,False,24,18,6,7,6.2,72.6,130,70,5.4,3.6,3.6,1.4,2.24,extensive,regular,none,5123d4e8b63fdcbb,1b679a3e72cee1a1,da1b0302b03238d8,Collected experimental data; derived measurement fields retained as recorded
OBS0033,P003,SP003-1,C,1,Traditional,TP01,B,Supplier Contract API,1,2026-03-16T09:51:00,2026-03-16T10:25:24,2063.9,34.4,False,20,16,4,7,6.6,68.5,132,70,7.3,10.7,8.6,6.7,3.09,extensive,extensive,none,5123d4e8b63fdcbb,1b679a3e72cee1a1,da1b0302b03238d8,Collected experimental data; derived measurement fields retained as recorded
OBS0034,P003,SP003-1,C,1,Traditional,TP02,B,Document Access Policy,2,2026-03-16T10:43:24,2026-03-16T11:32:15,2931.1,48.85,False,22,17,5,7,6.2,66.7,133,75,7.3,10.7,8.6,6.7,3.09,extensive,extensive,none,5123d4e8b63fdcbb,1b679a3e72cee1a1,da1b0302b03238d8,Collected experimental data; derived measurement fields retained as recorded
OBS0035,P003,SP003-1,C,1,Traditional,TP03,B,Purchase Order Fulfilment,3,2026-03-16T11:52:15,2026-03-16T12:35:23,2587.9,43.13,False,20,16,4,6,6.5,67.9,120,75,7.3,10.7,8.6,6.7,3.09,extensive,extensive,none,5123d4e8b63fdcbb,1b679a3e72cee1a1,da1b0302b03238d8,Collected experimental data; derived measurement fields retained as recorded
OBS0036,P003,SP003-1,C,1,Traditional,TP04,B,Expense Reimbursement,4,2026-03-16T12:58:23,2026-03-16T13:47:09,2925.9,48.76,False,18,14,4,8,6.4,68.5,137,70,7.3,10.7,8.6,6.7,3.09,extensive,extensive,none,5123d4e8b63fdcbb,1b679a3e72cee1a1,da1b0302b03238d8,Collected experimental data; derived measurement fields retained as recorded
OBS0037,P003,SP003-1,C,1,Traditional,TP05,B,Shipping Rate Service,5,2026-03-16T14:39:09,2026-03-16T15:26:40,2850.7,47.51,False,22,21,1,7,5.9,66.7,144,80,7.3,10.7,8.6,6.7,3.09,extensive,extensive,none,5123d4e8b63fdcbb,1b679a3e72cee1a1,da1b0302b03238d8,Collected experimental data; derived measurement fields retained as recorded
OBS0038,P003,SP003-1,C,1,Traditional,TP06,B,Product Catalog Import,6,2026-03-16T15:44:40,2026-03-16T16:38:17,3217.3,53.62,False,20,15,5,4,6.5,69.0,122,85,7.3,10.7,8.6,6.7,3.09,extensive,extensive,none,5123d4e8b63fdcbb,1b679a3e72cee1a1,da1b0302b03238d8,Collected experimental data; derived measurement fields retained as recorded
OBS0039,P003,SP003-1,C,1,Traditional,TP07,B,Alert Subscriptions,7,2026-03-16T16:52:17,2026-03-16T17:39:13,2816.4,46.94,False,22,19,3,5,6.1,68.2,119,80,7.3,10.7,8.6,6.7,3.09,extensive,extensive,none,5123d4e8b63fdcbb,1b679a3e72cee1a1,da1b0302b03238d8,Collected experimental data; derived measurement fields retained as recorded
OBS0040,P003,SP003-1,C,1,Traditional,TP08,B,Support Ticket SLA,8,2026-03-16T17:56:13,2026-03-16T18:43:55,2862.0,47.7,False,18,14,4,5,5.7,65.2,121,75,7.3,10.7,8.6,6.7,3.09,extensive,extensive,none,5123d4e8b63fdcbb,1b679a3e72cee1a1,da1b0302b03238d8,Collected experimental data; derived measurement fields retained as recorded
OBS0041,P003,SP003-2,C,2,AI,TP01,A,Equipment Maintenance API,1,2026-03-31T13:35:00,2026-03-31T14:04:50,1790.4,29.84,False,24,19,5,5,5.0,70.8,154,65,7.3,10.7,8.6,6.7,3.09,extensive,extensive,none,5123d4e8b63fdcbb,1b679a3e72cee1a1,da1b0302b03238d8,Collected experimental data; derived measurement fields retained as recorded
OBS0042,P003,SP003-2,C,2,AI,TP02,A,Project Access Policy,2,2026-03-31T14:26:50,2026-03-31T15:02:06,2115.8,35.26,False,20,17,3,4,6.1,72.7,150,65,7.3,10.7,8.6,6.7,3.09,extensive,extensive,none,5123d4e8b63fdcbb,1b679a3e72cee1a1,da1b0302b03238d8,Collected experimental data; derived measurement fields retained as recorded
OBS0043,P003,SP003-2,C,2,AI,TP03,A,Invoice Aging,3,2026-03-31T15:20:06,2026-03-31T15:52:45,1959.0,32.65,False,20,15,5,4,5.5,68.7,122,75,7.3,10.7,8.6,6.7,3.09,extensive,extensive,none,5123d4e8b63fdcbb,1b679a3e72cee1a1,da1b0302b03238d8,Collected experimental data; derived measurement fields retained as recorded
OBS0044,P003,SP003-2,C,2,AI,TP04,A,Leave Approval,4,2026-03-31T16:10:45,2026-03-31T16:45:09,2064.5,34.41,False,22,19,3,5,4.9,67.7,138,65,7.3,10.7,8.6,6.7,3.09,extensive,extensive,none,5123d4e8b63fdcbb,1b679a3e72cee1a1,da1b0302b03238d8,Collected experimental data; derived measurement fields retained as recorded
OBS0045,P003,SP003-2,C,2,AI,TP05,A,Currency Rate Service,5,2026-03-31T17:38:09,2026-03-31T18:16:59,2329.9,38.83,False,20,13,7,4,5.4,74.1,153,75,7.3,10.7,8.6,6.7,3.09,extensive,extensive,none,5123d4e8b63fdcbb,1b679a3e72cee1a1,da1b0302b03238d8,Collected experimental data; derived measurement fields retained as recorded
OBS0046,P003,SP003-2,C,2,AI,TP06,A,Employee Import,6,2026-03-31T18:43:59,2026-03-31T19:15:20,1881.0,31.35,False,20,18,2,3,6.4,79.7,121,65,7.3,10.7,8.6,6.7,3.09,extensive,extensive,none,5123d4e8b63fdcbb,1b679a3e72cee1a1,da1b0302b03238d8,Collected experimental data; derived measurement fields retained as recorded
OBS0047,P003,SP003-2,C,2,AI,TP07,A,Notification Preferences,7,2026-03-31T19:41:20,2026-03-31T20:25:41,2660.8,44.35,False,20,18,2,5,4.8,66.5,138,70,7.3,10.7,8.6,6.7,3.09,extensive,extensive,copilot_suggestion_delay,5123d4e8b63fdcbb,1b679a3e72cee1a1,da1b0302b03238d8,Collected experimental data; derived measurement fields retained as recorded
OBS0048,P003,SP003-2,C,2,AI,TP08,A,Resource Utilization,8,2026-03-31T20:43:41,2026-03-31T21:26:01,2539.5,42.32,False,20,18,2,3,4.5,70.6,121,70,7.3,10.7,8.6,6.7,3.09,extensive,extensive,none,5123d4e8b63fdcbb,1b679a3e72cee1a1,da1b0302b03238d8,Collected experimental data; derived measurement fields retained as recorded
OBS0049,P004,SP004-1,D,1,AI,TP01,B,Supplier Contract API,1,2026-03-16T08:35:00,2026-03-16T09:03:08,1687.6,28.13,False,20,19,1,6,4.9,70.3,146,60,1.9,1.4,1.1,1.6,1.85,occasional,occasional,none,5123d4e8b63fdcbb,1b679a3e72cee1a1,da1b0302b03238d8,Collected experimental data; derived measurement fields retained as recorded
OBS0050,P004,SP004-1,D,1,AI,TP02,B,Document Access Policy,2,2026-03-16T09:17:08,2026-03-16T09:41:12,1443.5,24.06,False,24,18,6,3,6.0,74.4,131,65,1.9,1.4,1.1,1.6,1.85,occasional,occasional,none,5123d4e8b63fdcbb,1b679a3e72cee1a1,da1b0302b03238d8,Collected experimental data; derived measurement fields retained as recorded
OBS0051,P004,SP004-1,D,1,AI,TP03,B,Purchase Order Fulfilment,3,2026-03-16T09:58:12,2026-03-16T10:27:22,1750.1,29.17,False,20,16,4,2,4.8,77.8,138,55,1.9,1.4,1.1,1.6,1.85,occasional,occasional,none,5123d4e8b63fdcbb,1b679a3e72cee1a1,da1b0302b03238d8,Collected experimental data; derived measurement fields retained as recorded
OBS0052,P004,SP004-1,D,1,AI,TP04,B,Expense Reimbursement,4,2026-03-16T10:40:22,2026-03-16T11:07:09,1607.3,26.79,False,20,16,4,5,5.2,73.4,164,65,1.9,1.4,1.1,1.6,1.85,occasional,occasional,none,5123d4e8b63fdcbb,1b679a3e72cee1a1,da1b0302b03238d8,Collected experimental data; derived measurement fields retained as recorded
OBS0053,P004,SP004-1,D,1,AI,TP05,B,Shipping Rate Service,5,2026-03-16T11:48:09,2026-03-16T12:22:27,2058.4,34.31,False,20,17,3,4,5.4,76.5,139,60,1.9,1.4,1.1,1.6,1.85,occasional,occasional,none,5123d4e8b63fdcbb,1b679a3e72cee1a1,da1b0302b03238d8,Collected experimental data; derived measurement fields retained as recorded
OBS0054,P004,SP004-1,D,1,AI,TP06,B,Product Catalog Import,6,2026-03-16T12:39:27,2026-03-16T13:04:09,1482.1,24.7,False,22,20,2,4,4.2,71.7,133,60,1.9,1.4,1.1,1.6,1.85,occasional,occasional,none,5123d4e8b63fdcbb,1b679a3e72cee1a1,da1b0302b03238d8,Collected experimental data; derived measurement fields retained as recorded
OBS0055,P004,SP004-1,D,1,AI,TP07,B,Alert Subscriptions,7,2026-03-16T13:29:09,2026-03-16T14:12:55,2626.4,43.77,False,24,21,3,5,5.6,74.6,163,55,1.9,1.4,1.1,1.6,1.85,occasional,occasional,none,5123d4e8b63fdcbb,1b679a3e72cee1a1,da1b0302b03238d8,Collected experimental data; derived measurement fields retained as recorded
OBS0056,P004,SP004-1,D,1,AI,TP08,B,Support Ticket SLA,8,2026-03-16T14:36:55,2026-03-16T15:16:18,2363.2,39.39,False,20,19,1,4,5.6,63.9,144,65,1.9,1.4,1.1,1.6,1.85,occasional,occasional,none,5123d4e8b63fdcbb,1b679a3e72cee1a1,da1b0302b03238d8,Collected experimental data; derived measurement fields retained as recorded
OBS0057,P004,SP004-2,D,2,Traditional,TP01,A,Equipment Maintenance API,1,2026-04-03T13:26:00,2026-04-03T14:01:19,2118.5,35.31,False,22,21,1,7,6.7,65.0,129,70,1.9,1.4,1.1,1.6,1.85,occasional,occasional,none,5123d4e8b63fdcbb,1b679a3e72cee1a1,da1b0302b03238d8,Collected experimental data; derived measurement fields retained as recorded
OBS0058,P004,SP004-2,D,2,Traditional,TP02,A,Project Access Policy,2,2026-04-03T14:15:19,2026-04-03T14:55:08,2389.2,39.82,False,22,19,3,4,5.7,62.8,130,70,1.9,1.4,1.1,1.6,1.85,occasional,occasional,none,5123d4e8b63fdcbb,1b679a3e72cee1a1,da1b0302b03238d8,Collected experimental data; derived measurement fields retained as recorded
OBS0059,P004,SP004-2,D,2,Traditional,TP03,A,Invoice Aging,3,2026-04-03T15:17:08,2026-04-03T16:00:26,2598.2,43.3,False,24,20,4,6,6.1,64.8,104,75,1.9,1.4,1.1,1.6,1.85,occasional,occasional,none,5123d4e8b63fdcbb,1b679a3e72cee1a1,da1b0302b03238d8,Collected experimental data; derived measurement fields retained as recorded
OBS0060,P004,SP004-2,D,2,Traditional,TP04,A,Leave Approval,4,2026-04-03T16:18:26,2026-04-03T16:58:12,2386.4,39.77,False,20,13,7,4,5.9,66.9,121,80,1.9,1.4,1.1,1.6,1.85,occasional,occasional,none,5123d4e8b63fdcbb,1b679a3e72cee1a1,da1b0302b03238d8,Collected experimental data; derived measurement fields retained as recorded
OBS0061,P004,SP004-2,D,2,Traditional,TP05,A,Currency Rate Service,5,2026-04-03T17:51:12,2026-04-03T18:47:12,3360.2,56.0,False,24,19,5,5,6.1,70.8,137,75,1.9,1.4,1.1,1.6,1.85,occasional,occasional,none,5123d4e8b63fdcbb,1b679a3e72cee1a1,da1b0302b03238d8,Collected experimental data; derived measurement fields retained as recorded
OBS0062,P004,SP004-2,D,2,Traditional,TP06,A,Employee Import,6,2026-04-03T19:05:12,2026-04-03T19:46:22,2469.7,41.16,False,20,17,3,6,6.8,70.1,129,80,1.9,1.4,1.1,1.6,1.85,occasional,occasional,none,5123d4e8b63fdcbb,1b679a3e72cee1a1,da1b0302b03238d8,Collected experimental data; derived measurement fields retained as recorded
OBS0063,P004,SP004-2,D,2,Traditional,TP07,A,Notification Preferences,7,2026-04-03T20:07:22,2026-04-03T20:55:06,2864.0,47.73,False,20,15,5,6,5.9,69.6,124,75,1.9,1.4,1.1,1.6,1.85,occasional,occasional,none,5123d4e8b63fdcbb,1b679a3e72cee1a1,da1b0302b03238d8,Collected experimental data; derived measurement fields retained as recorded
OBS0064,P004,SP004-2,D,2,Traditional,TP08,A,Resource Utilization,8,2026-04-03T21:12:06,2026-04-03T21:50:50,2323.5,38.72,False,18,14,4,6,6.5,64.7,115,80,1.9,1.4,1.1,1.6,1.85,occasional,occasional,none,5123d4e8b63fdcbb,1b679a3e72cee1a1,da1b0302b03238d8,Collected experimental data; derived measurement fields retained as recorded
OBS0065,P005,SP005-1,A,1,Traditional,TP01,A,Equipment Maintenance API,1,2026-03-19T09:36:00,2026-03-19T10:11:56,2156.5,35.94,False,20,17,3,6,5.6,68.1,125,70,5.2,4.0,3.0,2.2,3.2,extensive,extensive,none,5123d4e8b63fdcbb,1b679a3e72cee1a1,da1b0302b03238d8,Collected experimental data; derived measurement fields retained as recorded
OBS0066,P005,SP005-1,A,1,Traditional,TP02,A,Project Access Policy,2,2026-03-19T10:28:56,2026-03-19T11:11:38,2561.6,42.69,False,22,16,6,6,6.1,66.1,130,80,5.2,4.0,3.0,2.2,3.2,extensive,extensive,none,5123d4e8b63fdcbb,1b679a3e72cee1a1,da1b0302b03238d8,Collected experimental data; derived measurement fields retained as recorded
OBS0067,P005,SP005-1,A,1,Traditional,TP03,A,Invoice Aging,3,2026-03-19T11:25:38,2026-03-19T12:07:36,2518.1,41.97,False,20,14,6,6,6.5,68.2,132,80,5.2,4.0,3.0,2.2,3.2,extensive,extensive,none,5123d4e8b63fdcbb,1b679a3e72cee1a1,da1b0302b03238d8,Collected experimental data; derived measurement fields retained as recorded
OBS0068,P005,SP005-1,A,1,Traditional,TP04,A,Leave Approval,4,2026-03-19T12:28:36,2026-03-19T13:13:44,2708.2,45.14,False,20,13,7,5,6.5,62.4,121,75,5.2,4.0,3.0,2.2,3.2,extensive,extensive,none,5123d4e8b63fdcbb,1b679a3e72cee1a1,da1b0302b03238d8,Collected experimental data; derived measurement fields retained as recorded
OBS0069,P005,SP005-1,A,1,Traditional,TP05,A,Currency Rate Service,5,2026-03-19T14:04:44,2026-03-19T15:03:14,3510.0,58.5,False,22,18,4,6,6.2,70.1,137,75,5.2,4.0,3.0,2.2,3.2,extensive,extensive,none,5123d4e8b63fdcbb,1b679a3e72cee1a1,da1b0302b03238d8,Collected experimental data; derived measurement fields retained as recorded
OBS0070,P005,SP005-1,A,1,Traditional,TP06,A,Employee Import,6,2026-03-19T15:25:14,2026-03-19T16:05:53,2439.0,40.65,False,22,19,3,8,6.2,68.1,129,75,5.2,4.0,3.0,2.2,3.2,extensive,extensive,none,5123d4e8b63fdcbb,1b679a3e72cee1a1,da1b0302b03238d8,Collected experimental data; derived measurement fields retained as recorded
OBS0071,P005,SP005-1,A,1,Traditional,TP07,A,Notification Preferences,7,2026-03-19T16:23:53,2026-03-19T17:19:44,3350.9,55.85,False,20,14,6,5,5.8,66.1,143,75,5.2,4.0,3.0,2.2,3.2,extensive,extensive,none,5123d4e8b63fdcbb,1b679a3e72cee1a1,da1b0302b03238d8,Collected experimental data; derived measurement fields retained as recorded
OBS0072,P005,SP005-1,A,1,Traditional,TP08,A,Resource Utilization,8,2026-03-19T17:38:44,2026-03-19T18:28:08,2963.8,49.4,False,18,12,6,6,6.4,58.0,128,80,5.2,4.0,3.0,2.2,3.2,extensive,extensive,none,5123d4e8b63fdcbb,1b679a3e72cee1a1,da1b0302b03238d8,Collected experimental data; derived measurement fields retained as recorded
OBS0073,P005,SP005-2,A,2,AI,TP01,B,Supplier Contract API,1,2026-04-07T09:50:00,2026-04-07T10:16:49,1609.3,26.82,False,22,21,1,4,5.4,73.4,136,65,5.2,4.0,3.0,2.2,3.2,extensive,extensive,none,5123d4e8b63fdcbb,1b679a3e72cee1a1,da1b0302b03238d8,Collected experimental data; derived measurement fields retained as recorded
OBS0074,P005,SP005-2,A,2,AI,TP02,B,Document Access Policy,2,2026-04-07T10:33:49,2026-04-07T11:03:39,1790.5,29.84,False,22,22,0,5,5.1,68.6,158,65,5.2,4.0,3.0,2.2,3.2,extensive,extensive,none,5123d4e8b63fdcbb,1b679a3e72cee1a1,da1b0302b03238d8,Collected experimental data; derived measurement fields retained as recorded
OBS0075,P005,SP005-2,A,2,AI,TP03,B,Purchase Order Fulfilment,3,2026-04-07T11:18:39,2026-04-07T11:53:25,2086.2,34.77,False,20,20,0,6,5.0,72.1,128,60,5.2,4.0,3.0,2.2,3.2,extensive,extensive,none,5123d4e8b63fdcbb,1b679a3e72cee1a1,da1b0302b03238d8,Collected experimental data; derived measurement fields retained as recorded
OBS0076,P005,SP005-2,A,2,AI,TP04,B,Expense Reimbursement,4,2026-04-07T12:10:25,2026-04-07T12:51:01,2436.4,40.61,False,20,15,5,5,4.6,69.4,149,55,5.2,4.0,3.0,2.2,3.2,extensive,extensive,none,5123d4e8b63fdcbb,1b679a3e72cee1a1,da1b0302b03238d8,Collected experimental data; derived measurement fields retained as recorded
OBS0077,P005,SP005-2,A,2,AI,TP05,B,Shipping Rate Service,5,2026-04-07T13:43:01,2026-04-07T14:17:36,2074.6,34.58,False,24,21,3,1,4.7,73.0,133,65,5.2,4.0,3.0,2.2,3.2,extensive,extensive,none,5123d4e8b63fdcbb,1b679a3e72cee1a1,da1b0302b03238d8,Collected experimental data; derived measurement fields retained as recorded
OBS0078,P005,SP005-2,A,2,AI,TP06,B,Product Catalog Import,6,2026-04-07T14:42:36,2026-04-07T15:13:17,1841.4,30.69,False,18,17,1,3,4.8,78.3,141,65,5.2,4.0,3.0,2.2,3.2,extensive,extensive,none,5123d4e8b63fdcbb,1b679a3e72cee1a1,da1b0302b03238d8,Collected experimental data; derived measurement fields retained as recorded
OBS0079,P005,SP005-2,A,2,AI,TP07,B,Alert Subscriptions,7,2026-04-07T15:38:17,2026-04-07T16:31:27,3190.2,53.17,False,20,18,2,5,5.0,75.9,147,60,5.2,4.0,3.0,2.2,3.2,extensive,extensive,none,5123d4e8b63fdcbb,1b679a3e72cee1a1,da1b0302b03238d8,Collected experimental data; derived measurement fields retained as recorded
OBS0080,P005,SP005-2,A,2,AI,TP08,B,Support Ticket SLA,8,2026-04-07T16:50:27,2026-04-07T17:31:18,2450.5,40.84,False,22,18,4,6,5.0,69.0,156,70,5.2,4.0,3.0,2.2,3.2,extensive,extensive,none,5123d4e8b63fdcbb,1b679a3e72cee1a1,da1b0302b03238d8,Collected experimental data; derived measurement fields retained as recorded
OBS0081,P006,SP006-1,B,1,AI,TP01,A,Equipment Maintenance API,1,2026-03-23T09:25:00,2026-03-23T10:01:24,2184.2,36.4,False,22,20,2,3,4.6,74.5,160,55,11.6,5.2,6.4,6.8,2.56,regular,extensive,none,5123d4e8b63fdcbb,1b679a3e72cee1a1,da1b0302b03238d8,Collected experimental data; derived measurement fields retained as recorded
OBS0082,P006,SP006-1,B,1,AI,TP02,A,Project Access Policy,2,2026-03-23T10:17:24,2026-03-23T10:55:07,2263.2,37.72,False,22,18,4,4,4.7,76.8,115,65,11.6,5.2,6.4,6.8,2.56,regular,extensive,none,5123d4e8b63fdcbb,1b679a3e72cee1a1,da1b0302b03238d8,Collected experimental data; derived measurement fields retained as recorded
OBS0083,P006,SP006-1,B,1,AI,TP03,A,Invoice Aging,3,2026-03-23T11:13:07,2026-03-23T11:52:59,2391.6,39.86,False,24,20,4,3,5.1,63.9,139,65,11.6,5.2,6.4,6.8,2.56,regular,extensive,none,5123d4e8b63fdcbb,1b679a3e72cee1a1,da1b0302b03238d8,Collected experimental data; derived measurement fields retained as recorded
OBS0084,P006,SP006-1,B,1,AI,TP04,A,Leave Approval,4,2026-03-23T12:06:59,2026-03-23T12:53:45,2805.8,46.76,False,18,16,2,2,5.3,76.4,123,70,11.6,5.2,6.4,6.8,2.56,regular,extensive,none,5123d4e8b63fdcbb,1b679a3e72cee1a1,da1b0302b03238d8,Collected experimental data; derived measurement fields retained as recorded
OBS0085,P006,SP006-1,B,1,AI,TP05,A,Currency Rate Service,5,2026-03-23T13:32:45,2026-03-23T14:06:50,2044.9,34.08,False,22,19,3,1,5.4,76.0,153,75,11.6,5.2,6.4,6.8,2.56,regular,extensive,none,5123d4e8b63fdcbb,1b679a3e72cee1a1,da1b0302b03238d8,Collected experimental data; derived measurement fields retained as recorded
OBS0086,P006,SP006-1,B,1,AI,TP06,A,Employee Import,6,2026-03-23T14:26:50,2026-03-23T15:02:35,2144.9,35.75,False,22,20,2,5,5.4,76.3,122,70,11.6,5.2,6.4,6.8,2.56,regular,extensive,none,5123d4e8b63fdcbb,1b679a3e72cee1a1,da1b0302b03238d8,Collected experimental data; derived measurement fields retained as recorded
OBS0087,P006,SP006-1,B,1,AI,TP07,A,Notification Preferences,7,2026-03-23T15:22:35,2026-03-23T16:13:36,3061.1,51.02,False,20,18,2,3,5.6,74.6,126,65,11.6,5.2,6.4,6.8,2.56,regular,extensive,none,5123d4e8b63fdcbb,1b679a3e72cee1a1,da1b0302b03238d8,Collected experimental data; derived measurement fields retained as recorded
OBS0088,P006,SP006-1,B,1,AI,TP08,A,Resource Utilization,8,2026-03-23T16:35:36,2026-03-23T17:20:05,2669.4,44.49,False,22,18,4,3,5.1,70.6,146,75,11.6,5.2,6.4,6.8,2.56,regular,extensive,none,5123d4e8b63fdcbb,1b679a3e72cee1a1,da1b0302b03238d8,Collected experimental data; derived measurement fields retained as recorded
OBS0089,P006,SP006-2,B,2,Traditional,TP01,B,Supplier Contract API,1,2026-04-14T15:56:00,2026-04-14T16:27:27,1887.5,31.46,False,22,17,5,3,7.1,69.6,126,75,11.6,5.2,6.4,6.8,2.56,regular,extensive,none,5123d4e8b63fdcbb,1b679a3e72cee1a1,da1b0302b03238d8,Collected experimental data; derived measurement fields retained as recorded
OBS0090,P006,SP006-2,B,2,Traditional,TP02,B,Document Access Policy,2,2026-04-14T16:47:27,2026-04-14T17:27:47,2420.1,40.34,False,20,15,5,7,5.8,70.2,157,80,11.6,5.2,6.4,6.8,2.56,regular,extensive,ide_restart,5123d4e8b63fdcbb,1b679a3e72cee1a1,da1b0302b03238d8,Collected experimental data; derived measurement fields retained as recorded
OBS0091,P006,SP006-2,B,2,Traditional,TP03,B,Purchase Order Fulfilment,3,2026-04-14T17:44:47,2026-04-14T18:28:07,2599.8,43.33,False,18,14,4,3,5.4,70.9,120,70,11.6,5.2,6.4,6.8,2.56,regular,extensive,none,5123d4e8b63fdcbb,1b679a3e72cee1a1,da1b0302b03238d8,Collected experimental data; derived measurement fields retained as recorded
OBS0092,P006,SP006-2,B,2,Traditional,TP04,B,Expense Reimbursement,4,2026-04-14T18:46:07,2026-04-14T19:35:03,2936.4,48.94,False,20,14,6,5,6.1,66.9,111,80,11.6,5.2,6.4,6.8,2.56,regular,extensive,none,5123d4e8b63fdcbb,1b679a3e72cee1a1,da1b0302b03238d8,Collected experimental data; derived measurement fields retained as recorded
OBS0093,P006,SP006-2,B,2,Traditional,TP05,B,Shipping Rate Service,5,2026-04-14T20:18:03,2026-04-14T21:01:42,2619.3,43.66,False,22,15,7,4,5.9,64.5,133,75,11.6,5.2,6.4,6.8,2.56,regular,extensive,none,5123d4e8b63fdcbb,1b679a3e72cee1a1,da1b0302b03238d8,Collected experimental data; derived measurement fields retained as recorded
OBS0094,P006,SP006-2,B,2,Traditional,TP06,B,Product Catalog Import,6,2026-04-14T21:28:42,2026-04-14T22:07:54,2351.8,39.2,False,22,20,2,5,5.7,67.8,121,70,11.6,5.2,6.4,6.8,2.56,regular,extensive,participant_clarification_2min,5123d4e8b63fdcbb,1b679a3e72cee1a1,da1b0302b03238d8,Collected experimental data; derived measurement fields retained as recorded
OBS0095,P006,SP006-2,B,2,Traditional,TP07,B,Alert Subscriptions,7,2026-04-14T22:22:54,2026-04-14T23:09:16,2782.3,46.37,False,22,14,8,7,6.1,58.6,146,80,11.6,5.2,6.4,6.8,2.56,regular,extensive,none,5123d4e8b63fdcbb,1b679a3e72cee1a1,da1b0302b03238d8,Collected experimental data; derived measurement fields retained as recorded
OBS0096,P006,SP006-2,B,2,Traditional,TP08,B,Support Ticket SLA,8,2026-04-14T23:26:16,2026-04-15T00:11:23,2706.9,45.12,False,22,16,6,5,6.5,63.3,121,80,11.6,5.2,6.4,6.8,2.56,regular,extensive,none,5123d4e8b63fdcbb,1b679a3e72cee1a1,da1b0302b03238d8,Collected experimental data; derived measurement fields retained as recorded
OBS0097,P007,SP007-1,C,1,Traditional,TP01,B,Supplier Contract API,1,2026-03-24T14:51:00,2026-03-24T15:22:50,1909.8,31.83,False,22,22,0,3,6.0,67.5,124,60,1.6,1.6,1.2,1.1,1.83,regular,occasional,none,5123d4e8b63fdcbb,1b679a3e72cee1a1,da1b0302b03238d8,Collected experimental data; derived measurement fields retained as recorded
OBS0098,P007,SP007-1,C,1,Traditional,TP02,B,Document Access Policy,2,2026-03-24T15:36:50,2026-03-24T16:14:17,2247.0,37.45,False,22,21,1,7,5.8,63.4,108,65,1.6,1.6,1.2,1.1,1.83,regular,occasional,none,5123d4e8b63fdcbb,1b679a3e72cee1a1,da1b0302b03238d8,Collected experimental data; derived measurement fields retained as recorded
OBS0099,P007,SP007-1,C,1,Traditional,TP03,B,Purchase Order Fulfilment,3,2026-03-24T16:32:17,2026-03-24T17:10:22,2284.5,38.08,False,20,17,3,6,6.1,69.1,115,60,1.6,1.6,1.2,1.1,1.83,regular,occasional,none,5123d4e8b63fdcbb,1b679a3e72cee1a1,da1b0302b03238d8,Collected experimental data; derived measurement fields retained as recorded
OBS0100,P007,SP007-1,C,1,Traditional,TP04,B,Expense Reimbursement,4,2026-03-24T17:28:22,2026-03-24T18:13:50,2727.6,45.46,False,24,22,2,4,6.8,71.9,116,65,1.6,1.6,1.2,1.1,1.83,regular,occasional,none,5123d4e8b63fdcbb,1b679a3e72cee1a1,da1b0302b03238d8,Collected experimental data; derived measurement fields retained as recorded
OBS0101,P007,SP007-1,C,1,Traditional,TP05,B,Shipping Rate Service,5,2026-03-24T19:04:50,2026-03-24T19:44:43,2393.4,39.89,False,22,19,3,4,6.2,72.3,120,65,1.6,1.6,1.2,1.1,1.83,regular,occasional,none,5123d4e8b63fdcbb,1b679a3e72cee1a1,da1b0302b03238d8,Collected experimental data; derived measurement fields retained as recorded
OBS0102,P007,SP007-1,C,1,Traditional,TP06,B,Product Catalog Import,6,2026-03-24T20:07:43,2026-03-24T20:48:36,2452.7,40.88,False,18,17,1,5,6.2,68.0,130,65,1.6,1.6,1.2,1.1,1.83,regular,occasional,none,5123d4e8b63fdcbb,1b679a3e72cee1a1,da1b0302b03238d8,Collected experimental data; derived measurement fields retained as recorded
OBS0103,P007,SP007-1,C,1,Traditional,TP07,B,Alert Subscriptions,7,2026-03-24T21:04:36,2026-03-24T21:51:36,2819.6,46.99,False,20,16,4,4,6.6,68.6,122,70,1.6,1.6,1.2,1.1,1.83,regular,occasional,none,5123d4e8b63fdcbb,1b679a3e72cee1a1,da1b0302b03238d8,Collected experimental data; derived measurement fields retained as recorded
OBS0104,P007,SP007-1,C,1,Traditional,TP08,B,Support Ticket SLA,8,2026-03-24T22:11:36,2026-03-24T22:53:33,2516.8,41.95,False,20,17,3,5,6.4,72.8,105,75,1.6,1.6,1.2,1.1,1.83,regular,occasional,none,5123d4e8b63fdcbb,1b679a3e72cee1a1,da1b0302b03238d8,Collected experimental data; derived measurement fields retained as recorded
OBS0105,P007,SP007-2,C,2,AI,TP01,A,Equipment Maintenance API,1,2026-04-14T15:55:00,2026-04-14T16:24:40,1780.5,29.68,False,22,21,1,3,6.3,79.1,121,50,1.6,1.6,1.2,1.1,1.83,regular,occasional,none,5123d4e8b63fdcbb,1b679a3e72cee1a1,da1b0302b03238d8,Collected experimental data; derived measurement fields retained as recorded
OBS0106,P007,SP007-2,C,2,AI,TP02,A,Project Access Policy,2,2026-04-14T16:38:40,2026-04-14T17:10:48,1927.7,32.13,False,22,19,3,3,4.1,81.0,134,50,1.6,1.6,1.2,1.1,1.83,regular,occasional,none,5123d4e8b63fdcbb,1b679a3e72cee1a1,da1b0302b03238d8,Collected experimental data; derived measurement fields retained as recorded
OBS0107,P007,SP007-2,C,2,AI,TP03,A,Invoice Aging,3,2026-04-14T17:25:48,2026-04-14T17:55:48,1799.9,30.0,False,20,19,1,2,5.3,81.8,148,50,1.6,1.6,1.2,1.1,1.83,regular,occasional,none,5123d4e8b63fdcbb,1b679a3e72cee1a1,da1b0302b03238d8,Collected experimental data; derived measurement fields retained as recorded
OBS0108,P007,SP007-2,C,2,AI,TP04,A,Leave Approval,4,2026-04-14T18:15:48,2026-04-14T18:50:10,2062.2,34.37,False,18,15,3,3,5.0,81.6,153,55,1.6,1.6,1.2,1.1,1.83,regular,occasional,none,5123d4e8b63fdcbb,1b679a3e72cee1a1,da1b0302b03238d8,Collected experimental data; derived measurement fields retained as recorded
OBS0109,P007,SP007-2,C,2,AI,TP05,A,Currency Rate Service,5,2026-04-14T19:41:10,2026-04-14T20:19:08,2278.2,37.97,False,20,19,1,5,5.0,76.6,138,55,1.6,1.6,1.2,1.1,1.83,regular,occasional,none,5123d4e8b63fdcbb,1b679a3e72cee1a1,da1b0302b03238d8,Collected experimental data; derived measurement fields retained as recorded
OBS0110,P007,SP007-2,C,2,AI,TP06,A,Employee Import,6,2026-04-14T20:38:08,2026-04-14T21:17:18,2350.1,39.17,False,22,20,2,4,6.0,76.8,153,50,1.6,1.6,1.2,1.1,1.83,regular,occasional,none,5123d4e8b63fdcbb,1b679a3e72cee1a1,da1b0302b03238d8,Collected experimental data; derived measurement fields retained as recorded
OBS0111,P007,SP007-2,C,2,AI,TP07,A,Notification Preferences,7,2026-04-14T21:33:18,2026-04-14T22:13:24,2406.2,40.1,False,24,23,1,4,5.7,72.5,127,50,1.6,1.6,1.2,1.1,1.83,regular,occasional,none,5123d4e8b63fdcbb,1b679a3e72cee1a1,da1b0302b03238d8,Collected experimental data; derived measurement fields retained as recorded
OBS0112,P007,SP007-2,C,2,AI,TP08,A,Resource Utilization,8,2026-04-14T22:38:24,2026-04-14T23:18:30,2406.1,40.1,False,20,19,1,4,4.9,79.3,156,50,1.6,1.6,1.2,1.1,1.83,regular,occasional,none,5123d4e8b63fdcbb,1b679a3e72cee1a1,da1b0302b03238d8,Collected experimental data; derived measurement fields retained as recorded
OBS0113,P008,SP008-1,D,1,AI,TP01,B,Supplier Contract API,1,2026-03-25T15:36:00,2026-03-25T16:04:49,1729.0,28.82,False,20,16,4,7,5.6,68.3,143,65,3.7,4.8,3.6,3.0,1.91,occasional,regular,none,5123d4e8b63fdcbb,1b679a3e72cee1a1,da1b0302b03238d8,Collected experimental data; derived measurement fields retained as recorded
OBS0114,P008,SP008-1,D,1,AI,TP02,B,Document Access Policy,2,2026-03-25T16:17:49,2026-03-25T16:47:11,1762.0,29.37,False,20,12,8,2,4.9,70.0,125,70,3.7,4.8,3.6,3.0,1.91,occasional,regular,none,5123d4e8b63fdcbb,1b679a3e72cee1a1,da1b0302b03238d8,Collected experimental data; derived measurement fields retained as recorded
OBS0115,P008,SP008-1,D,1,AI,TP03,B,Purchase Order Fulfilment,3,2026-03-25T17:05:11,2026-03-25T17:35:03,1792.3,29.87,False,20,15,5,4,5.2,67.3,122,65,3.7,4.8,3.6,3.0,1.91,occasional,regular,none,5123d4e8b63fdcbb,1b679a3e72cee1a1,da1b0302b03238d8,Collected experimental data; derived measurement fields retained as recorded
OBS0116,P008,SP008-1,D,1,AI,TP04,B,Expense Reimbursement,4,2026-03-25T17:52:03,2026-03-25T18:30:43,2320.3,38.67,False,20,16,4,5,6.0,71.5,144,70,3.7,4.8,3.6,3.0,1.91,occasional,regular,none,5123d4e8b63fdcbb,1b679a3e72cee1a1,da1b0302b03238d8,Collected experimental data; derived measurement fields retained as recorded
OBS0117,P008,SP008-1,D,1,AI,TP05,B,Shipping Rate Service,5,2026-03-25T19:16:43,2026-03-25T19:59:16,2553.1,42.55,False,20,16,4,3,5.4,79.4,149,70,3.7,4.8,3.6,3.0,1.91,occasional,regular,none,5123d4e8b63fdcbb,1b679a3e72cee1a1,da1b0302b03238d8,Collected experimental data; derived measurement fields retained as recorded
OBS0118,P008,SP008-1,D,1,AI,TP06,B,Product Catalog Import,6,2026-03-25T20:25:16,2026-03-25T21:02:21,2224.8,37.08,False,20,18,2,6,4.9,77.5,148,55,3.7,4.8,3.6,3.0,1.91,occasional,regular,ide_restart,5123d4e8b63fdcbb,1b679a3e72cee1a1,da1b0302b03238d8,Collected experimental data; derived measurement fields retained as recorded
OBS0119,P008,SP008-1,D,1,AI,TP07,B,Alert Subscriptions,7,2026-03-25T21:23:21,2026-03-25T22:13:04,2983.3,49.72,False,20,16,4,5,5.0,68.7,121,70,3.7,4.8,3.6,3.0,1.91,occasional,regular,none,5123d4e8b63fdcbb,1b679a3e72cee1a1,da1b0302b03238d8,Collected experimental data; derived measurement fields retained as recorded
OBS0120,P008,SP008-1,D,1,AI,TP08,B,Support Ticket SLA,8,2026-03-25T22:33:04,2026-03-25T23:04:46,1902.2,31.7,False,20,17,3,5,5.8,79.8,152,70,3.7,4.8,3.6,3.0,1.91,occasional,regular,none,5123d4e8b63fdcbb,1b679a3e72cee1a1,da1b0302b03238d8,Collected experimental data; derived measurement fields retained as recorded
OBS0121,P008,SP008-2,D,2,Traditional,TP01,A,Equipment Maintenance API,1,2026-04-20T10:24:00,2026-04-20T11:06:23,2543.1,42.38,False,20,17,3,6,6.3,63.7,120,75,3.7,4.8,3.6,3.0,1.91,occasional,regular,none,5123d4e8b63fdcbb,1b679a3e72cee1a1,da1b0302b03238d8,Collected experimental data; derived measurement fields retained as recorded
OBS0122,P008,SP008-2,D,2,Traditional,TP02,A,Project Access Policy,2,2026-04-20T11:24:23,2026-04-20T12:12:02,2858.7,47.64,False,20,14,6,6,6.7,61.2,135,80,3.7,4.8,3.6,3.0,1.91,occasional,regular,none,5123d4e8b63fdcbb,1b679a3e72cee1a1,da1b0302b03238d8,Collected experimental data; derived measurement fields retained as recorded
OBS0123,P008,SP008-2,D,2,Traditional,TP03,A,Invoice Aging,3,2026-04-20T12:29:02,2026-04-20T13:13:40,2678.3,44.64,False,22,22,0,8,6.3,70.4,141,80,3.7,4.8,3.6,3.0,1.91,occasional,regular,none,5123d4e8b63fdcbb,1b679a3e72cee1a1,da1b0302b03238d8,Collected experimental data; derived measurement fields retained as recorded
OBS0124,P008,SP008-2,D,2,Traditional,TP04,A,Leave Approval,4,2026-04-20T13:29:40,2026-04-20T14:09:58,2418.1,40.3,False,22,14,8,7,6.7,69.0,135,80,3.7,4.8,3.6,3.0,1.91,occasional,regular,none,5123d4e8b63fdcbb,1b679a3e72cee1a1,da1b0302b03238d8,Collected experimental data; derived measurement fields retained as recorded
OBS0125,P008,SP008-2,D,2,Traditional,TP05,A,Currency Rate Service,5,2026-04-20T15:10:58,2026-04-20T16:09:39,3521.5,58.69,False,20,17,3,6,6.2,68.2,127,80,3.7,4.8,3.6,3.0,1.91,occasional,regular,none,5123d4e8b63fdcbb,1b679a3e72cee1a1,da1b0302b03238d8,Collected experimental data; derived measurement fields retained as recorded
OBS0126,P008,SP008-2,D,2,Traditional,TP06,A,Employee Import,6,2026-04-20T16:31:39,2026-04-20T17:15:49,2649.8,44.16,False,22,14,8,4,6.4,64.2,131,85,3.7,4.8,3.6,3.0,1.91,occasional,regular,none,5123d4e8b63fdcbb,1b679a3e72cee1a1,da1b0302b03238d8,Collected experimental data; derived measurement fields retained as recorded
OBS0127,P008,SP008-2,D,2,Traditional,TP07,A,Notification Preferences,7,2026-04-20T17:35:49,2026-04-20T18:34:28,3518.9,58.65,False,20,19,1,6,6.3,72.6,126,80,3.7,4.8,3.6,3.0,1.91,occasional,regular,none,5123d4e8b63fdcbb,1b679a3e72cee1a1,da1b0302b03238d8,Collected experimental data; derived measurement fields retained as recorded
OBS0128,P008,SP008-2,D,2,Traditional,TP08,A,Resource Utilization,8,2026-04-20T18:54:28,2026-04-20T19:40:48,2780.2,46.34,False,22,21,1,4,5.2,70.0,132,80,3.7,4.8,3.6,3.0,1.91,occasional,regular,none,5123d4e8b63fdcbb,1b679a3e72cee1a1,da1b0302b03238d8,Collected experimental data; derived measurement fields retained as recorded
OBS0129,P009,SP009-1,A,1,Traditional,TP01,A,Equipment Maintenance API,1,2026-03-30T10:20:00,2026-03-30T10:50:46,1846.5,30.78,False,18,12,6,4,5.8,64.2,128,60,6.4,9.4,5.4,9.4,3.42,extensive,extensive,none,5123d4e8b63fdcbb,1b679a3e72cee1a1,da1b0302b03238d8,Collected experimental data; derived measurement fields retained as recorded
OBS0130,P009,SP009-1,A,1,Traditional,TP02,A,Project Access Policy,2,2026-03-30T11:08:46,2026-03-30T11:44:52,2165.9,36.1,False,20,15,5,5,5.8,64.8,106,70,6.4,9.4,5.4,9.4,3.42,extensive,extensive,none,5123d4e8b63fdcbb,1b679a3e72cee1a1,da1b0302b03238d8,Collected experimental data; derived measurement fields retained as recorded
OBS0131,P009,SP009-1,A,1,Traditional,TP03,A,Invoice Aging,3,2026-03-30T11:57:52,2026-03-30T12:35:54,2281.7,38.03,False,20,19,1,7,5.4,69.4,135,70,6.4,9.4,5.4,9.4,3.42,extensive,extensive,none,5123d4e8b63fdcbb,1b679a3e72cee1a1,da1b0302b03238d8,Collected experimental data; derived measurement fields retained as recorded
OBS0132,P009,SP009-1,A,1,Traditional,TP04,A,Leave Approval,4,2026-03-30T12:49:54,2026-03-30T13:32:52,2578.1,42.97,False,22,20,2,6,6.1,73.9,110,65,6.4,9.4,5.4,9.4,3.42,extensive,extensive,none,5123d4e8b63fdcbb,1b679a3e72cee1a1,da1b0302b03238d8,Collected experimental data; derived measurement fields retained as recorded
OBS0133,P009,SP009-1,A,1,Traditional,TP05,A,Currency Rate Service,5,2026-03-30T14:18:52,2026-03-30T15:00:45,2512.8,41.88,False,22,18,4,5,6.3,69.9,117,65,6.4,9.4,5.4,9.4,3.42,extensive,extensive,ide_restart,5123d4e8b63fdcbb,1b679a3e72cee1a1,da1b0302b03238d8,Collected experimental data; derived measurement fields retained as recorded
OBS0134,P009,SP009-1,A,1,Traditional,TP06,A,Employee Import,6,2026-03-30T15:21:45,2026-03-30T16:00:53,2347.9,39.13,False,24,22,2,5,6.0,74.7,114,70,6.4,9.4,5.4,9.4,3.42,extensive,extensive,none,5123d4e8b63fdcbb,1b679a3e72cee1a1,da1b0302b03238d8,Collected experimental data; derived measurement fields retained as recorded
OBS0135,P009,SP009-1,A,1,Traditional,TP07,A,Notification Preferences,7,2026-03-30T16:24:53,2026-03-30T17:12:15,2841.8,47.36,False,20,14,6,5,6.6,73.6,111,70,6.4,9.4,5.4,9.4,3.42,extensive,extensive,none,5123d4e8b63fdcbb,1b679a3e72cee1a1,da1b0302b03238d8,Collected experimental data; derived measurement fields retained as recorded
OBS0136,P009,SP009-1,A,1,Traditional,TP08,A,Resource Utilization,8,2026-03-30T17:37:15,2026-03-30T18:19:47,2552.0,42.53,False,22,19,3,3,5.4,73.4,120,75,6.4,9.4,5.4,9.4,3.42,extensive,extensive,none,5123d4e8b63fdcbb,1b679a3e72cee1a1,da1b0302b03238d8,Collected experimental data; derived measurement fields retained as recorded
OBS0137,P009,SP009-2,A,2,AI,TP01,B,Supplier Contract API,1,2026-04-27T14:24:00,2026-04-27T14:52:24,1704.5,28.41,False,20,17,3,4,5.2,81.1,135,60,6.4,9.4,5.4,9.4,3.42,extensive,extensive,none,5123d4e8b63fdcbb,1b679a3e72cee1a1,da1b0302b03238d8,Collected experimental data; derived measurement fields retained as recorded
OBS0138,P009,SP009-2,A,2,AI,TP02,B,Document Access Policy,2,2026-04-27T15:07:24,2026-04-27T15:37:27,1803.5,30.06,False,20,15,5,5,4.5,76.9,111,60,6.4,9.4,5.4,9.4,3.42,extensive,extensive,none,5123d4e8b63fdcbb,1b679a3e72cee1a1,da1b0302b03238d8,Collected experimental data; derived measurement fields retained as recorded
OBS0139,P009,SP009-2,A,2,AI,TP03,B,Purchase Order Fulfilment,3,2026-04-27T15:54:27,2026-04-27T16:32:11,2263.9,37.73,False,20,18,2,4,5.0,81.6,124,60,6.4,9.4,5.4,9.4,3.42,extensive,extensive,none,5123d4e8b63fdcbb,1b679a3e72cee1a1,da1b0302b03238d8,Collected experimental data; derived measurement fields retained as recorded
OBS0140,P009,SP009-2,A,2,AI,TP04,B,Expense Reimbursement,4,2026-04-27T16:52:11,2026-04-27T17:30:23,2292.0,38.2,False,22,18,4,3,4.9,80.7,118,60,6.4,9.4,5.4,9.4,3.42,extensive,extensive,none,5123d4e8b63fdcbb,1b679a3e72cee1a1,da1b0302b03238d8,Collected experimental data; derived measurement fields retained as recorded
OBS0141,P009,SP009-2,A,2,AI,TP05,B,Shipping Rate Service,5,2026-04-27T18:15:23,2026-04-27T18:55:10,2387.5,39.79,False,20,18,2,5,4.8,78.1,120,65,6.4,9.4,5.4,9.4,3.42,extensive,extensive,none,5123d4e8b63fdcbb,1b679a3e72cee1a1,da1b0302b03238d8,Collected experimental data; derived measurement fields retained as recorded
OBS0142,P009,SP009-2,A,2,AI,TP06,B,Product Catalog Import,6,2026-04-27T19:15:10,2026-04-27T19:42:09,1619.1,26.98,False,22,20,2,3,3.6,75.0,124,65,6.4,9.4,5.4,9.4,3.42,extensive,extensive,none,5123d4e8b63fdcbb,1b679a3e72cee1a1,da1b0302b03238d8,Collected experimental data; derived measurement fields retained as recorded
OBS0143,P009,SP009-2,A,2,AI,TP07,B,Alert Subscriptions,7,2026-04-27T20:01:09,2026-04-27T20:44:03,2573.8,42.9,False,20,18,2,4,5.1,71.3,138,60,6.4,9.4,5.4,9.4,3.42,extensive,extensive,none,5123d4e8b63fdcbb,1b679a3e72cee1a1,da1b0302b03238d8,Collected experimental data; derived measurement fields retained as recorded
OBS0144,P009,SP009-2,A,2,AI,TP08,B,Support Ticket SLA,8,2026-04-27T21:01:03,2026-04-27T21:39:54,2331.2,38.85,False,22,22,0,3,4.9,81.4,140,70,6.4,9.4,5.4,9.4,3.42,extensive,extensive,none,5123d4e8b63fdcbb,1b679a3e72cee1a1,da1b0302b03238d8,Collected experimental data; derived measurement fields retained as recorded
OBS0145,P010,SP010-1,B,1,AI,TP01,A,Equipment Maintenance API,1,2026-03-30T14:35:00,2026-03-30T15:12:22,2242.5,37.38,False,20,18,2,4,6.4,70.7,111,50,2.0,1.8,0.5,1.0,2.2,regular,regular,none,5123d4e8b63fdcbb,1b679a3e72cee1a1,da1b0302b03238d8,Collected experimental data; derived measurement fields retained as recorded
OBS0146,P010,SP010-1,B,1,AI,TP02,A,Project Access Policy,2,2026-03-30T15:29:22,2026-03-30T16:06:51,2248.8,37.48,False,20,19,1,5,5.7,67.2,144,70,2.0,1.8,0.5,1.0,2.2,regular,regular,none,5123d4e8b63fdcbb,1b679a3e72cee1a1,da1b0302b03238d8,Collected experimental data; derived measurement fields retained as recorded
OBS0147,P010,SP010-1,B,1,AI,TP03,A,Invoice Aging,3,2026-03-30T16:23:51,2026-03-30T17:31:22,4050.7,67.51,False,20,17,3,4,6.1,69.5,158,60,2.0,1.8,0.5,1.0,2.2,regular,regular,none,5123d4e8b63fdcbb,1b679a3e72cee1a1,da1b0302b03238d8,Collected experimental data; derived measurement fields retained as recorded
OBS0148,P010,SP010-1,B,1,AI,TP04,A,Leave Approval,4,2026-03-30T17:55:22,2026-03-30T18:44:07,2925.0,48.75,False,20,17,3,3,5.6,64.1,153,70,2.0,1.8,0.5,1.0,2.2,regular,regular,none,5123d4e8b63fdcbb,1b679a3e72cee1a1,da1b0302b03238d8,Collected experimental data; derived measurement fields retained as recorded
OBS0149,P010,SP010-1,B,1,AI,TP05,A,Currency Rate Service,5,2026-03-30T19:29:07,2026-03-30T20:24:12,3304.6,55.08,False,22,18,4,4,5.4,68.4,145,70,2.0,1.8,0.5,1.0,2.2,regular,regular,none,5123d4e8b63fdcbb,1b679a3e72cee1a1,da1b0302b03238d8,Collected experimental data; derived measurement fields retained as recorded
OBS0150,P010,SP010-1,B,1,AI,TP06,A,Employee Import,6,2026-03-30T20:40:12,2026-03-30T21:19:31,2359.2,39.32,False,20,18,2,3,6.5,64.5,141,75,2.0,1.8,0.5,1.0,2.2,regular,regular,none,5123d4e8b63fdcbb,1b679a3e72cee1a1,da1b0302b03238d8,Collected experimental data; derived measurement fields retained as recorded
OBS0151,P010,SP010-1,B,1,AI,TP07,A,Notification Preferences,7,2026-03-30T21:39:31,2026-03-30T22:32:44,3193.2,53.22,False,24,22,2,5,5.8,75.0,164,60,2.0,1.8,0.5,1.0,2.2,regular,regular,none,5123d4e8b63fdcbb,1b679a3e72cee1a1,da1b0302b03238d8,Collected experimental data; derived measurement fields retained as recorded
OBS0152,P010,SP010-1,B,1,AI,TP08,A,Resource Utilization,8,2026-03-30T22:53:44,2026-03-30T23:45:45,3121.0,52.02,False,20,17,3,4,6.0,70.8,135,65,2.0,1.8,0.5,1.0,2.2,regular,regular,none,5123d4e8b63fdcbb,1b679a3e72cee1a1,da1b0302b03238d8,Collected experimental data; derived measurement fields retained as recorded
OBS0153,P010,SP010-2,B,2,Traditional,TP01,B,Supplier Contract API,1,2026-04-29T14:38:00,2026-04-29T15:25:56,2876.1,47.93,False,20,14,6,6,7.1,67.9,148,80,2.0,1.8,0.5,1.0,2.2,regular,regular,none,5123d4e8b63fdcbb,1b679a3e72cee1a1,da1b0302b03238d8,Collected experimental data; derived measurement fields retained as recorded
OBS0154,P010,SP010-2,B,2,Traditional,TP02,B,Document Access Policy,2,2026-04-29T15:43:56,2026-04-29T16:34:46,3050.1,50.84,False,22,15,7,6,6.7,64.1,140,80,2.0,1.8,0.5,1.0,2.2,regular,regular,none,5123d4e8b63fdcbb,1b679a3e72cee1a1,da1b0302b03238d8,Collected experimental data; derived measurement fields retained as recorded
OBS0155,P010,SP010-2,B,2,Traditional,TP03,B,Purchase Order Fulfilment,3,2026-04-29T16:49:46,2026-04-29T17:40:18,3032.3,50.54,False,24,15,9,6,6.5,60.5,132,80,2.0,1.8,0.5,1.0,2.2,regular,regular,none,5123d4e8b63fdcbb,1b679a3e72cee1a1,da1b0302b03238d8,Collected experimental data; derived measurement fields retained as recorded
OBS0156,P010,SP010-2,B,2,Traditional,TP04,B,Expense Reimbursement,4,2026-04-29T17:56:18,2026-04-29T18:44:38,2900.1,48.34,False,20,16,4,4,6.8,63.3,133,80,2.0,1.8,0.5,1.0,2.2,regular,regular,none,5123d4e8b63fdcbb,1b679a3e72cee1a1,da1b0302b03238d8,Collected experimental data; derived measurement fields retained as recorded
OBS0157,P010,SP010-2,B,2,Traditional,TP05,B,Shipping Rate Service,5,2026-04-29T19:25:38,2026-04-29T20:17:17,3099.3,51.66,False,22,17,5,6,6.4,63.2,123,85,2.0,1.8,0.5,1.0,2.2,regular,regular,none,5123d4e8b63fdcbb,1b679a3e72cee1a1,da1b0302b03238d8,Collected experimental data; derived measurement fields retained as recorded
OBS0158,P010,SP010-2,B,2,Traditional,TP06,B,Product Catalog Import,6,2026-04-29T20:36:17,2026-04-29T21:20:46,2669.0,44.48,False,22,17,5,7,5.9,58.9,153,85,2.0,1.8,0.5,1.0,2.2,regular,regular,brief_network_interruption,5123d4e8b63fdcbb,1b679a3e72cee1a1,da1b0302b03238d8,Collected experimental data; derived measurement fields retained as recorded
OBS0159,P010,SP010-2,B,2,Traditional,TP07,B,Alert Subscriptions,7,2026-04-29T21:46:46,2026-04-29T22:42:39,3352.9,55.88,False,20,17,3,6,5.8,65.6,133,85,2.0,1.8,0.5,1.0,2.2,regular,regular,none,5123d4e8b63fdcbb,1b679a3e72cee1a1,da1b0302b03238d8,Collected experimental data; derived measurement fields retained as recorded
OBS0160,P010,SP010-2,B,2,Traditional,TP08,B,Support Ticket SLA,8,2026-04-29T23:03:39,2026-04-29T23:59:12,3332.7,55.54,False,22,18,4,5,5.9,60.8,141,85,2.0,1.8,0.5,1.0,2.2,regular,regular,timer_pause_approved,5123d4e8b63fdcbb,1b679a3e72cee1a1,da1b0302b03238d8,Collected experimental data; derived measurement fields retained as recorded
OBS0161,P011,SP011-1,C,1,Traditional,TP01,B,Supplier Contract API,1,2026-03-31T14:36:00,2026-03-31T15:16:38,2437.6,40.63,False,22,19,3,6,6.0,69.8,127,85,4.3,4.3,3.9,3.4,1.36,occasional,occasional,none,5123d4e8b63fdcbb,1b679a3e72cee1a1,da1b0302b03238d8,Collected experimental data; derived measurement fields retained as recorded
OBS0162,P011,SP011-1,C,1,Traditional,TP02,B,Document Access Policy,2,2026-03-31T15:38:38,2026-03-31T16:20:07,2489.3,41.49,False,22,17,5,6,6.4,55.1,114,80,4.3,4.3,3.9,3.4,1.36,occasional,occasional,none,5123d4e8b63fdcbb,1b679a3e72cee1a1,da1b0302b03238d8,Collected experimental data; derived measurement fields retained as recorded
OBS0163,P011,SP011-1,C,1,Traditional,TP03,B,Purchase Order Fulfilment,3,2026-03-31T16:34:07,2026-03-31T17:18:03,2636.2,43.94,False,20,13,7,5,6.7,57.9,140,85,4.3,4.3,3.9,3.4,1.36,occasional,occasional,none,5123d4e8b63fdcbb,1b679a3e72cee1a1,da1b0302b03238d8,Collected experimental data; derived measurement fields retained as recorded
OBS0164,P011,SP011-1,C,1,Traditional,TP04,B,Expense Reimbursement,4,2026-03-31T17:37:03,2026-03-31T18:26:13,2949.6,49.16,False,20,16,4,5,6.3,63.8,144,80,4.3,4.3,3.9,3.4,1.36,occasional,occasional,none,5123d4e8b63fdcbb,1b679a3e72cee1a1,da1b0302b03238d8,Collected experimental data; derived measurement fields retained as recorded
OBS0165,P011,SP011-1,C,1,Traditional,TP05,B,Shipping Rate Service,5,2026-03-31T19:12:13,2026-03-31T19:55:52,2618.8,43.65,False,20,16,4,5,6.3,68.0,116,80,4.3,4.3,3.9,3.4,1.36,occasional,occasional,none,5123d4e8b63fdcbb,1b679a3e72cee1a1,da1b0302b03238d8,Collected experimental data; derived measurement fields retained as recorded
OBS0166,P011,SP011-1,C,1,Traditional,TP06,B,Product Catalog Import,6,2026-03-31T20:17:52,2026-03-31T21:08:56,3063.7,51.06,False,20,15,5,5,6.5,66.7,119,80,4.3,4.3,3.9,3.4,1.36,occasional,occasional,none,5123d4e8b63fdcbb,1b679a3e72cee1a1,da1b0302b03238d8,Collected experimental data; derived measurement fields retained as recorded
OBS0167,P011,SP011-1,C,1,Traditional,TP07,B,Alert Subscriptions,7,2026-03-31T21:32:56,2026-03-31T22:25:16,3140.0,52.33,False,22,18,4,4,6.8,63.3,134,75,4.3,4.3,3.9,3.4,1.36,occasional,occasional,none,5123d4e8b63fdcbb,1b679a3e72cee1a1,da1b0302b03238d8,Collected experimental data; derived measurement fields retained as recorded
OBS0168,P011,SP011-1,C,1,Traditional,TP08,B,Support Ticket SLA,8,2026-03-31T22:46:16,2026-03-31T23:41:36,3319.7,55.33,False,20,18,2,6,7.2,65.5,136,85,4.3,4.3,3.9,3.4,1.36,occasional,occasional,none,5123d4e8b63fdcbb,1b679a3e72cee1a1,da1b0302b03238d8,Collected experimental data; derived measurement fields retained as recorded
OBS0169,P011,SP011-2,C,2,AI,TP01,A,Equipment Maintenance API,1,2026-05-04T09:39:00,2026-05-04T10:05:54,1614.0,26.9,False,24,18,6,6,5.6,66.9,150,65,4.3,4.3,3.9,3.4,1.36,occasional,occasional,none,5123d4e8b63fdcbb,1b679a3e72cee1a1,da1b0302b03238d8,Collected experimental data; derived measurement fields retained as recorded
OBS0170,P011,SP011-2,C,2,AI,TP02,A,Project Access Policy,2,2026-05-04T10:27:54,2026-05-04T11:06:50,2336.4,38.94,False,22,20,2,6,5.4,71.0,130,65,4.3,4.3,3.9,3.4,1.36,occasional,occasional,none,5123d4e8b63fdcbb,1b679a3e72cee1a1,da1b0302b03238d8,Collected experimental data; derived measurement fields retained as recorded
OBS0171,P011,SP011-2,C,2,AI,TP03,A,Invoice Aging,3,2026-05-04T11:24:50,2026-05-04T11:56:00,1869.8,31.16,False,22,20,2,5,4.5,71.5,165,60,4.3,4.3,3.9,3.4,1.36,occasional,occasional,none,5123d4e8b63fdcbb,1b679a3e72cee1a1,da1b0302b03238d8,Collected experimental data; derived measurement fields retained as recorded
OBS0172,P011,SP011-2,C,2,AI,TP04,A,Leave Approval,4,2026-05-04T12:12:00,2026-05-04T12:48:37,2196.8,36.61,False,20,16,4,3,6.2,71.7,139,70,4.3,4.3,3.9,3.4,1.36,occasional,occasional,none,5123d4e8b63fdcbb,1b679a3e72cee1a1,da1b0302b03238d8,Collected experimental data; derived measurement fields retained as recorded
OBS0173,P011,SP011-2,C,2,AI,TP05,A,Currency Rate Service,5,2026-05-04T13:32:37,2026-05-04T14:05:27,1970.2,32.84,False,20,18,2,6,4.6,66.1,108,65,4.3,4.3,3.9,3.4,1.36,occasional,occasional,timer_pause_approved,5123d4e8b63fdcbb,1b679a3e72cee1a1,da1b0302b03238d8,Collected experimental data; derived measurement fields retained as recorded
OBS0174,P011,SP011-2,C,2,AI,TP06,A,Employee Import,6,2026-05-04T14:30:27,2026-05-04T15:05:19,2092.4,34.87,False,20,19,1,4,5.2,72.1,146,70,4.3,4.3,3.9,3.4,1.36,occasional,occasional,none,5123d4e8b63fdcbb,1b679a3e72cee1a1,da1b0302b03238d8,Collected experimental data; derived measurement fields retained as recorded
OBS0175,P011,SP011-2,C,2,AI,TP07,A,Notification Preferences,7,2026-05-04T15:25:19,2026-05-04T16:07:49,2550.3,42.5,False,20,17,3,4,4.8,67.0,150,75,4.3,4.3,3.9,3.4,1.36,occasional,occasional,none,5123d4e8b63fdcbb,1b679a3e72cee1a1,da1b0302b03238d8,Collected experimental data; derived measurement fields retained as recorded
OBS0176,P011,SP011-2,C,2,AI,TP08,A,Resource Utilization,8,2026-05-04T16:23:49,2026-05-04T17:08:32,2683.1,44.72,False,22,21,1,4,4.6,69.0,132,65,4.3,4.3,3.9,3.4,1.36,occasional,occasional,none,5123d4e8b63fdcbb,1b679a3e72cee1a1,da1b0302b03238d8,Collected experimental data; derived measurement fields retained as recorded
OBS0177,P012,SP012-1,D,1,AI,TP01,B,Supplier Contract API,1,2026-04-03T15:25:00,2026-04-03T16:00:33,2133.4,35.56,False,20,16,4,4,5.3,70.6,124,65,12.8,5.7,7.7,9.2,2.54,regular,extensive,timer_pause_approved,5123d4e8b63fdcbb,1b679a3e72cee1a1,da1b0302b03238d8,Collected experimental data; derived measurement fields retained as recorded
OBS0178,P012,SP012-1,D,1,AI,TP02,B,Document Access Policy,2,2026-04-03T16:17:33,2026-04-03T16:53:25,2152.1,35.87,False,20,19,1,5,6.3,73.1,132,65,12.8,5.7,7.7,9.2,2.54,regular,extensive,none,5123d4e8b63fdcbb,1b679a3e72cee1a1,da1b0302b03238d8,Collected experimental data; derived measurement fields retained as recorded
OBS0179,P012,SP012-1,D,1,AI,TP03,B,Purchase Order Fulfilment,3,2026-04-03T17:12:25,2026-04-03T17:44:53,1948.5,32.48,False,18,15,3,3,4.7,75.4,147,70,12.8,5.7,7.7,9.2,2.54,regular,extensive,none,5123d4e8b63fdcbb,1b679a3e72cee1a1,da1b0302b03238d8,Collected experimental data; derived measurement fields retained as recorded
OBS0180,P012,SP012-1,D,1,AI,TP04,B,Expense Reimbursement,4,2026-04-03T18:03:53,2026-04-03T18:40:02,2168.8,36.15,False,20,16,4,5,4.9,72.1,139,75,12.8,5.7,7.7,9.2,2.54,regular,extensive,none,5123d4e8b63fdcbb,1b679a3e72cee1a1,da1b0302b03238d8,Collected experimental data; derived measurement fields retained as recorded
OBS0181,P012,SP012-1,D,1,AI,TP05,B,Shipping Rate Service,5,2026-04-03T19:40:02,2026-04-03T20:13:43,2020.7,33.68,False,20,15,5,6,5.4,83.2,138,65,12.8,5.7,7.7,9.2,2.54,regular,extensive,none,5123d4e8b63fdcbb,1b679a3e72cee1a1,da1b0302b03238d8,Collected experimental data; derived measurement fields retained as recorded
OBS0182,P012,SP012-1,D,1,AI,TP06,B,Product Catalog Import,6,2026-04-03T20:31:43,2026-04-03T21:11:04,2361.3,39.36,False,20,16,4,5,4.8,78.2,143,75,12.8,5.7,7.7,9.2,2.54,regular,extensive,none,5123d4e8b63fdcbb,1b679a3e72cee1a1,da1b0302b03238d8,Collected experimental data; derived measurement fields retained as recorded
OBS0183,P012,SP012-1,D,1,AI,TP07,B,Alert Subscriptions,7,2026-04-03T21:27:04,2026-04-03T22:15:51,2927.2,48.79,False,20,18,2,6,4.4,66.8,162,75,12.8,5.7,7.7,9.2,2.54,regular,extensive,none,5123d4e8b63fdcbb,1b679a3e72cee1a1,da1b0302b03238d8,Collected experimental data; derived measurement fields retained as recorded
OBS0184,P012,SP012-1,D,1,AI,TP08,B,Support Ticket SLA,8,2026-04-03T22:36:51,2026-04-03T23:28:28,3096.5,51.61,False,20,18,2,4,5.5,74.6,127,70,12.8,5.7,7.7,9.2,2.54,regular,extensive,none,5123d4e8b63fdcbb,1b679a3e72cee1a1,da1b0302b03238d8,Collected experimental data; derived measurement fields retained as recorded
OBS0185,P012,SP012-2,D,2,Traditional,TP01,A,Equipment Maintenance API,1,2026-04-08T15:40:00,2026-04-08T16:23:26,2606.3,43.44,False,22,10,12,6,6.9,61.6,124,75,12.8,5.7,7.7,9.2,2.54,regular,extensive,none,5123d4e8b63fdcbb,1b679a3e72cee1a1,da1b0302b03238d8,Collected experimental data; derived measurement fields retained as recorded
OBS0186,P012,SP012-2,D,2,Traditional,TP02,A,Project Access Policy,2,2026-04-08T16:46:26,2026-04-08T17:32:30,2763.7,46.06,False,20,16,4,6,5.9,70.2,131,70,12.8,5.7,7.7,9.2,2.54,regular,extensive,none,5123d4e8b63fdcbb,1b679a3e72cee1a1,da1b0302b03238d8,Collected experimental data; derived measurement fields retained as recorded
OBS0187,P012,SP012-2,D,2,Traditional,TP03,A,Invoice Aging,3,2026-04-08T17:53:30,2026-04-08T18:42:14,2924.4,48.74,False,18,13,5,7,5.5,61.3,142,70,12.8,5.7,7.7,9.2,2.54,regular,extensive,none,5123d4e8b63fdcbb,1b679a3e72cee1a1,da1b0302b03238d8,Collected experimental data; derived measurement fields retained as recorded
OBS0188,P012,SP012-2,D,2,Traditional,TP04,A,Leave Approval,4,2026-04-08T19:02:14,2026-04-08T19:47:00,2686.0,44.77,False,22,16,6,5,5.7,67.2,145,80,12.8,5.7,7.7,9.2,2.54,regular,extensive,none,5123d4e8b63fdcbb,1b679a3e72cee1a1,da1b0302b03238d8,Collected experimental data; derived measurement fields retained as recorded
OBS0189,P012,SP012-2,D,2,Traditional,TP05,A,Currency Rate Service,5,2026-04-08T20:31:00,2026-04-08T21:21:46,3045.8,50.76,False,20,15,5,7,6.5,68.7,102,75,12.8,5.7,7.7,9.2,2.54,regular,extensive,none,5123d4e8b63fdcbb,1b679a3e72cee1a1,da1b0302b03238d8,Collected experimental data; derived measurement fields retained as recorded
OBS0190,P012,SP012-2,D,2,Traditional,TP06,A,Employee Import,6,2026-04-08T21:36:46,2026-04-08T22:14:10,2244.1,37.4,False,20,15,5,6,6.2,64.4,135,80,12.8,5.7,7.7,9.2,2.54,regular,extensive,none,5123d4e8b63fdcbb,1b679a3e72cee1a1,da1b0302b03238d8,Collected experimental data; derived measurement fields retained as recorded
OBS0191,P012,SP012-2,D,2,Traditional,TP07,A,Notification Preferences,7,2026-04-08T22:35:10,2026-04-08T23:24:27,2957.2,49.29,False,24,21,3,5,6.3,64.4,118,80,12.8,5.7,7.7,9.2,2.54,regular,extensive,none,5123d4e8b63fdcbb,1b679a3e72cee1a1,da1b0302b03238d8,Collected experimental data; derived measurement fields retained as recorded
OBS0192,P012,SP012-2,D,2,Traditional,TP08,A,Resource Utilization,8,2026-04-08T23:48:27,2026-04-09T00:36:25,2878.0,47.97,False,20,15,5,3,5.7,65.6,125,80,12.8,5.7,7.7,9.2,2.54,regular,extensive,none,5123d4e8b63fdcbb,1b679a3e72cee1a1,da1b0302b03238d8,Collected experimental data; derived measurement fields retained as recorded
OBS0193,P013,SP013-1,A,1,Traditional,TP01,A,Equipment Maintenance API,1,2026-04-06T14:07:00,2026-04-06T14:41:17,2057.3,34.29,False,22,19,3,6,6.5,73.9,115,65,1.1,1.5,0.6,0.9,1.68,occasional,regular,none,5123d4e8b63fdcbb,1b679a3e72cee1a1,da1b0302b03238d8,Collected experimental data; derived measurement fields retained as recorded
OBS0194,P013,SP013-1,A,1,Traditional,TP02,A,Project Access Policy,2,2026-04-06T14:59:17,2026-04-06T15:35:49,2191.8,36.53,False,18,16,2,5,5.9,70.3,119,65,1.1,1.5,0.6,0.9,1.68,occasional,regular,none,5123d4e8b63fdcbb,1b679a3e72cee1a1,da1b0302b03238d8,Collected experimental data; derived measurement fields retained as recorded
OBS0195,P013,SP013-1,A,1,Traditional,TP03,A,Invoice Aging,3,2026-04-06T15:55:49,2026-04-06T16:32:19,2190.4,36.51,False,20,11,9,5,6.7,67.0,116,75,1.1,1.5,0.6,0.9,1.68,occasional,regular,none,5123d4e8b63fdcbb,1b679a3e72cee1a1,da1b0302b03238d8,Collected experimental data; derived measurement fields retained as recorded
OBS0196,P013,SP013-1,A,1,Traditional,TP04,A,Leave Approval,4,2026-04-06T16:48:19,2026-04-06T17:28:33,2413.5,40.22,False,20,17,3,5,5.9,74.0,104,70,1.1,1.5,0.6,0.9,1.68,occasional,regular,none,5123d4e8b63fdcbb,1b679a3e72cee1a1,da1b0302b03238d8,Collected experimental data; derived measurement fields retained as recorded
OBS0197,P013,SP013-1,A,1,Traditional,TP05,A,Currency Rate Service,5,2026-04-06T18:12:33,2026-04-06T19:00:43,2890.1,48.17,False,22,19,3,6,5.8,67.2,129,70,1.1,1.5,0.6,0.9,1.68,occasional,regular,none,5123d4e8b63fdcbb,1b679a3e72cee1a1,da1b0302b03238d8,Collected experimental data; derived measurement fields retained as recorded
OBS0198,P013,SP013-1,A,1,Traditional,TP06,A,Employee Import,6,2026-04-06T19:20:43,2026-04-06T19:56:46,2162.6,36.04,False,20,17,3,4,6.0,72.4,118,75,1.1,1.5,0.6,0.9,1.68,occasional,regular,none,5123d4e8b63fdcbb,1b679a3e72cee1a1,da1b0302b03238d8,Collected experimental data; derived measurement fields retained as recorded
OBS0199,P013,SP013-1,A,1,Traditional,TP07,A,Notification Preferences,7,2026-04-06T20:18:46,2026-04-06T21:05:01,2774.8,46.25,False,20,19,1,5,5.5,69.2,118,70,1.1,1.5,0.6,0.9,1.68,occasional,regular,none,5123d4e8b63fdcbb,1b679a3e72cee1a1,da1b0302b03238d8,Collected experimental data; derived measurement fields retained as recorded
OBS0200,P013,SP013-1,A,1,Traditional,TP08,A,Resource Utilization,8,2026-04-06T21:24:01,2026-04-06T22:08:44,2682.9,44.72,False,22,16,6,5,6.5,67.2,114,80,1.1,1.5,0.6,0.9,1.68,occasional,regular,none,5123d4e8b63fdcbb,1b679a3e72cee1a1,da1b0302b03238d8,Collected experimental data; derived measurement fields retained as recorded
OBS0201,P013,SP013-2,A,2,AI,TP01,B,Supplier Contract API,1,2026-04-16T08:54:00,2026-04-16T09:21:03,1623.1,27.05,False,22,20,2,6,4.4,76.2,145,60,1.1,1.5,0.6,0.9,1.68,occasional,regular,none,5123d4e8b63fdcbb,1b679a3e72cee1a1,da1b0302b03238d8,Collected experimental data; derived measurement fields retained as recorded
OBS0202,P013,SP013-2,A,2,AI,TP02,B,Document Access Policy,2,2026-04-16T09:34:03,2026-04-16T10:05:07,1863.5,31.06,False,22,21,1,4,5.6,80.9,128,50,1.1,1.5,0.6,0.9,1.68,occasional,regular,none,5123d4e8b63fdcbb,1b679a3e72cee1a1,da1b0302b03238d8,Collected experimental data; derived measurement fields retained as recorded
OBS0203,P013,SP013-2,A,2,AI,TP03,B,Purchase Order Fulfilment,3,2026-04-16T10:21:07,2026-04-16T10:47:16,1569.0,26.15,False,22,15,7,3,4.8,78.8,123,55,1.1,1.5,0.6,0.9,1.68,occasional,regular,none,5123d4e8b63fdcbb,1b679a3e72cee1a1,da1b0302b03238d8,Collected experimental data; derived measurement fields retained as recorded
OBS0204,P013,SP013-2,A,2,AI,TP04,B,Expense Reimbursement,4,2026-04-16T11:08:16,2026-04-16T11:39:54,1897.9,31.63,False,18,15,3,4,5.4,76.6,146,60,1.1,1.5,0.6,0.9,1.68,occasional,regular,none,5123d4e8b63fdcbb,1b679a3e72cee1a1,da1b0302b03238d8,Collected experimental data; derived measurement fields retained as recorded
OBS0205,P013,SP013-2,A,2,AI,TP05,B,Shipping Rate Service,5,2026-04-16T12:30:54,2026-04-16T13:08:15,2241.3,37.36,False,20,18,2,4,5.6,77.8,151,60,1.1,1.5,0.6,0.9,1.68,occasional,regular,none,5123d4e8b63fdcbb,1b679a3e72cee1a1,da1b0302b03238d8,Collected experimental data; derived measurement fields retained as recorded
OBS0206,P013,SP013-2,A,2,AI,TP06,B,Product Catalog Import,6,2026-04-16T13:23:15,2026-04-16T13:51:07,1672.4,27.87,False,20,18,2,5,4.4,83.4,137,60,1.1,1.5,0.6,0.9,1.68,occasional,regular,none,5123d4e8b63fdcbb,1b679a3e72cee1a1,da1b0302b03238d8,Collected experimental data; derived measurement fields retained as recorded
OBS0207,P013,SP013-2,A,2,AI,TP07,B,Alert Subscriptions,7,2026-04-16T14:14:07,2026-04-16T14:54:44,2437.2,40.62,False,24,23,1,5,5.8,77.6,170,55,1.1,1.5,0.6,0.9,1.68,occasional,regular,none,5123d4e8b63fdcbb,1b679a3e72cee1a1,da1b0302b03238d8,Collected experimental data; derived measurement fields retained as recorded
OBS0208,P013,SP013-2,A,2,AI,TP08,B,Support Ticket SLA,8,2026-04-16T15:12:44,2026-04-16T15:42:45,1801.0,30.02,False,20,17,3,2,5.4,75.0,155,55,1.1,1.5,0.6,0.9,1.68,occasional,regular,timer_pause_approved,5123d4e8b63fdcbb,1b679a3e72cee1a1,da1b0302b03238d8,Collected experimental data; derived measurement fields retained as recorded
OBS0209,P014,SP014-1,B,1,AI,TP01,A,Equipment Maintenance API,1,2026-04-06T08:37:00,2026-04-06T09:18:22,2482.4,41.37,False,24,20,4,6,5.4,72.1,119,55,4.1,4.5,3.5,1.3,2.48,regular,extensive,none,5123d4e8b63fdcbb,1b679a3e72cee1a1,da1b0302b03238d8,Collected experimental data; derived measurement fields retained as recorded
OBS0210,P014,SP014-1,B,1,AI,TP02,A,Project Access Policy,2,2026-04-06T09:40:22,2026-04-06T10:30:27,3004.9,50.08,False,22,19,3,2,3.9,73.0,130,60,4.1,4.5,3.5,1.3,2.48,regular,extensive,none,5123d4e8b63fdcbb,1b679a3e72cee1a1,da1b0302b03238d8,Collected experimental data; derived measurement fields retained as recorded
OBS0211,P014,SP014-1,B,1,AI,TP03,A,Invoice Aging,3,2026-04-06T10:51:27,2026-04-06T11:32:39,2471.8,41.2,False,20,18,2,5,6.2,73.3,122,60,4.1,4.5,3.5,1.3,2.48,regular,extensive,none,5123d4e8b63fdcbb,1b679a3e72cee1a1,da1b0302b03238d8,Collected experimental data; derived measurement fields retained as recorded
OBS0212,P014,SP014-1,B,1,AI,TP04,A,Leave Approval,4,2026-04-06T11:49:39,2026-04-06T12:25:21,2142.4,35.71,False,24,23,1,3,5.0,74.1,138,60,4.1,4.5,3.5,1.3,2.48,regular,extensive,none,5123d4e8b63fdcbb,1b679a3e72cee1a1,da1b0302b03238d8,Collected experimental data; derived measurement fields retained as recorded
OBS0213,P014,SP014-1,B,1,AI,TP05,A,Currency Rate Service,5,2026-04-06T13:12:21,2026-04-06T13:51:25,2344.1,39.07,False,24,21,3,5,5.7,76.1,133,65,4.1,4.5,3.5,1.3,2.48,regular,extensive,participant_clarification_2min,5123d4e8b63fdcbb,1b679a3e72cee1a1,da1b0302b03238d8,Collected experimental data; derived measurement fields retained as recorded
OBS0214,P014,SP014-1,B,1,AI,TP06,A,Employee Import,6,2026-04-06T14:13:25,2026-04-06T14:57:44,2659.0,44.32,False,18,14,4,5,4.6,75.6,140,65,4.1,4.5,3.5,1.3,2.48,regular,extensive,timer_pause_approved,5123d4e8b63fdcbb,1b679a3e72cee1a1,da1b0302b03238d8,Collected experimental data; derived measurement fields retained as recorded
OBS0215,P014,SP014-1,B,1,AI,TP07,A,Notification Preferences,7,2026-04-06T15:17:44,2026-04-06T16:06:42,2938.1,48.97,False,20,18,2,6,5.6,72.3,135,60,4.1,4.5,3.5,1.3,2.48,regular,extensive,none,5123d4e8b63fdcbb,1b679a3e72cee1a1,da1b0302b03238d8,Collected experimental data; derived measurement fields retained as recorded
OBS0216,P014,SP014-1,B,1,AI,TP08,A,Resource Utilization,8,2026-04-06T16:25:42,2026-04-06T17:00:47,2105.1,35.08,False,20,20,0,5,5.2,71.3,118,65,4.1,4.5,3.5,1.3,2.48,regular,extensive,none,5123d4e8b63fdcbb,1b679a3e72cee1a1,da1b0302b03238d8,Collected experimental data; derived measurement fields retained as recorded
OBS0217,P014,SP014-2,B,2,Traditional,TP01,B,Supplier Contract API,1,2026-04-15T15:07:00,2026-04-15T15:45:03,2282.6,38.04,False,20,15,5,5,5.9,73.9,123,75,4.1,4.5,3.5,1.3,2.48,regular,extensive,none,5123d4e8b63fdcbb,1b679a3e72cee1a1,da1b0302b03238d8,Collected experimental data; derived measurement fields retained as recorded
OBS0218,P014,SP014-2,B,2,Traditional,TP02,B,Document Access Policy,2,2026-04-15T15:59:03,2026-04-15T16:37:17,2294.4,38.24,False,20,17,3,6,6.8,68.5,121,75,4.1,4.5,3.5,1.3,2.48,regular,extensive,none,5123d4e8b63fdcbb,1b679a3e72cee1a1,da1b0302b03238d8,Collected experimental data; derived measurement fields retained as recorded
OBS0219,P014,SP014-2,B,2,Traditional,TP03,B,Purchase Order Fulfilment,3,2026-04-15T16:55:17,2026-04-15T17:35:33,2416.1,40.27,False,18,17,1,6,5.5,64.6,143,70,4.1,4.5,3.5,1.3,2.48,regular,extensive,none,5123d4e8b63fdcbb,1b679a3e72cee1a1,da1b0302b03238d8,Collected experimental data; derived measurement fields retained as recorded
OBS0220,P014,SP014-2,B,2,Traditional,TP04,B,Expense Reimbursement,4,2026-04-15T17:53:33,2026-04-15T18:41:33,2880.1,48.0,False,24,21,3,6,5.3,71.2,138,65,4.1,4.5,3.5,1.3,2.48,regular,extensive,none,5123d4e8b63fdcbb,1b679a3e72cee1a1,da1b0302b03238d8,Collected experimental data; derived measurement fields retained as recorded
OBS0221,P014,SP014-2,B,2,Traditional,TP05,B,Shipping Rate Service,5,2026-04-15T19:38:33,2026-04-15T20:25:28,2815.0,46.92,False,20,19,1,5,5.8,68.1,121,75,4.1,4.5,3.5,1.3,2.48,regular,extensive,none,5123d4e8b63fdcbb,1b679a3e72cee1a1,da1b0302b03238d8,Collected experimental data; derived measurement fields retained as recorded
OBS0222,P014,SP014-2,B,2,Traditional,TP06,B,Product Catalog Import,6,2026-04-15T20:44:28,2026-04-15T21:23:40,2352.5,39.21,False,22,19,3,7,6.3,66.9,124,80,4.1,4.5,3.5,1.3,2.48,regular,extensive,none,5123d4e8b63fdcbb,1b679a3e72cee1a1,da1b0302b03238d8,Collected experimental data; derived measurement fields retained as recorded
OBS0223,P014,SP014-2,B,2,Traditional,TP07,B,Alert Subscriptions,7,2026-04-15T21:46:40,2026-04-15T22:34:36,2875.8,47.93,False,20,15,5,6,6.1,63.5,111,80,4.1,4.5,3.5,1.3,2.48,regular,extensive,none,5123d4e8b63fdcbb,1b679a3e72cee1a1,da1b0302b03238d8,Collected experimental data; derived measurement fields retained as recorded
OBS0224,P014,SP014-2,B,2,Traditional,TP08,B,Support Ticket SLA,8,2026-04-15T22:57:36,2026-04-15T23:41:52,2656.3,44.27,False,22,18,4,6,5.9,66.8,146,80,4.1,4.5,3.5,1.3,2.48,regular,extensive,none,5123d4e8b63fdcbb,1b679a3e72cee1a1,da1b0302b03238d8,Collected experimental data; derived measurement fields retained as recorded
OBS0225,P015,SP015-1,C,1,Traditional,TP01,B,Supplier Contract API,1,2026-03-10T13:10:00,2026-03-10T13:44:46,2085.9,34.76,False,20,12,8,6,6.1,72.5,135,70,8.4,5.0,7.8,9.1,2.5,extensive,regular,none,5123d4e8b63fdcbb,1b679a3e72cee1a1,da1b0302b03238d8,Collected experimental data; derived measurement fields retained as recorded
OBS0226,P015,SP015-1,C,1,Traditional,TP02,B,Document Access Policy,2,2026-03-10T14:01:46,2026-03-10T14:44:11,2544.9,42.42,False,20,17,3,5,6.2,67.0,146,75,8.4,5.0,7.8,9.1,2.5,extensive,regular,none,5123d4e8b63fdcbb,1b679a3e72cee1a1,da1b0302b03238d8,Collected experimental data; derived measurement fields retained as recorded
OBS0227,P015,SP015-1,C,1,Traditional,TP03,B,Purchase Order Fulfilment,3,2026-03-10T14:55:11,2026-03-10T15:42:34,2843.3,47.39,False,22,14,8,6,6.9,68.9,122,75,8.4,5.0,7.8,9.1,2.5,extensive,regular,none,5123d4e8b63fdcbb,1b679a3e72cee1a1,da1b0302b03238d8,Collected experimental data; derived measurement fields retained as recorded
OBS0228,P015,SP015-1,C,1,Traditional,TP04,B,Expense Reimbursement,4,2026-03-10T15:58:34,2026-03-10T16:46:08,2854.1,47.57,False,22,16,6,6,6.7,67.9,129,75,8.4,5.0,7.8,9.1,2.5,extensive,regular,none,5123d4e8b63fdcbb,1b679a3e72cee1a1,da1b0302b03238d8,Collected experimental data; derived measurement fields retained as recorded
OBS0229,P015,SP015-1,C,1,Traditional,TP05,B,Shipping Rate Service,5,2026-03-10T17:36:08,2026-03-10T18:24:12,2884.0,48.07,False,20,17,3,6,6.3,73.8,121,80,8.4,5.0,7.8,9.1,2.5,extensive,regular,none,5123d4e8b63fdcbb,1b679a3e72cee1a1,da1b0302b03238d8,Collected experimental data; derived measurement fields retained as recorded
OBS0230,P015,SP015-1,C,1,Traditional,TP06,B,Product Catalog Import,6,2026-03-10T18:49:12,2026-03-10T19:30:51,2499.4,41.66,False,22,19,3,5,5.5,67.8,119,75,8.4,5.0,7.8,9.1,2.5,extensive,regular,none,5123d4e8b63fdcbb,1b679a3e72cee1a1,da1b0302b03238d8,Collected experimental data; derived measurement fields retained as recorded
OBS0231,P015,SP015-1,C,1,Traditional,TP07,B,Alert Subscriptions,7,2026-03-10T19:57:51,2026-03-10T20:41:24,2612.9,43.55,False,22,18,4,3,6.0,70.8,136,75,8.4,5.0,7.8,9.1,2.5,extensive,regular,none,5123d4e8b63fdcbb,1b679a3e72cee1a1,da1b0302b03238d8,Collected experimental data; derived measurement fields retained as recorded
OBS0232,P015,SP015-1,C,1,Traditional,TP08,B,Support Ticket SLA,8,2026-03-10T20:59:24,2026-03-10T21:48:28,2944.5,49.08,False,22,19,3,5,5.8,63.8,114,80,8.4,5.0,7.8,9.1,2.5,extensive,regular,none,5123d4e8b63fdcbb,1b679a3e72cee1a1,da1b0302b03238d8,Collected experimental data; derived measurement fields retained as recorded
OBS0233,P015,SP015-2,C,2,AI,TP01,A,Equipment Maintenance API,1,2026-03-23T10:07:00,2026-03-23T10:37:10,1809.9,30.17,False,20,19,1,4,5.2,78.2,104,65,8.4,5.0,7.8,9.1,2.5,extensive,regular,none,5123d4e8b63fdcbb,1b679a3e72cee1a1,da1b0302b03238d8,Collected experimental data; derived measurement fields retained as recorded
OBS0234,P015,SP015-2,C,2,AI,TP02,A,Project Access Policy,2,2026-03-23T10:52:10,2026-03-23T11:25:21,1990.9,33.18,False,20,18,2,4,5.7,71.0,116,55,8.4,5.0,7.8,9.1,2.5,extensive,regular,none,5123d4e8b63fdcbb,1b679a3e72cee1a1,da1b0302b03238d8,Collected experimental data; derived measurement fields retained as recorded
OBS0235,P015,SP015-2,C,2,AI,TP03,A,Invoice Aging,3,2026-03-23T11:41:21,2026-03-23T12:07:49,1588.0,26.47,False,22,21,1,2,5.3,78.8,148,60,8.4,5.0,7.8,9.1,2.5,extensive,regular,none,5123d4e8b63fdcbb,1b679a3e72cee1a1,da1b0302b03238d8,Collected experimental data; derived measurement fields retained as recorded
OBS0236,P015,SP015-2,C,2,AI,TP04,A,Leave Approval,4,2026-03-23T12:23:49,2026-03-23T13:06:02,2532.9,42.22,False,22,21,1,5,6.1,76.0,128,70,8.4,5.0,7.8,9.1,2.5,extensive,regular,none,5123d4e8b63fdcbb,1b679a3e72cee1a1,da1b0302b03238d8,Collected experimental data; derived measurement fields retained as recorded
OBS0237,P015,SP015-2,C,2,AI,TP05,A,Currency Rate Service,5,2026-03-23T13:57:02,2026-03-23T14:35:57,2335.2,38.92,False,22,19,3,4,5.7,65.8,146,75,8.4,5.0,7.8,9.1,2.5,extensive,regular,none,5123d4e8b63fdcbb,1b679a3e72cee1a1,da1b0302b03238d8,Collected experimental data; derived measurement fields retained as recorded
OBS0238,P015,SP015-2,C,2,AI,TP06,A,Employee Import,6,2026-03-23T14:56:57,2026-03-23T15:28:31,1893.8,31.56,False,22,16,6,4,5.6,73.7,119,70,8.4,5.0,7.8,9.1,2.5,extensive,regular,none,5123d4e8b63fdcbb,1b679a3e72cee1a1,da1b0302b03238d8,Collected experimental data; derived measurement fields retained as recorded
OBS0239,P015,SP015-2,C,2,AI,TP07,A,Notification Preferences,7,2026-03-23T15:53:31,2026-03-23T16:32:00,2309.1,38.48,False,24,20,4,5,5.0,74.8,162,65,8.4,5.0,7.8,9.1,2.5,extensive,regular,none,5123d4e8b63fdcbb,1b679a3e72cee1a1,da1b0302b03238d8,Collected experimental data; derived measurement fields retained as recorded
OBS0240,P015,SP015-2,C,2,AI,TP08,A,Resource Utilization,8,2026-03-23T16:47:00,2026-03-23T17:23:43,2203.4,36.72,False,22,19,3,4,5.7,73.0,134,75,8.4,5.0,7.8,9.1,2.5,extensive,regular,none,5123d4e8b63fdcbb,1b679a3e72cee1a1,da1b0302b03238d8,Collected experimental data; derived measurement fields retained as recorded
OBS0241,P016,SP016-1,D,1,AI,TP01,B,Supplier Contract API,1,2026-03-13T14:53:00,2026-03-13T15:18:38,1537.5,25.62,False,24,23,1,4,4.4,77.0,158,60,1.7,0.7,1.1,1.1,1.31,never,occasional,none,5123d4e8b63fdcbb,1b679a3e72cee1a1,da1b0302b03238d8,Collected experimental data; derived measurement fields retained as recorded
OBS0242,P016,SP016-1,D,1,AI,TP02,B,Document Access Policy,2,2026-03-13T15:31:38,2026-03-13T16:09:43,2284.7,38.08,False,22,19,3,5,5.3,73.4,146,65,1.7,0.7,1.1,1.1,1.31,never,occasional,none,5123d4e8b63fdcbb,1b679a3e72cee1a1,da1b0302b03238d8,Collected experimental data; derived measurement fields retained as recorded
OBS0243,P016,SP016-1,D,1,AI,TP03,B,Purchase Order Fulfilment,3,2026-03-13T16:29:43,2026-03-13T17:08:09,2306.2,38.44,False,22,19,3,2,5.8,70.4,146,55,1.7,0.7,1.1,1.1,1.31,never,occasional,none,5123d4e8b63fdcbb,1b679a3e72cee1a1,da1b0302b03238d8,Collected experimental data; derived measurement fields retained as recorded
OBS0244,P016,SP016-1,D,1,AI,TP04,B,Expense Reimbursement,4,2026-03-13T17:26:09,2026-03-13T18:11:50,2741.3,45.69,False,22,20,2,2,5.3,70.5,137,60,1.7,0.7,1.1,1.1,1.31,never,occasional,none,5123d4e8b63fdcbb,1b679a3e72cee1a1,da1b0302b03238d8,Collected experimental data; derived measurement fields retained as recorded
OBS0245,P016,SP016-1,D,1,AI,TP05,B,Shipping Rate Service,5,2026-03-13T18:54:50,2026-03-13T19:26:33,1902.8,31.71,False,20,15,5,3,5.7,69.2,173,65,1.7,0.7,1.1,1.1,1.31,never,occasional,none,5123d4e8b63fdcbb,1b679a3e72cee1a1,da1b0302b03238d8,Collected experimental data; derived measurement fields retained as recorded
OBS0246,P016,SP016-1,D,1,AI,TP06,B,Product Catalog Import,6,2026-03-13T19:46:33,2026-03-13T20:18:16,1902.9,31.72,False,20,17,3,3,5.0,76.6,121,65,1.7,0.7,1.1,1.1,1.31,never,occasional,none,5123d4e8b63fdcbb,1b679a3e72cee1a1,da1b0302b03238d8,Collected experimental data; derived measurement fields retained as recorded
OBS0247,P016,SP016-1,D,1,AI,TP07,B,Alert Subscriptions,7,2026-03-13T20:40:16,2026-03-13T21:21:38,2481.8,41.36,False,20,17,3,5,5.6,71.9,154,60,1.7,0.7,1.1,1.1,1.31,never,occasional,none,5123d4e8b63fdcbb,1b679a3e72cee1a1,da1b0302b03238d8,Collected experimental data; derived measurement fields retained as recorded
OBS0248,P016,SP016-1,D,1,AI,TP08,B,Support Ticket SLA,8,2026-03-13T21:43:38,2026-03-13T22:23:50,2411.6,40.19,False,20,17,3,3,5.4,74.7,161,65,1.7,0.7,1.1,1.1,1.31,never,occasional,none,5123d4e8b63fdcbb,1b679a3e72cee1a1,da1b0302b03238d8,Collected experimental data; derived measurement fields retained as recorded
OBS0249,P016,SP016-2,D,2,Traditional,TP01,A,Equipment Maintenance API,1,2026-03-30T15:07:00,2026-03-30T15:38:02,1861.8,31.03,False,18,15,3,6,6.7,71.7,134,75,1.7,0.7,1.1,1.1,1.31,never,occasional,none,5123d4e8b63fdcbb,1b679a3e72cee1a1,da1b0302b03238d8,Collected experimental data; derived measurement fields retained as recorded
OBS0250,P016,SP016-2,D,2,Traditional,TP02,A,Project Access Policy,2,2026-03-30T15:52:02,2026-03-30T16:26:19,2057.5,34.29,False,20,17,3,6,5.6,72.4,138,80,1.7,0.7,1.1,1.1,1.31,never,occasional,none,5123d4e8b63fdcbb,1b679a3e72cee1a1,da1b0302b03238d8,Collected experimental data; derived measurement fields retained as recorded
OBS0251,P016,SP016-2,D,2,Traditional,TP03,A,Invoice Aging,3,2026-03-30T16:40:19,2026-03-30T17:21:56,2497.2,41.62,False,22,13,9,7,6.3,70.2,127,75,1.7,0.7,1.1,1.1,1.31,never,occasional,none,5123d4e8b63fdcbb,1b679a3e72cee1a1,da1b0302b03238d8,Collected experimental data; derived measurement fields retained as recorded
OBS0252,P016,SP016-2,D,2,Traditional,TP04,A,Leave Approval,4,2026-03-30T17:44:56,2026-03-30T18:32:02,2826.5,47.11,False,20,12,8,5,5.4,67.5,125,85,1.7,0.7,1.1,1.1,1.31,never,occasional,participant_clarification_2min,5123d4e8b63fdcbb,1b679a3e72cee1a1,da1b0302b03238d8,Collected experimental data; derived measurement fields retained as recorded
OBS0253,P016,SP016-2,D,2,Traditional,TP05,A,Currency Rate Service,5,2026-03-30T19:26:02,2026-03-30T20:08:23,2540.9,42.35,False,20,17,3,4,5.2,67.1,110,80,1.7,0.7,1.1,1.1,1.31,never,occasional,none,5123d4e8b63fdcbb,1b679a3e72cee1a1,da1b0302b03238d8,Collected experimental data; derived measurement fields retained as recorded
OBS0254,P016,SP016-2,D,2,Traditional,TP06,A,Employee Import,6,2026-03-30T20:30:23,2026-03-30T21:11:49,2486.5,41.44,False,18,11,7,6,6.4,64.4,122,75,1.7,0.7,1.1,1.1,1.31,never,occasional,none,5123d4e8b63fdcbb,1b679a3e72cee1a1,da1b0302b03238d8,Collected experimental data; derived measurement fields retained as recorded
OBS0255,P016,SP016-2,D,2,Traditional,TP07,A,Notification Preferences,7,2026-03-30T21:35:49,2026-03-30T22:17:05,2475.6,41.26,False,22,17,5,5,5.8,61.8,119,90,1.7,0.7,1.1,1.1,1.31,never,occasional,none,5123d4e8b63fdcbb,1b679a3e72cee1a1,da1b0302b03238d8,Collected experimental data; derived measurement fields retained as recorded
OBS0256,P016,SP016-2,D,2,Traditional,TP08,A,Resource Utilization,8,2026-03-30T22:37:05,2026-03-30T23:20:28,2602.8,43.38,False,20,16,4,5,5.5,64.5,148,85,1.7,0.7,1.1,1.1,1.31,never,occasional,none,5123d4e8b63fdcbb,1b679a3e72cee1a1,da1b0302b03238d8,Collected experimental data; derived measurement fields retained as recorded
OBS0257,P017,SP017-1,A,1,Traditional,TP01,A,Equipment Maintenance API,1,2026-03-16T09:22:00,2026-03-16T09:55:01,1980.8,33.01,False,18,14,4,3,6.0,70.7,130,70,2.4,4.5,4.3,3.1,2.55,regular,regular,none,5123d4e8b63fdcbb,1b679a3e72cee1a1,da1b0302b03238d8,Collected experimental data; derived measurement fields retained as recorded
OBS0258,P017,SP017-1,A,1,Traditional,TP02,A,Project Access Policy,2,2026-03-16T10:15:01,2026-03-16T10:46:48,1907.1,31.78,False,20,17,3,5,5.9,76.8,127,65,2.4,4.5,4.3,3.1,2.55,regular,regular,none,5123d4e8b63fdcbb,1b679a3e72cee1a1,da1b0302b03238d8,Collected experimental data; derived measurement fields retained as recorded
OBS0259,P017,SP017-1,A,1,Traditional,TP03,A,Invoice Aging,3,2026-03-16T11:01:48,2026-03-16T11:36:41,2092.8,34.88,False,20,20,0,6,5.7,72.6,122,65,2.4,4.5,4.3,3.1,2.55,regular,regular,none,5123d4e8b63fdcbb,1b679a3e72cee1a1,da1b0302b03238d8,Collected experimental data; derived measurement fields retained as recorded
OBS0260,P017,SP017-1,A,1,Traditional,TP04,A,Leave Approval,4,2026-03-16T12:00:41,2026-03-16T12:44:28,2626.6,43.78,False,20,16,4,5,6.3,74.1,123,70,2.4,4.5,4.3,3.1,2.55,regular,regular,none,5123d4e8b63fdcbb,1b679a3e72cee1a1,da1b0302b03238d8,Collected experimental data; derived measurement fields retained as recorded
OBS0261,P017,SP017-1,A,1,Traditional,TP05,A,Currency Rate Service,5,2026-03-16T13:41:28,2026-03-16T14:16:45,2117.2,35.29,False,20,16,4,5,6.1,67.5,120,65,2.4,4.5,4.3,3.1,2.55,regular,regular,none,5123d4e8b63fdcbb,1b679a3e72cee1a1,da1b0302b03238d8,Collected experimental data; derived measurement fields retained as recorded
OBS0262,P017,SP017-1,A,1,Traditional,TP06,A,Employee Import,6,2026-03-16T14:35:45,2026-03-16T15:07:24,1899.1,31.65,False,20,17,3,4,6.6,77.2,118,70,2.4,4.5,4.3,3.1,2.55,regular,regular,none,5123d4e8b63fdcbb,1b679a3e72cee1a1,da1b0302b03238d8,Collected experimental data; derived measurement fields retained as recorded
OBS0263,P017,SP017-1,A,1,Traditional,TP07,A,Notification Preferences,7,2026-03-16T15:28:24,2026-03-16T16:08:35,2410.6,40.18,False,20,17,3,6,5.6,70.5,113,70,2.4,4.5,4.3,3.1,2.55,regular,regular,none,5123d4e8b63fdcbb,1b679a3e72cee1a1,da1b0302b03238d8,Collected experimental data; derived measurement fields retained as recorded
OBS0264,P017,SP017-1,A,1,Traditional,TP08,A,Resource Utilization,8,2026-03-16T16:24:35,2026-03-16T17:07:32,2577.1,42.95,False,18,11,7,3,5.8,73.7,105,75,2.4,4.5,4.3,3.1,2.55,regular,regular,none,5123d4e8b63fdcbb,1b679a3e72cee1a1,da1b0302b03238d8,Collected experimental data; derived measurement fields retained as recorded
OBS0265,P017,SP017-2,A,2,AI,TP01,B,Supplier Contract API,1,2026-04-02T10:54:00,2026-04-02T11:20:23,1582.6,26.38,False,20,18,2,3,5.3,75.3,106,60,2.4,4.5,4.3,3.1,2.55,regular,regular,none,5123d4e8b63fdcbb,1b679a3e72cee1a1,da1b0302b03238d8,Collected experimental data; derived measurement fields retained as recorded
OBS0266,P017,SP017-2,A,2,AI,TP02,B,Document Access Policy,2,2026-04-02T11:34:23,2026-04-02T11:58:51,1468.4,24.47,False,20,20,0,2,5.5,78.8,142,55,2.4,4.5,4.3,3.1,2.55,regular,regular,none,5123d4e8b63fdcbb,1b679a3e72cee1a1,da1b0302b03238d8,Collected experimental data; derived measurement fields retained as recorded
OBS0267,P017,SP017-2,A,2,AI,TP03,B,Purchase Order Fulfilment,3,2026-04-02T12:10:51,2026-04-02T12:40:13,1762.4,29.37,False,22,18,4,4,5.4,78.3,124,55,2.4,4.5,4.3,3.1,2.55,regular,regular,copilot_suggestion_delay,5123d4e8b63fdcbb,1b679a3e72cee1a1,da1b0302b03238d8,Collected experimental data; derived measurement fields retained as recorded
OBS0268,P017,SP017-2,A,2,AI,TP04,B,Expense Reimbursement,4,2026-04-02T13:02:13,2026-04-02T13:24:31,1338.3,22.3,False,20,18,2,1,4.6,73.7,132,55,2.4,4.5,4.3,3.1,2.55,regular,regular,none,5123d4e8b63fdcbb,1b679a3e72cee1a1,da1b0302b03238d8,Collected experimental data; derived measurement fields retained as recorded
OBS0269,P017,SP017-2,A,2,AI,TP05,B,Shipping Rate Service,5,2026-04-02T14:16:31,2026-04-02T14:51:34,2102.6,35.04,False,18,17,1,4,4.8,78.7,125,55,2.4,4.5,4.3,3.1,2.55,regular,regular,none,5123d4e8b63fdcbb,1b679a3e72cee1a1,da1b0302b03238d8,Collected experimental data; derived measurement fields retained as recorded
OBS0270,P017,SP017-2,A,2,AI,TP06,B,Product Catalog Import,6,2026-04-02T15:10:34,2026-04-02T15:41:03,1828.6,30.48,False,22,20,2,2,5.2,70.5,109,60,2.4,4.5,4.3,3.1,2.55,regular,regular,none,5123d4e8b63fdcbb,1b679a3e72cee1a1,da1b0302b03238d8,Collected experimental data; derived measurement fields retained as recorded
OBS0271,P017,SP017-2,A,2,AI,TP07,B,Alert Subscriptions,7,2026-04-02T16:00:03,2026-04-02T16:38:01,2277.9,37.97,False,18,15,3,4,5.6,76.3,127,60,2.4,4.5,4.3,3.1,2.55,regular,regular,none,5123d4e8b63fdcbb,1b679a3e72cee1a1,da1b0302b03238d8,Collected experimental data; derived measurement fields retained as recorded
OBS0272,P017,SP017-2,A,2,AI,TP08,B,Support Ticket SLA,8,2026-04-02T17:00:01,2026-04-02T17:34:12,2051.0,34.18,False,20,20,0,2,5.1,87.5,138,60,2.4,4.5,4.3,3.1,2.55,regular,regular,none,5123d4e8b63fdcbb,1b679a3e72cee1a1,da1b0302b03238d8,Collected experimental data; derived measurement fields retained as recorded
OBS0273,P018,SP018-1,B,1,AI,TP01,A,Equipment Maintenance API,1,2026-03-16T13:20:00,2026-03-16T13:56:08,2167.6,36.13,False,20,16,4,5,5.4,83.6,155,65,10.0,5.1,4.3,6.2,3.06,extensive,extensive,none,5123d4e8b63fdcbb,1b679a3e72cee1a1,da1b0302b03238d8,Collected experimental data; derived measurement fields retained as recorded
OBS0274,P018,SP018-1,B,1,AI,TP02,A,Project Access Policy,2,2026-03-16T14:07:08,2026-03-16T14:42:29,2121.5,35.36,False,22,16,6,4,6.0,67.5,138,70,10.0,5.1,4.3,6.2,3.06,extensive,extensive,none,5123d4e8b63fdcbb,1b679a3e72cee1a1,da1b0302b03238d8,Collected experimental data; derived measurement fields retained as recorded
OBS0275,P018,SP018-1,B,1,AI,TP03,A,Invoice Aging,3,2026-03-16T14:56:29,2026-03-16T15:40:22,2632.7,43.88,False,22,17,5,4,5.9,70.1,130,65,10.0,5.1,4.3,6.2,3.06,extensive,extensive,none,5123d4e8b63fdcbb,1b679a3e72cee1a1,da1b0302b03238d8,Collected experimental data; derived measurement fields retained as recorded
OBS0276,P018,SP018-1,B,1,AI,TP04,A,Leave Approval,4,2026-03-16T16:01:22,2026-03-16T16:39:31,2288.7,38.14,False,22,20,2,5,4.9,74.8,139,70,10.0,5.1,4.3,6.2,3.06,extensive,extensive,none,5123d4e8b63fdcbb,1b679a3e72cee1a1,da1b0302b03238d8,Collected experimental data; derived measurement fields retained as recorded
OBS0277,P018,SP018-1,B,1,AI,TP05,A,Currency Rate Service,5,2026-03-16T17:30:31,2026-03-16T18:07:32,2220.7,37.01,False,20,18,2,2,5.8,76.5,139,70,10.0,5.1,4.3,6.2,3.06,extensive,extensive,none,5123d4e8b63fdcbb,1b679a3e72cee1a1,da1b0302b03238d8,Collected experimental data; derived measurement fields retained as recorded
OBS0278,P018,SP018-1,B,1,AI,TP06,A,Employee Import,6,2026-03-16T18:24:32,2026-03-16T18:49:24,1491.9,24.86,False,20,17,3,6,4.8,63.1,137,70,10.0,5.1,4.3,6.2,3.06,extensive,extensive,none,5123d4e8b63fdcbb,1b679a3e72cee1a1,da1b0302b03238d8,Collected experimental data; derived measurement fields retained as recorded
OBS0279,P018,SP018-1,B,1,AI,TP07,A,Notification Preferences,7,2026-03-16T19:08:24,2026-03-16T19:46:22,2278.2,37.97,False,22,17,5,4,5.3,78.8,166,70,10.0,5.1,4.3,6.2,3.06,extensive,extensive,none,5123d4e8b63fdcbb,1b679a3e72cee1a1,da1b0302b03238d8,Collected experimental data; derived measurement fields retained as recorded
OBS0280,P018,SP018-1,B,1,AI,TP08,A,Resource Utilization,8,2026-03-16T20:09:22,2026-03-16T20:47:16,2273.6,37.89,False,22,20,2,6,4.3,71.3,158,75,10.0,5.1,4.3,6.2,3.06,extensive,extensive,participant_clarification_2min,5123d4e8b63fdcbb,1b679a3e72cee1a1,da1b0302b03238d8,Collected experimental data; derived measurement fields retained as recorded
OBS0281,P018,SP018-2,B,2,Traditional,TP01,B,Supplier Contract API,1,2026-04-03T13:10:00,2026-04-03T13:47:12,2231.5,37.19,False,20,14,6,6,6.3,63.9,114,80,10.0,5.1,4.3,6.2,3.06,extensive,extensive,none,5123d4e8b63fdcbb,1b679a3e72cee1a1,da1b0302b03238d8,Collected experimental data; derived measurement fields retained as recorded
OBS0282,P018,SP018-2,B,2,Traditional,TP02,B,Document Access Policy,2,2026-04-03T14:07:12,2026-04-03T14:48:02,2449.8,40.83,False,22,22,0,7,7.0,61.6,131,70,10.0,5.1,4.3,6.2,3.06,extensive,extensive,none,5123d4e8b63fdcbb,1b679a3e72cee1a1,da1b0302b03238d8,Collected experimental data; derived measurement fields retained as recorded
OBS0283,P018,SP018-2,B,2,Traditional,TP03,B,Purchase Order Fulfilment,3,2026-04-03T15:03:02,2026-04-03T15:37:46,2083.9,34.73,False,20,18,2,7,5.8,66.1,137,75,10.0,5.1,4.3,6.2,3.06,extensive,extensive,none,5123d4e8b63fdcbb,1b679a3e72cee1a1,da1b0302b03238d8,Collected experimental data; derived measurement fields retained as recorded
OBS0284,P018,SP018-2,B,2,Traditional,TP04,B,Expense Reimbursement,4,2026-04-03T15:53:46,2026-04-03T16:35:15,2489.5,41.49,False,20,16,4,5,6.2,68.2,122,80,10.0,5.1,4.3,6.2,3.06,extensive,extensive,none,5123d4e8b63fdcbb,1b679a3e72cee1a1,da1b0302b03238d8,Collected experimental data; derived measurement fields retained as recorded
OBS0285,P018,SP018-2,B,2,Traditional,TP05,B,Shipping Rate Service,5,2026-04-03T17:20:15,2026-04-03T18:02:14,2519.5,41.99,False,24,19,5,5,6.3,64.9,149,75,10.0,5.1,4.3,6.2,3.06,extensive,extensive,none,5123d4e8b63fdcbb,1b679a3e72cee1a1,da1b0302b03238d8,Collected experimental data; derived measurement fields retained as recorded
OBS0286,P018,SP018-2,B,2,Traditional,TP06,B,Product Catalog Import,6,2026-04-03T18:20:14,2026-04-03T19:03:41,2606.8,43.45,False,20,15,5,6,6.2,65.9,130,75,10.0,5.1,4.3,6.2,3.06,extensive,extensive,none,5123d4e8b63fdcbb,1b679a3e72cee1a1,da1b0302b03238d8,Collected experimental data; derived measurement fields retained as recorded
OBS0287,P018,SP018-2,B,2,Traditional,TP07,B,Alert Subscriptions,7,2026-04-03T19:23:41,2026-04-03T20:07:55,2654.1,44.24,False,24,20,4,6,6.4,67.6,137,75,10.0,5.1,4.3,6.2,3.06,extensive,extensive,none,5123d4e8b63fdcbb,1b679a3e72cee1a1,da1b0302b03238d8,Collected experimental data; derived measurement fields retained as recorded
OBS0288,P018,SP018-2,B,2,Traditional,TP08,B,Support Ticket SLA,8,2026-04-03T20:25:55,2026-04-03T21:15:46,2990.8,49.85,False,20,16,4,5,6.6,70.8,121,75,10.0,5.1,4.3,6.2,3.06,extensive,extensive,none,5123d4e8b63fdcbb,1b679a3e72cee1a1,da1b0302b03238d8,Collected experimental data; derived measurement fields retained as recorded
OBS0289,P019,SP019-1,C,1,Traditional,TP01,B,Supplier Contract API,1,2026-03-19T13:09:00,2026-03-19T13:49:34,2434.4,40.57,False,20,19,1,6,5.7,64.5,135,70,2.1,0.5,1.1,1.0,2.13,occasional,regular,none,5123d4e8b63fdcbb,1b679a3e72cee1a1,da1b0302b03238d8,Collected experimental data; derived measurement fields retained as recorded
OBS0290,P019,SP019-1,C,1,Traditional,TP02,B,Document Access Policy,2,2026-03-19T14:09:34,2026-03-19T14:53:04,2610.3,43.5,False,24,22,2,6,6.0,64.4,109,70,2.1,0.5,1.1,1.0,2.13,occasional,regular,none,5123d4e8b63fdcbb,1b679a3e72cee1a1,da1b0302b03238d8,Collected experimental data; derived measurement fields retained as recorded
OBS0291,P019,SP019-1,C,1,Traditional,TP03,B,Purchase Order Fulfilment,3,2026-03-19T15:14:04,2026-03-19T15:57:04,2579.7,43.0,False,22,18,4,6,5.7,67.8,144,75,2.1,0.5,1.1,1.0,2.13,occasional,regular,none,5123d4e8b63fdcbb,1b679a3e72cee1a1,da1b0302b03238d8,Collected experimental data; derived measurement fields retained as recorded
OBS0292,P019,SP019-1,C,1,Traditional,TP04,B,Expense Reimbursement,4,2026-03-19T16:13:04,2026-03-19T16:55:41,2556.8,42.61,False,20,12,8,5,6.2,65.8,127,75,2.1,0.5,1.1,1.0,2.13,occasional,regular,none,5123d4e8b63fdcbb,1b679a3e72cee1a1,da1b0302b03238d8,Collected experimental data; derived measurement fields retained as recorded
OBS0293,P019,SP019-1,C,1,Traditional,TP05,B,Shipping Rate Service,5,2026-03-19T17:42:41,2026-03-19T18:35:26,3164.5,52.74,False,22,21,1,5,5.7,65.5,147,70,2.1,0.5,1.1,1.0,2.13,occasional,regular,none,5123d4e8b63fdcbb,1b679a3e72cee1a1,da1b0302b03238d8,Collected experimental data; derived measurement fields retained as recorded
OBS0294,P019,SP019-1,C,1,Traditional,TP06,B,Product Catalog Import,6,2026-03-19T18:49:26,2026-03-19T19:29:04,2378.1,39.64,False,20,17,3,4,5.7,68.3,134,80,2.1,0.5,1.1,1.0,2.13,occasional,regular,copilot_suggestion_delay,5123d4e8b63fdcbb,1b679a3e72cee1a1,da1b0302b03238d8,Collected experimental data; derived measurement fields retained as recorded
OBS0295,P019,SP019-1,C,1,Traditional,TP07,B,Alert Subscriptions,7,2026-03-19T19:47:04,2026-03-19T20:41:55,3291.3,54.86,False,22,17,5,3,6.0,66.5,131,75,2.1,0.5,1.1,1.0,2.13,occasional,regular,none,5123d4e8b63fdcbb,1b679a3e72cee1a1,da1b0302b03238d8,Collected experimental data; derived measurement fields retained as recorded
OBS0296,P019,SP019-1,C,1,Traditional,TP08,B,Support Ticket SLA,8,2026-03-19T20:57:55,2026-03-19T21:53:25,3329.8,55.5,False,20,11,9,7,6.2,59.1,121,85,2.1,0.5,1.1,1.0,2.13,occasional,regular,none,5123d4e8b63fdcbb,1b679a3e72cee1a1,da1b0302b03238d8,Collected experimental data; derived measurement fields retained as recorded
OBS0297,P019,SP019-2,C,2,AI,TP01,A,Equipment Maintenance API,1,2026-04-08T13:26:00,2026-04-08T13:55:01,1741.0,29.02,False,18,15,3,4,4.9,70.6,115,60,2.1,0.5,1.1,1.0,2.13,occasional,regular,none,5123d4e8b63fdcbb,1b679a3e72cee1a1,da1b0302b03238d8,Collected experimental data; derived measurement fields retained as recorded
OBS0298,P019,SP019-2,C,2,AI,TP02,A,Project Access Policy,2,2026-04-08T14:15:01,2026-04-08T14:46:25,1884.4,31.41,False,18,18,0,3,5.4,78.6,147,65,2.1,0.5,1.1,1.0,2.13,occasional,regular,none,5123d4e8b63fdcbb,1b679a3e72cee1a1,da1b0302b03238d8,Collected experimental data; derived measurement fields retained as recorded
OBS0299,P019,SP019-2,C,2,AI,TP03,A,Invoice Aging,3,2026-04-08T15:04:25,2026-04-08T15:30:09,1544.1,25.74,False,20,20,0,3,4.7,76.7,149,55,2.1,0.5,1.1,1.0,2.13,occasional,regular,none,5123d4e8b63fdcbb,1b679a3e72cee1a1,da1b0302b03238d8,Collected experimental data; derived measurement fields retained as recorded
OBS0300,P019,SP019-2,C,2,AI,TP04,A,Leave Approval,4,2026-04-08T15:51:09,2026-04-08T16:20:58,1788.6,29.81,False,22,20,2,4,5.6,71.3,112,60,2.1,0.5,1.1,1.0,2.13,occasional,regular,ide_restart,5123d4e8b63fdcbb,1b679a3e72cee1a1,da1b0302b03238d8,Collected experimental data; derived measurement fields retained as recorded
OBS0301,P019,SP019-2,C,2,AI,TP05,A,Currency Rate Service,5,2026-04-08T17:05:58,2026-04-08T17:36:13,1815.2,30.25,False,20,20,0,3,5.0,74.5,155,55,2.1,0.5,1.1,1.0,2.13,occasional,regular,none,5123d4e8b63fdcbb,1b679a3e72cee1a1,da1b0302b03238d8,Collected experimental data; derived measurement fields retained as recorded
OBS0302,P019,SP019-2,C,2,AI,TP06,A,Employee Import,6,2026-04-08T17:56:13,2026-04-08T18:25:47,1774.2,29.57,False,20,20,0,4,5.3,80.2,117,60,2.1,0.5,1.1,1.0,2.13,occasional,regular,none,5123d4e8b63fdcbb,1b679a3e72cee1a1,da1b0302b03238d8,Collected experimental data; derived measurement fields retained as recorded
OBS0303,P019,SP019-2,C,2,AI,TP07,A,Notification Preferences,7,2026-04-08T18:43:47,2026-04-08T19:23:06,2358.9,39.32,False,20,20,0,3,5.2,76.1,128,55,2.1,0.5,1.1,1.0,2.13,occasional,regular,none,5123d4e8b63fdcbb,1b679a3e72cee1a1,da1b0302b03238d8,Collected experimental data; derived measurement fields retained as recorded
OBS0304,P019,SP019-2,C,2,AI,TP08,A,Resource Utilization,8,2026-04-08T19:43:06,2026-04-08T20:17:03,2037.2,33.95,False,18,14,4,4,5.5,75.9,143,65,2.1,0.5,1.1,1.0,2.13,occasional,regular,none,5123d4e8b63fdcbb,1b679a3e72cee1a1,da1b0302b03238d8,Collected experimental data; derived measurement fields retained as recorded
OBS0305,P020,SP020-1,D,1,AI,TP01,B,Supplier Contract API,1,2026-03-23T09:38:00,2026-03-23T10:01:23,1403.5,23.39,False,20,17,3,2,5.3,72.0,126,60,3.9,2.6,3.6,1.9,2.83,regular,extensive,none,5123d4e8b63fdcbb,1b679a3e72cee1a1,da1b0302b03238d8,Collected experimental data; derived measurement fields retained as recorded
OBS0306,P020,SP020-1,D,1,AI,TP02,B,Document Access Policy,2,2026-03-23T10:19:23,2026-03-23T10:48:38,1755.4,29.26,False,20,14,6,3,5.8,75.6,145,55,3.9,2.6,3.6,1.9,2.83,regular,extensive,none,5123d4e8b63fdcbb,1b679a3e72cee1a1,da1b0302b03238d8,Collected experimental data; derived measurement fields retained as recorded
OBS0307,P020,SP020-1,D,1,AI,TP03,B,Purchase Order Fulfilment,3,2026-03-23T11:04:38,2026-03-23T11:37:35,1976.6,32.94,False,22,20,2,3,6.0,77.0,115,60,3.9,2.6,3.6,1.9,2.83,regular,extensive,none,5123d4e8b63fdcbb,1b679a3e72cee1a1,da1b0302b03238d8,Collected experimental data; derived measurement fields retained as recorded
OBS0308,P020,SP020-1,D,1,AI,TP04,B,Expense Reimbursement,4,2026-03-23T11:58:35,2026-03-23T12:28:01,1766.2,29.44,False,20,20,0,3,5.1,76.6,147,60,3.9,2.6,3.6,1.9,2.83,regular,extensive,none,5123d4e8b63fdcbb,1b679a3e72cee1a1,da1b0302b03238d8,Collected experimental data; derived measurement fields retained as recorded
OBS0309,P020,SP020-1,D,1,AI,TP05,B,Shipping Rate Service,5,2026-03-23T13:12:01,2026-03-23T13:47:28,2126.7,35.44,False,20,18,2,2,6.6,76.9,142,60,3.9,2.6,3.6,1.9,2.83,regular,extensive,none,5123d4e8b63fdcbb,1b679a3e72cee1a1,da1b0302b03238d8,Collected experimental data; derived measurement fields retained as recorded
OBS0310,P020,SP020-1,D,1,AI,TP06,B,Product Catalog Import,6,2026-03-23T14:07:28,2026-03-23T14:34:05,1596.8,26.61,False,24,18,6,3,5.7,69.8,158,60,3.9,2.6,3.6,1.9,2.83,regular,extensive,none,5123d4e8b63fdcbb,1b679a3e72cee1a1,da1b0302b03238d8,Collected experimental data; derived measurement fields retained as recorded
OBS0311,P020,SP020-1,D,1,AI,TP07,B,Alert Subscriptions,7,2026-03-23T14:53:05,2026-03-23T15:35:00,2515.5,41.92,False,18,16,2,3,5.5,77.4,116,60,3.9,2.6,3.6,1.9,2.83,regular,extensive,none,5123d4e8b63fdcbb,1b679a3e72cee1a1,da1b0302b03238d8,Collected experimental data; derived measurement fields retained as recorded
OBS0312,P020,SP020-1,D,1,AI,TP08,B,Support Ticket SLA,8,2026-03-23T15:53:00,2026-03-23T16:28:10,2110.0,35.17,False,20,19,1,4,5.0,80.2,146,55,3.9,2.6,3.6,1.9,2.83,regular,extensive,none,5123d4e8b63fdcbb,1b679a3e72cee1a1,da1b0302b03238d8,Collected experimental data; derived measurement fields retained as recorded
OBS0313,P020,SP020-2,D,2,Traditional,TP01,A,Equipment Maintenance API,1,2026-04-13T08:23:00,2026-04-13T09:03:29,2429.2,40.49,False,22,13,9,5,6.0,70.6,136,75,3.9,2.6,3.6,1.9,2.83,regular,extensive,none,5123d4e8b63fdcbb,1b679a3e72cee1a1,da1b0302b03238d8,Collected experimental data; derived measurement fields retained as recorded
OBS0314,P020,SP020-2,D,2,Traditional,TP02,A,Project Access Policy,2,2026-04-13T09:24:29,2026-04-13T10:05:34,2465.3,41.09,False,20,17,3,4,6.2,71.5,119,70,3.9,2.6,3.6,1.9,2.83,regular,extensive,none,5123d4e8b63fdcbb,1b679a3e72cee1a1,da1b0302b03238d8,Collected experimental data; derived measurement fields retained as recorded
OBS0315,P020,SP020-2,D,2,Traditional,TP03,A,Invoice Aging,3,2026-04-13T10:29:34,2026-04-13T11:10:13,2438.8,40.65,False,18,17,1,4,4.7,66.7,135,75,3.9,2.6,3.6,1.9,2.83,regular,extensive,none,5123d4e8b63fdcbb,1b679a3e72cee1a1,da1b0302b03238d8,Collected experimental data; derived measurement fields retained as recorded
OBS0316,P020,SP020-2,D,2,Traditional,TP04,A,Leave Approval,4,2026-04-13T11:23:13,2026-04-13T12:00:43,2250.3,37.51,False,22,19,3,6,5.2,72.6,109,65,3.9,2.6,3.6,1.9,2.83,regular,extensive,none,5123d4e8b63fdcbb,1b679a3e72cee1a1,da1b0302b03238d8,Collected experimental data; derived measurement fields retained as recorded
OBS0317,P020,SP020-2,D,2,Traditional,TP05,A,Currency Rate Service,5,2026-04-13T12:51:43,2026-04-13T13:35:25,2622.1,43.7,False,18,15,3,5,6.0,73.1,124,80,3.9,2.6,3.6,1.9,2.83,regular,extensive,none,5123d4e8b63fdcbb,1b679a3e72cee1a1,da1b0302b03238d8,Collected experimental data; derived measurement fields retained as recorded
OBS0318,P020,SP020-2,D,2,Traditional,TP06,A,Employee Import,6,2026-04-13T13:52:25,2026-04-13T14:27:32,2106.9,35.12,False,20,16,4,4,5.9,68.6,140,70,3.9,2.6,3.6,1.9,2.83,regular,extensive,none,5123d4e8b63fdcbb,1b679a3e72cee1a1,da1b0302b03238d8,Collected experimental data; derived measurement fields retained as recorded
OBS0319,P020,SP020-2,D,2,Traditional,TP07,A,Notification Preferences,7,2026-04-13T14:45:32,2026-04-13T15:34:54,2961.8,49.36,False,20,16,4,4,6.1,67.6,138,75,3.9,2.6,3.6,1.9,2.83,regular,extensive,none,5123d4e8b63fdcbb,1b679a3e72cee1a1,da1b0302b03238d8,Collected experimental data; derived measurement fields retained as recorded
OBS0320,P020,SP020-2,D,2,Traditional,TP08,A,Resource Utilization,8,2026-04-13T15:57:54,2026-04-13T16:37:03,2348.6,39.14,False,18,15,3,5,7.0,70.0,108,80,3.9,2.6,3.6,1.9,2.83,regular,extensive,none,5123d4e8b63fdcbb,1b679a3e72cee1a1,da1b0302b03238d8,Collected experimental data; derived measurement fields retained as recorded
OBS0321,P021,SP021-1,A,1,Traditional,TP01,A,Equipment Maintenance API,1,2026-03-23T15:52:00,2026-03-23T16:26:05,2044.6,34.08,False,20,17,3,5,5.6,70.2,94,60,5.6,5.6,9.4,7.5,3.16,extensive,extensive,none,5123d4e8b63fdcbb,1b679a3e72cee1a1,da1b0302b03238d8,Collected experimental data; derived measurement fields retained as recorded
OBS0322,P021,SP021-1,A,1,Traditional,TP02,A,Project Access Policy,2,2026-03-23T16:39:05,2026-03-23T17:17:17,2291.7,38.2,False,24,24,0,3,6.4,77.3,117,70,5.6,5.6,9.4,7.5,3.16,extensive,extensive,none,5123d4e8b63fdcbb,1b679a3e72cee1a1,da1b0302b03238d8,Collected experimental data; derived measurement fields retained as recorded
OBS0323,P021,SP021-1,A,1,Traditional,TP03,A,Invoice Aging,3,2026-03-23T17:39:17,2026-03-23T18:12:30,1993.1,33.22,False,20,19,1,6,5.8,70.6,117,70,5.6,5.6,9.4,7.5,3.16,extensive,extensive,none,5123d4e8b63fdcbb,1b679a3e72cee1a1,da1b0302b03238d8,Collected experimental data; derived measurement fields retained as recorded
OBS0324,P021,SP021-1,A,1,Traditional,TP04,A,Leave Approval,4,2026-03-23T18:26:30,2026-03-23T19:14:40,2890.3,48.17,False,20,13,7,6,5.9,68.5,131,65,5.6,5.6,9.4,7.5,3.16,extensive,extensive,none,5123d4e8b63fdcbb,1b679a3e72cee1a1,da1b0302b03238d8,Collected experimental data; derived measurement fields retained as recorded
OBS0325,P021,SP021-1,A,1,Traditional,TP05,A,Currency Rate Service,5,2026-03-23T20:03:40,2026-03-23T20:49:58,2777.8,46.3,False,20,18,2,5,6.5,67.4,126,70,5.6,5.6,9.4,7.5,3.16,extensive,extensive,none,5123d4e8b63fdcbb,1b679a3e72cee1a1,da1b0302b03238d8,Collected experimental data; derived measurement fields retained as recorded
OBS0326,P021,SP021-1,A,1,Traditional,TP06,A,Employee Import,6,2026-03-23T21:11:58,2026-03-23T21:47:21,2123.2,35.39,False,20,16,4,5,5.9,66.8,108,75,5.6,5.6,9.4,7.5,3.16,extensive,extensive,none,5123d4e8b63fdcbb,1b679a3e72cee1a1,da1b0302b03238d8,Collected experimental data; derived measurement fields retained as recorded
OBS0327,P021,SP021-1,A,1,Traditional,TP07,A,Notification Preferences,7,2026-03-23T22:09:21,2026-03-23T22:50:59,2498.2,41.64,False,22,20,2,4,5.9,73.0,123,65,5.6,5.6,9.4,7.5,3.16,extensive,extensive,none,5123d4e8b63fdcbb,1b679a3e72cee1a1,da1b0302b03238d8,Collected experimental data; derived measurement fields retained as recorded
OBS0328,P021,SP021-1,A,1,Traditional,TP08,A,Resource Utilization,8,2026-03-23T23:07:59,2026-03-23T23:51:14,2594.8,43.25,False,24,21,3,6,6.3,74.1,127,70,5.6,5.6,9.4,7.5,3.16,extensive,extensive,none,5123d4e8b63fdcbb,1b679a3e72cee1a1,da1b0302b03238d8,Collected experimental data; derived measurement fields retained as recorded
OBS0329,P021,SP021-2,A,2,AI,TP01,B,Supplier Contract API,1,2026-04-15T15:24:00,2026-04-15T15:50:41,1600.8,26.68,False,20,14,6,3,5.6,76.8,133,65,5.6,5.6,9.4,7.5,3.16,extensive,extensive,none,5123d4e8b63fdcbb,1b679a3e72cee1a1,da1b0302b03238d8,Collected experimental data; derived measurement fields retained as recorded
OBS0330,P021,SP021-2,A,2,AI,TP02,B,Document Access Policy,2,2026-04-15T16:12:41,2026-04-15T16:43:50,1868.6,31.14,False,20,16,4,3,5.5,75.4,88,65,5.6,5.6,9.4,7.5,3.16,extensive,extensive,none,5123d4e8b63fdcbb,1b679a3e72cee1a1,da1b0302b03238d8,Collected experimental data; derived measurement fields retained as recorded
OBS0331,P021,SP021-2,A,2,AI,TP03,B,Purchase Order Fulfilment,3,2026-04-15T16:59:50,2026-04-15T17:29:19,1768.7,29.48,False,24,18,6,2,6.8,70.1,111,60,5.6,5.6,9.4,7.5,3.16,extensive,extensive,none,5123d4e8b63fdcbb,1b679a3e72cee1a1,da1b0302b03238d8,Collected experimental data; derived measurement fields retained as recorded
OBS0332,P021,SP021-2,A,2,AI,TP04,B,Expense Reimbursement,4,2026-04-15T17:47:19,2026-04-15T18:23:48,2189.4,36.49,False,24,19,5,5,4.7,79.1,112,65,5.6,5.6,9.4,7.5,3.16,extensive,extensive,none,5123d4e8b63fdcbb,1b679a3e72cee1a1,da1b0302b03238d8,Collected experimental data; derived measurement fields retained as recorded
OBS0333,P021,SP021-2,A,2,AI,TP05,B,Shipping Rate Service,5,2026-04-15T19:06:48,2026-04-15T19:53:06,2778.0,46.3,False,20,20,0,4,4.0,81.6,134,60,5.6,5.6,9.4,7.5,3.16,extensive,extensive,none,5123d4e8b63fdcbb,1b679a3e72cee1a1,da1b0302b03238d8,Collected experimental data; derived measurement fields retained as recorded
OBS0334,P021,SP021-2,A,2,AI,TP06,B,Product Catalog Import,6,2026-04-15T20:18:06,2026-04-15T20:49:31,1885.4,31.42,False,22,20,2,2,4.1,79.9,95,65,5.6,5.6,9.4,7.5,3.16,extensive,extensive,none,5123d4e8b63fdcbb,1b679a3e72cee1a1,da1b0302b03238d8,Collected experimental data; derived measurement fields retained as recorded
OBS0335,P021,SP021-2,A,2,AI,TP07,B,Alert Subscriptions,7,2026-04-15T21:14:31,2026-04-15T21:48:57,2066.1,34.43,False,20,18,2,4,5.8,78.5,125,60,5.6,5.6,9.4,7.5,3.16,extensive,extensive,none,5123d4e8b63fdcbb,1b679a3e72cee1a1,da1b0302b03238d8,Collected experimental data; derived measurement fields retained as recorded
OBS0336,P021,SP021-2,A,2,AI,TP08,B,Support Ticket SLA,8,2026-04-15T22:04:57,2026-04-15T22:43:13,2296.2,38.27,False,20,18,2,4,5.2,68.4,112,65,5.6,5.6,9.4,7.5,3.16,extensive,extensive,none,5123d4e8b63fdcbb,1b679a3e72cee1a1,da1b0302b03238d8,Collected experimental data; derived measurement fields retained as recorded
OBS0337,P022,SP022-1,B,1,AI,TP01,A,Equipment Maintenance API,1,2026-03-26T09:50:00,2026-03-26T10:35:24,2724.0,45.4,False,18,14,4,5,5.5,70.4,159,60,1.1,0.9,2.0,0.8,1.75,occasional,occasional,none,5123d4e8b63fdcbb,1b679a3e72cee1a1,da1b0302b03238d8,Collected experimental data; derived measurement fields retained as recorded
OBS0338,P022,SP022-1,B,1,AI,TP02,A,Project Access Policy,2,2026-03-26T10:51:24,2026-03-26T11:31:55,2431.1,40.52,False,20,19,1,5,5.5,65.5,161,60,1.1,0.9,2.0,0.8,1.75,occasional,occasional,none,5123d4e8b63fdcbb,1b679a3e72cee1a1,da1b0302b03238d8,Collected experimental data; derived measurement fields retained as recorded
OBS0339,P022,SP022-1,B,1,AI,TP03,A,Invoice Aging,3,2026-03-26T11:44:55,2026-03-26T12:16:57,1921.7,32.03,False,24,24,0,3,6.3,75.7,120,60,1.1,0.9,2.0,0.8,1.75,occasional,occasional,none,5123d4e8b63fdcbb,1b679a3e72cee1a1,da1b0302b03238d8,Collected experimental data; derived measurement fields retained as recorded
OBS0340,P022,SP022-1,B,1,AI,TP04,A,Leave Approval,4,2026-03-26T12:37:57,2026-03-26T13:19:10,2472.8,41.21,False,20,19,1,4,5.9,69.6,124,60,1.1,0.9,2.0,0.8,1.75,occasional,occasional,none,5123d4e8b63fdcbb,1b679a3e72cee1a1,da1b0302b03238d8,Collected experimental data; derived measurement fields retained as recorded
OBS0341,P022,SP022-1,B,1,AI,TP05,A,Currency Rate Service,5,2026-03-26T14:11:10,2026-03-26T15:03:51,3160.7,52.68,False,22,18,4,3,5.9,72.0,154,60,1.1,0.9,2.0,0.8,1.75,occasional,occasional,none,5123d4e8b63fdcbb,1b679a3e72cee1a1,da1b0302b03238d8,Collected experimental data; derived measurement fields retained as recorded
OBS0342,P022,SP022-1,B,1,AI,TP06,A,Employee Import,6,2026-03-26T15:21:51,2026-03-26T16:01:26,2374.5,39.58,False,22,20,2,4,6.0,67.9,126,65,1.1,0.9,2.0,0.8,1.75,occasional,occasional,none,5123d4e8b63fdcbb,1b679a3e72cee1a1,da1b0302b03238d8,Collected experimental data; derived measurement fields retained as recorded
OBS0343,P022,SP022-1,B,1,AI,TP07,A,Notification Preferences,7,2026-03-26T16:17:26,2026-03-26T16:55:52,2306.4,38.44,False,18,16,2,7,5.4,74.4,159,55,1.1,0.9,2.0,0.8,1.75,occasional,occasional,none,5123d4e8b63fdcbb,1b679a3e72cee1a1,da1b0302b03238d8,Collected experimental data; derived measurement fields retained as recorded
OBS0344,P022,SP022-1,B,1,AI,TP08,A,Resource Utilization,8,2026-03-26T17:13:52,2026-03-26T18:10:27,3395.1,56.58,False,18,16,2,4,6.1,75.0,154,65,1.1,0.9,2.0,0.8,1.75,occasional,occasional,none,5123d4e8b63fdcbb,1b679a3e72cee1a1,da1b0302b03238d8,Collected experimental data; derived measurement fields retained as recorded
OBS0345,P022,SP022-2,B,2,Traditional,TP01,B,Supplier Contract API,1,2026-04-20T13:07:00,2026-04-20T13:48:26,2485.7,41.43,False,22,15,7,6,7.2,61.5,132,75,1.1,0.9,2.0,0.8,1.75,occasional,occasional,none,5123d4e8b63fdcbb,1b679a3e72cee1a1,da1b0302b03238d8,Collected experimental data; derived measurement fields retained as recorded
OBS0346,P022,SP022-2,B,2,Traditional,TP02,B,Document Access Policy,2,2026-04-20T14:04:26,2026-04-20T14:42:36,2289.7,38.16,False,20,18,2,7,6.2,68.9,158,80,1.1,0.9,2.0,0.8,1.75,occasional,occasional,none,5123d4e8b63fdcbb,1b679a3e72cee1a1,da1b0302b03238d8,Collected experimental data; derived measurement fields retained as recorded
OBS0347,P022,SP022-2,B,2,Traditional,TP03,B,Purchase Order Fulfilment,3,2026-04-20T14:55:36,2026-04-20T15:43:33,2876.5,47.94,False,20,17,3,6,6.6,64.0,130,75,1.1,0.9,2.0,0.8,1.75,occasional,occasional,none,5123d4e8b63fdcbb,1b679a3e72cee1a1,da1b0302b03238d8,Collected experimental data; derived measurement fields retained as recorded
OBS0348,P022,SP022-2,B,2,Traditional,TP04,B,Expense Reimbursement,4,2026-04-20T16:00:33,2026-04-20T16:53:43,3189.5,53.16,False,20,15,5,6,6.2,63.4,136,80,1.1,0.9,2.0,0.8,1.75,occasional,occasional,none,5123d4e8b63fdcbb,1b679a3e72cee1a1,da1b0302b03238d8,Collected experimental data; derived measurement fields retained as recorded
OBS0349,P022,SP022-2,B,2,Traditional,TP05,B,Shipping Rate Service,5,2026-04-20T17:38:43,2026-04-20T18:32:35,3231.8,53.86,False,24,21,3,5,6.4,67.0,121,80,1.1,0.9,2.0,0.8,1.75,occasional,occasional,none,5123d4e8b63fdcbb,1b679a3e72cee1a1,da1b0302b03238d8,Collected experimental data; derived measurement fields retained as recorded
OBS0350,P022,SP022-2,B,2,Traditional,TP06,B,Product Catalog Import,6,2026-04-20T18:58:35,2026-04-20T19:42:52,2657.2,44.29,False,20,15,5,7,6.2,59.6,138,80,1.1,0.9,2.0,0.8,1.75,occasional,occasional,none,5123d4e8b63fdcbb,1b679a3e72cee1a1,da1b0302b03238d8,Collected experimental data; derived measurement fields retained as recorded
OBS0351,P022,SP022-2,B,2,Traditional,TP07,B,Alert Subscriptions,7,2026-04-20T20:02:52,2026-04-20T20:53:13,3021.3,50.36,False,18,14,4,4,5.7,66.3,129,85,1.1,0.9,2.0,0.8,1.75,occasional,occasional,none,5123d4e8b63fdcbb,1b679a3e72cee1a1,da1b0302b03238d8,Collected experimental data; derived measurement fields retained as recorded
OBS0352,P022,SP022-2,B,2,Traditional,TP08,B,Support Ticket SLA,8,2026-04-20T21:10:13,2026-04-20T22:00:05,2992.2,49.87,False,22,16,6,5,6.4,69.6,137,85,1.1,0.9,2.0,0.8,1.75,occasional,occasional,none,5123d4e8b63fdcbb,1b679a3e72cee1a1,da1b0302b03238d8,Collected experimental data; derived measurement fields retained as recorded
OBS0353,P023,SP023-1,C,1,Traditional,TP01,B,Supplier Contract API,1,2026-03-27T14:39:00,2026-03-27T15:17:48,2328.5,38.81,False,18,13,5,6,6.2,67.1,126,70,5.4,3.4,4.4,1.9,2.77,regular,extensive,none,5123d4e8b63fdcbb,1b679a3e72cee1a1,da1b0302b03238d8,Collected experimental data; derived measurement fields retained as recorded
OBS0354,P023,SP023-1,C,1,Traditional,TP02,B,Document Access Policy,2,2026-03-27T15:35:48,2026-03-27T16:15:11,2362.6,39.38,False,22,15,7,6,6.9,65.6,124,80,5.4,3.4,4.4,1.9,2.77,regular,extensive,none,5123d4e8b63fdcbb,1b679a3e72cee1a1,da1b0302b03238d8,Collected experimental data; derived measurement fields retained as recorded
OBS0355,P023,SP023-1,C,1,Traditional,TP03,B,Purchase Order Fulfilment,3,2026-03-27T16:27:11,2026-03-27T17:11:37,2665.6,44.43,False,20,17,3,7,6.4,65.0,115,75,5.4,3.4,4.4,1.9,2.77,regular,extensive,none,5123d4e8b63fdcbb,1b679a3e72cee1a1,da1b0302b03238d8,Collected experimental data; derived measurement fields retained as recorded
OBS0356,P023,SP023-1,C,1,Traditional,TP04,B,Expense Reimbursement,4,2026-03-27T17:32:37,2026-03-27T18:16:45,2647.6,44.13,False,22,21,1,6,6.3,74.3,126,70,5.4,3.4,4.4,1.9,2.77,regular,extensive,none,5123d4e8b63fdcbb,1b679a3e72cee1a1,da1b0302b03238d8,Collected experimental data; derived measurement fields retained as recorded
OBS0357,P023,SP023-1,C,1,Traditional,TP05,B,Shipping Rate Service,5,2026-03-27T19:06:45,2026-03-27T20:03:38,3413.4,56.89,False,18,18,0,4,6.1,65.9,128,70,5.4,3.4,4.4,1.9,2.77,regular,extensive,none,5123d4e8b63fdcbb,1b679a3e72cee1a1,da1b0302b03238d8,Collected experimental data; derived measurement fields retained as recorded
OBS0358,P023,SP023-1,C,1,Traditional,TP06,B,Product Catalog Import,6,2026-03-27T20:25:38,2026-03-27T21:06:10,2431.8,40.53,False,22,19,3,7,6.6,70.0,131,75,5.4,3.4,4.4,1.9,2.77,regular,extensive,none,5123d4e8b63fdcbb,1b679a3e72cee1a1,da1b0302b03238d8,Collected experimental data; derived measurement fields retained as recorded
OBS0359,P023,SP023-1,C,1,Traditional,TP07,B,Alert Subscriptions,7,2026-03-27T21:30:10,2026-03-27T22:08:04,2274.1,37.9,False,22,20,2,4,6.4,69.8,130,80,5.4,3.4,4.4,1.9,2.77,regular,extensive,none,5123d4e8b63fdcbb,1b679a3e72cee1a1,da1b0302b03238d8,Collected experimental data; derived measurement fields retained as recorded
OBS0360,P023,SP023-1,C,1,Traditional,TP08,B,Support Ticket SLA,8,2026-03-27T22:29:04,2026-03-27T23:14:14,2709.8,45.16,False,22,19,3,6,6.4,64.4,134,75,5.4,3.4,4.4,1.9,2.77,regular,extensive,none,5123d4e8b63fdcbb,1b679a3e72cee1a1,da1b0302b03238d8,Collected experimental data; derived measurement fields retained as recorded
OBS0361,P023,SP023-2,C,2,AI,TP01,A,Equipment Maintenance API,1,2026-04-27T15:40:00,2026-04-27T16:11:15,1874.9,31.25,False,22,20,2,4,5.1,73.7,129,50,5.4,3.4,4.4,1.9,2.77,regular,extensive,none,5123d4e8b63fdcbb,1b679a3e72cee1a1,da1b0302b03238d8,Collected experimental data; derived measurement fields retained as recorded
OBS0362,P023,SP023-2,C,2,AI,TP02,A,Project Access Policy,2,2026-04-27T16:32:15,2026-04-27T17:09:48,2253.3,37.56,False,18,17,1,5,4.8,71.2,144,60,5.4,3.4,4.4,1.9,2.77,regular,extensive,none,5123d4e8b63fdcbb,1b679a3e72cee1a1,da1b0302b03238d8,Collected experimental data; derived measurement fields retained as recorded
OBS0363,P023,SP023-2,C,2,AI,TP03,A,Invoice Aging,3,2026-04-27T17:28:48,2026-04-27T18:04:30,2142.1,35.7,False,20,20,0,5,4.9,66.9,134,60,5.4,3.4,4.4,1.9,2.77,regular,extensive,none,5123d4e8b63fdcbb,1b679a3e72cee1a1,da1b0302b03238d8,Collected experimental data; derived measurement fields retained as recorded
OBS0364,P023,SP023-2,C,2,AI,TP04,A,Leave Approval,4,2026-04-27T18:21:30,2026-04-27T19:06:43,2712.5,45.21,False,18,15,3,6,5.7,74.0,142,55,5.4,3.4,4.4,1.9,2.77,regular,extensive,none,5123d4e8b63fdcbb,1b679a3e72cee1a1,da1b0302b03238d8,Collected experimental data; derived measurement fields retained as recorded
OBS0365,P023,SP023-2,C,2,AI,TP05,A,Currency Rate Service,5,2026-04-27T19:48:43,2026-04-27T20:36:42,2879.2,47.99,False,22,22,0,7,4.1,69.9,145,60,5.4,3.4,4.4,1.9,2.77,regular,extensive,none,5123d4e8b63fdcbb,1b679a3e72cee1a1,da1b0302b03238d8,Collected experimental data; derived measurement fields retained as recorded
OBS0366,P023,SP023-2,C,2,AI,TP06,A,Employee Import,6,2026-04-27T20:51:42,2026-04-27T21:34:53,2590.6,43.18,False,20,18,2,6,5.8,76.5,152,60,5.4,3.4,4.4,1.9,2.77,regular,extensive,none,5123d4e8b63fdcbb,1b679a3e72cee1a1,da1b0302b03238d8,Collected experimental data; derived measurement fields retained as recorded
OBS0367,P023,SP023-2,C,2,AI,TP07,A,Notification Preferences,7,2026-04-27T21:55:53,2026-04-27T22:44:58,2945.2,49.09,False,18,17,1,5,5.8,72.7,165,60,5.4,3.4,4.4,1.9,2.77,regular,extensive,none,5123d4e8b63fdcbb,1b679a3e72cee1a1,da1b0302b03238d8,Collected experimental data; derived measurement fields retained as recorded
OBS0368,P023,SP023-2,C,2,AI,TP08,A,Resource Utilization,8,2026-04-27T23:04:58,2026-04-28T00:00:45,3346.9,55.78,False,20,19,1,3,5.2,68.0,156,60,5.4,3.4,4.4,1.9,2.77,regular,extensive,none,5123d4e8b63fdcbb,1b679a3e72cee1a1,da1b0302b03238d8,Collected experimental data; derived measurement fields retained as recorded
OBS0369,P024,SP024-1,D,1,AI,TP01,B,Supplier Contract API,1,2026-03-30T10:37:00,2026-03-30T11:02:00,1500.3,25.0,False,22,19,3,3,4.8,78.8,136,65,13.7,10.1,5.9,5.8,3.21,extensive,extensive,none,5123d4e8b63fdcbb,1b679a3e72cee1a1,da1b0302b03238d8,Collected experimental data; derived measurement fields retained as recorded
OBS0370,P024,SP024-1,D,1,AI,TP02,B,Document Access Policy,2,2026-03-30T11:20:00,2026-03-30T11:50:28,1828.2,30.47,False,20,18,2,4,5.7,72.0,135,60,13.7,10.1,5.9,5.8,3.21,extensive,extensive,none,5123d4e8b63fdcbb,1b679a3e72cee1a1,da1b0302b03238d8,Collected experimental data; derived measurement fields retained as recorded
OBS0371,P024,SP024-1,D,1,AI,TP03,B,Purchase Order Fulfilment,3,2026-03-30T12:11:28,2026-03-30T12:41:30,1802.1,30.04,False,20,18,2,3,5.8,75.0,134,65,13.7,10.1,5.9,5.8,3.21,extensive,extensive,none,5123d4e8b63fdcbb,1b679a3e72cee1a1,da1b0302b03238d8,Collected experimental data; derived measurement fields retained as recorded
OBS0372,P024,SP024-1,D,1,AI,TP04,B,Expense Reimbursement,4,2026-03-30T12:59:30,2026-03-30T13:35:15,2145.0,35.75,False,20,18,2,5,5.3,77.8,144,60,13.7,10.1,5.9,5.8,3.21,extensive,extensive,none,5123d4e8b63fdcbb,1b679a3e72cee1a1,da1b0302b03238d8,Collected experimental data; derived measurement fields retained as recorded
OBS0373,P024,SP024-1,D,1,AI,TP05,B,Shipping Rate Service,5,2026-03-30T14:19:15,2026-03-30T14:59:53,2438.1,40.64,False,18,15,3,3,4.6,74.7,126,65,13.7,10.1,5.9,5.8,3.21,extensive,extensive,timer_pause_approved,5123d4e8b63fdcbb,1b679a3e72cee1a1,da1b0302b03238d8,Collected experimental data; derived measurement fields retained as recorded
OBS0374,P024,SP024-1,D,1,AI,TP06,B,Product Catalog Import,6,2026-03-30T15:20:53,2026-03-30T16:04:15,2601.7,43.36,False,20,16,4,5,5.1,72.4,125,70,13.7,10.1,5.9,5.8,3.21,extensive,extensive,none,5123d4e8b63fdcbb,1b679a3e72cee1a1,da1b0302b03238d8,Collected experimental data; derived measurement fields retained as recorded
OBS0375,P024,SP024-1,D,1,AI,TP07,B,Alert Subscriptions,7,2026-03-30T16:29:15,2026-03-30T17:17:32,2896.9,48.28,False,22,19,3,0,5.6,80.1,116,70,13.7,10.1,5.9,5.8,3.21,extensive,extensive,none,5123d4e8b63fdcbb,1b679a3e72cee1a1,da1b0302b03238d8,Collected experimental data; derived measurement fields retained as recorded
OBS0376,P024,SP024-1,D,1,AI,TP08,B,Support Ticket SLA,8,2026-03-30T17:35:32,2026-03-30T18:14:35,2342.8,39.05,False,20,16,4,3,5.4,74.3,137,65,13.7,10.1,5.9,5.8,3.21,extensive,extensive,none,5123d4e8b63fdcbb,1b679a3e72cee1a1,da1b0302b03238d8,Collected experimental data; derived measurement fields retained as recorded
OBS0377,P024,SP024-2,D,2,Traditional,TP01,A,Equipment Maintenance API,1,2026-04-30T15:37:00,2026-04-30T16:10:53,2032.6,33.88,False,20,19,1,2,5.8,73.8,125,65,13.7,10.1,5.9,5.8,3.21,extensive,extensive,none,5123d4e8b63fdcbb,1b679a3e72cee1a1,da1b0302b03238d8,Collected experimental data; derived measurement fields retained as recorded
OBS0378,P024,SP024-2,D,2,Traditional,TP02,A,Project Access Policy,2,2026-04-30T16:24:53,2026-04-30T17:00:25,2132.2,35.54,False,20,18,2,5,5.7,74.4,120,70,13.7,10.1,5.9,5.8,3.21,extensive,extensive,none,5123d4e8b63fdcbb,1b679a3e72cee1a1,da1b0302b03238d8,Collected experimental data; derived measurement fields retained as recorded
OBS0379,P024,SP024-2,D,2,Traditional,TP03,A,Invoice Aging,3,2026-04-30T17:14:25,2026-04-30T17:50:21,2155.8,35.93,False,20,19,1,6,5.5,74.9,126,70,13.7,10.1,5.9,5.8,3.21,extensive,extensive,none,5123d4e8b63fdcbb,1b679a3e72cee1a1,da1b0302b03238d8,Collected experimental data; derived measurement fields retained as recorded
OBS0380,P024,SP024-2,D,2,Traditional,TP04,A,Leave Approval,4,2026-04-30T18:03:21,2026-04-30T18:43:41,2419.5,40.33,False,20,18,2,5,5.8,69.8,103,70,13.7,10.1,5.9,5.8,3.21,extensive,extensive,none,5123d4e8b63fdcbb,1b679a3e72cee1a1,da1b0302b03238d8,Collected experimental data; derived measurement fields retained as recorded
OBS0381,P024,SP024-2,D,2,Traditional,TP05,A,Currency Rate Service,5,2026-04-30T19:32:41,2026-04-30T20:10:00,2239.1,37.32,False,22,21,1,7,5.7,73.2,124,65,13.7,10.1,5.9,5.8,3.21,extensive,extensive,brief_network_interruption,5123d4e8b63fdcbb,1b679a3e72cee1a1,da1b0302b03238d8,Collected experimental data; derived measurement fields retained as recorded
OBS0382,P024,SP024-2,D,2,Traditional,TP06,A,Employee Import,6,2026-04-30T20:31:00,2026-04-30T21:12:50,2510.5,41.84,False,18,14,4,5,6.5,66.5,122,75,13.7,10.1,5.9,5.8,3.21,extensive,extensive,none,5123d4e8b63fdcbb,1b679a3e72cee1a1,da1b0302b03238d8,Collected experimental data; derived measurement fields retained as recorded
OBS0383,P024,SP024-2,D,2,Traditional,TP07,A,Notification Preferences,7,2026-04-30T21:30:50,2026-04-30T22:11:32,2442.3,40.71,False,20,16,4,5,5.3,72.9,150,75,13.7,10.1,5.9,5.8,3.21,extensive,extensive,none,5123d4e8b63fdcbb,1b679a3e72cee1a1,da1b0302b03238d8,Collected experimental data; derived measurement fields retained as recorded
OBS0384,P024,SP024-2,D,2,Traditional,TP08,A,Resource Utilization,8,2026-04-30T22:33:32,2026-04-30T23:08:54,2121.6,35.36,False,20,18,2,5,6.7,68.9,129,75,13.7,10.1,5.9,5.8,3.21,extensive,extensive,none,5123d4e8b63fdcbb,1b679a3e72cee1a1,da1b0302b03238d8,Collected experimental data; derived measurement fields retained as recorded
OBS0385,P025,SP025-1,A,1,Traditional,TP01,A,Equipment Maintenance API,1,2026-04-01T10:37:00,2026-04-01T11:05:43,1722.7,28.71,False,20,16,4,7,6.6,69.8,122,70,1.4,0.3,1.0,1.2,1.0,never,never,none,5123d4e8b63fdcbb,1b679a3e72cee1a1,da1b0302b03238d8,Collected experimental data; derived measurement fields retained as recorded
OBS0386,P025,SP025-1,A,1,Traditional,TP02,A,Project Access Policy,2,2026-04-01T11:22:43,2026-04-01T12:06:26,2622.9,43.72,False,24,20,4,6,6.9,67.8,121,75,1.4,0.3,1.0,1.2,1.0,never,never,none,5123d4e8b63fdcbb,1b679a3e72cee1a1,da1b0302b03238d8,Collected experimental data; derived measurement fields retained as recorded
OBS0387,P025,SP025-1,A,1,Traditional,TP03,A,Invoice Aging,3,2026-04-01T12:23:26,2026-04-01T13:03:24,2397.9,39.97,False,20,14,6,6,6.0,70.6,120,70,1.4,0.3,1.0,1.2,1.0,never,never,none,5123d4e8b63fdcbb,1b679a3e72cee1a1,da1b0302b03238d8,Collected experimental data; derived measurement fields retained as recorded
OBS0388,P025,SP025-1,A,1,Traditional,TP04,A,Leave Approval,4,2026-04-01T13:16:24,2026-04-01T13:50:38,2053.8,34.23,False,22,17,5,5,5.8,62.1,107,80,1.4,0.3,1.0,1.2,1.0,never,never,none,5123d4e8b63fdcbb,1b679a3e72cee1a1,da1b0302b03238d8,Collected experimental data; derived measurement fields retained as recorded
OBS0389,P025,SP025-1,A,1,Traditional,TP05,A,Currency Rate Service,5,2026-04-01T14:40:38,2026-04-01T15:28:49,2890.5,48.18,False,18,12,6,6,6.4,71.3,107,75,1.4,0.3,1.0,1.2,1.0,never,never,none,5123d4e8b63fdcbb,1b679a3e72cee1a1,da1b0302b03238d8,Collected experimental data; derived measurement fields retained as recorded
OBS0390,P025,SP025-1,A,1,Traditional,TP06,A,Employee Import,6,2026-04-01T15:51:49,2026-04-01T16:37:55,2766.1,46.1,False,24,21,3,7,6.4,75.8,134,75,1.4,0.3,1.0,1.2,1.0,never,never,none,5123d4e8b63fdcbb,1b679a3e72cee1a1,da1b0302b03238d8,Collected experimental data; derived measurement fields retained as recorded
OBS0391,P025,SP025-1,A,1,Traditional,TP07,A,Notification Preferences,7,2026-04-01T16:54:55,2026-04-01T17:34:16,2361.1,39.35,False,24,19,5,7,6.3,63.0,125,70,1.4,0.3,1.0,1.2,1.0,never,never,none,5123d4e8b63fdcbb,1b679a3e72cee1a1,da1b0302b03238d8,Collected experimental data; derived measurement fields retained as recorded
OBS0392,P025,SP025-1,A,1,Traditional,TP08,A,Resource Utilization,8,2026-04-01T17:54:16,2026-04-01T18:30:50,2193.9,36.57,False,18,12,6,6,5.9,69.3,134,75,1.4,0.3,1.0,1.2,1.0,never,never,none,5123d4e8b63fdcbb,1b679a3e72cee1a1,da1b0302b03238d8,Collected experimental data; derived measurement fields retained as recorded
OBS0393,P025,SP025-2,A,2,AI,TP01,B,Supplier Contract API,1,2026-05-04T15:51:00,2026-05-04T16:13:06,1325.8,22.1,False,20,20,0,4,4.1,74.4,115,55,1.4,0.3,1.0,1.2,1.0,never,never,none,5123d4e8b63fdcbb,1b679a3e72cee1a1,da1b0302b03238d8,Collected experimental data; derived measurement fields retained as recorded
OBS0394,P025,SP025-2,A,2,AI,TP02,B,Document Access Policy,2,2026-05-04T16:31:06,2026-05-04T16:58:14,1628.3,27.14,False,20,19,1,5,5.7,77.7,137,55,1.4,0.3,1.0,1.2,1.0,never,never,none,5123d4e8b63fdcbb,1b679a3e72cee1a1,da1b0302b03238d8,Collected experimental data; derived measurement fields retained as recorded
OBS0395,P025,SP025-2,A,2,AI,TP03,B,Purchase Order Fulfilment,3,2026-05-04T17:20:14,2026-05-04T17:44:40,1466.0,24.43,False,20,17,3,5,5.7,68.6,151,55,1.4,0.3,1.0,1.2,1.0,never,never,none,5123d4e8b63fdcbb,1b679a3e72cee1a1,da1b0302b03238d8,Collected experimental data; derived measurement fields retained as recorded
OBS0396,P025,SP025-2,A,2,AI,TP04,B,Expense Reimbursement,4,2026-05-04T18:02:40,2026-05-04T18:34:30,1909.9,31.83,False,20,14,6,4,5.6,69.1,127,60,1.4,0.3,1.0,1.2,1.0,never,never,none,5123d4e8b63fdcbb,1b679a3e72cee1a1,da1b0302b03238d8,Collected experimental data; derived measurement fields retained as recorded
OBS0397,P025,SP025-2,A,2,AI,TP05,B,Shipping Rate Service,5,2026-05-04T19:12:30,2026-05-04T19:43:36,1865.8,31.1,False,20,17,3,5,4.7,80.5,125,60,1.4,0.3,1.0,1.2,1.0,never,never,none,5123d4e8b63fdcbb,1b679a3e72cee1a1,da1b0302b03238d8,Collected experimental data; derived measurement fields retained as recorded
OBS0398,P025,SP025-2,A,2,AI,TP06,B,Product Catalog Import,6,2026-05-04T20:04:36,2026-05-04T20:32:36,1680.0,28.0,False,22,18,4,4,5.5,76.9,144,60,1.4,0.3,1.0,1.2,1.0,never,never,none,5123d4e8b63fdcbb,1b679a3e72cee1a1,da1b0302b03238d8,Collected experimental data; derived measurement fields retained as recorded
OBS0399,P025,SP025-2,A,2,AI,TP07,B,Alert Subscriptions,7,2026-05-04T20:52:36,2026-05-04T21:32:23,2386.8,39.78,False,20,18,2,5,5.3,70.8,122,55,1.4,0.3,1.0,1.2,1.0,never,never,none,5123d4e8b63fdcbb,1b679a3e72cee1a1,da1b0302b03238d8,Collected experimental data; derived measurement fields retained as recorded
OBS0400,P025,SP025-2,A,2,AI,TP08,B,Support Ticket SLA,8,2026-05-04T21:50:23,2026-05-04T22:33:46,2603.4,43.39,False,20,16,4,4,4.7,71.2,123,55,1.4,0.3,1.0,1.2,1.0,never,never,none,5123d4e8b63fdcbb,1b679a3e72cee1a1,da1b0302b03238d8,Collected experimental data; derived measurement fields retained as recorded
OBS0401,P026,SP026-1,B,1,AI,TP01,A,Equipment Maintenance API,1,2026-04-01T14:52:00,2026-04-01T15:28:13,2173.1,36.22,False,18,15,3,3,4.9,70.5,142,60,4.9,4.1,3.8,2.0,2.42,regular,regular,none,5123d4e8b63fdcbb,1b679a3e72cee1a1,da1b0302b03238d8,Collected experimental data; derived measurement fields retained as recorded
OBS0402,P026,SP026-1,B,1,AI,TP02,A,Project Access Policy,2,2026-04-01T15:50:13,2026-04-01T16:32:28,2535.2,42.25,False,24,20,4,5,4.8,75.8,123,70,4.9,4.1,3.8,2.0,2.42,regular,regular,none,5123d4e8b63fdcbb,1b679a3e72cee1a1,da1b0302b03238d8,Collected experimental data; derived measurement fields retained as recorded
OBS0403,P026,SP026-1,B,1,AI,TP03,A,Invoice Aging,3,2026-04-01T16:50:28,2026-04-01T17:29:49,2360.8,39.35,False,20,18,2,3,6.6,66.7,131,65,4.9,4.1,3.8,2.0,2.42,regular,regular,none,5123d4e8b63fdcbb,1b679a3e72cee1a1,da1b0302b03238d8,Collected experimental data; derived measurement fields retained as recorded
OBS0404,P026,SP026-1,B,1,AI,TP04,A,Leave Approval,4,2026-04-01T17:46:49,2026-04-01T18:36:10,2960.8,49.35,False,20,12,8,4,5.5,65.0,140,65,4.9,4.1,3.8,2.0,2.42,regular,regular,none,5123d4e8b63fdcbb,1b679a3e72cee1a1,da1b0302b03238d8,Collected experimental data; derived measurement fields retained as recorded
OBS0405,P026,SP026-1,B,1,AI,TP05,A,Currency Rate Service,5,2026-04-01T19:25:10,2026-04-01T20:11:08,2758.3,45.97,False,20,20,0,3,5.1,80.9,119,65,4.9,4.1,3.8,2.0,2.42,regular,regular,none,5123d4e8b63fdcbb,1b679a3e72cee1a1,da1b0302b03238d8,Collected experimental data; derived measurement fields retained as recorded
OBS0406,P026,SP026-1,B,1,AI,TP06,A,Employee Import,6,2026-04-01T20:32:08,2026-04-01T21:07:54,2145.7,35.76,False,22,20,2,2,4.5,73.2,126,65,4.9,4.1,3.8,2.0,2.42,regular,regular,none,5123d4e8b63fdcbb,1b679a3e72cee1a1,da1b0302b03238d8,Collected experimental data; derived measurement fields retained as recorded
OBS0407,P026,SP026-1,B,1,AI,TP07,A,Notification Preferences,7,2026-04-01T21:22:54,2026-04-01T22:11:31,2916.9,48.62,False,22,20,2,4,4.9,77.9,137,75,4.9,4.1,3.8,2.0,2.42,regular,regular,none,5123d4e8b63fdcbb,1b679a3e72cee1a1,da1b0302b03238d8,Collected experimental data; derived measurement fields retained as recorded
OBS0408,P026,SP026-1,B,1,AI,TP08,A,Resource Utilization,8,2026-04-01T22:38:31,2026-04-01T23:19:32,2461.5,41.02,False,20,16,4,3,6.6,77.8,128,65,4.9,4.1,3.8,2.0,2.42,regular,regular,none,5123d4e8b63fdcbb,1b679a3e72cee1a1,da1b0302b03238d8,Collected experimental data; derived measurement fields retained as recorded
OBS0409,P026,SP026-2,B,2,Traditional,TP01,B,Supplier Contract API,1,2026-04-08T15:38:00,2026-04-08T16:07:39,1779.4,29.66,False,20,17,3,7,6.4,68.2,122,70,4.9,4.1,3.8,2.0,2.42,regular,regular,none,5123d4e8b63fdcbb,1b679a3e72cee1a1,da1b0302b03238d8,Collected experimental data; derived measurement fields retained as recorded
OBS0410,P026,SP026-2,B,2,Traditional,TP02,B,Document Access Policy,2,2026-04-08T16:22:39,2026-04-08T17:02:38,2399.3,39.99,False,22,14,8,6,6.1,72.6,126,75,4.9,4.1,3.8,2.0,2.42,regular,regular,none,5123d4e8b63fdcbb,1b679a3e72cee1a1,da1b0302b03238d8,Collected experimental data; derived measurement fields retained as recorded
OBS0411,P026,SP026-2,B,2,Traditional,TP03,B,Purchase Order Fulfilment,3,2026-04-08T17:20:38,2026-04-08T17:57:51,2232.7,37.21,False,20,14,6,6,6.5,59.8,110,70,4.9,4.1,3.8,2.0,2.42,regular,regular,none,5123d4e8b63fdcbb,1b679a3e72cee1a1,da1b0302b03238d8,Collected experimental data; derived measurement fields retained as recorded
OBS0412,P026,SP026-2,B,2,Traditional,TP04,B,Expense Reimbursement,4,2026-04-08T18:13:51,2026-04-08T18:54:36,2445.5,40.76,False,20,17,3,6,5.3,71.0,140,70,4.9,4.1,3.8,2.0,2.42,regular,regular,none,5123d4e8b63fdcbb,1b679a3e72cee1a1,da1b0302b03238d8,Collected experimental data; derived measurement fields retained as recorded
OBS0413,P026,SP026-2,B,2,Traditional,TP05,B,Shipping Rate Service,5,2026-04-08T19:36:36,2026-04-08T20:19:34,2578.4,42.97,False,22,20,2,6,6.1,69.4,130,75,4.9,4.1,3.8,2.0,2.42,regular,regular,none,5123d4e8b63fdcbb,1b679a3e72cee1a1,da1b0302b03238d8,Collected experimental data; derived measurement fields retained as recorded
OBS0414,P026,SP026-2,B,2,Traditional,TP06,B,Product Catalog Import,6,2026-04-08T20:41:34,2026-04-08T21:15:17,2023.0,33.72,False,20,16,4,4,6.3,74.5,102,75,4.9,4.1,3.8,2.0,2.42,regular,regular,none,5123d4e8b63fdcbb,1b679a3e72cee1a1,da1b0302b03238d8,Collected experimental data; derived measurement fields retained as recorded
OBS0415,P026,SP026-2,B,2,Traditional,TP07,B,Alert Subscriptions,7,2026-04-08T21:37:17,2026-04-08T22:22:18,2700.8,45.01,False,20,14,6,5,5.8,64.0,119,80,4.9,4.1,3.8,2.0,2.42,regular,regular,none,5123d4e8b63fdcbb,1b679a3e72cee1a1,da1b0302b03238d8,Collected experimental data; derived measurement fields retained as recorded
OBS0416,P026,SP026-2,B,2,Traditional,TP08,B,Support Ticket SLA,8,2026-04-08T22:46:18,2026-04-08T23:28:51,2553.1,42.55,False,20,18,2,5,6.7,61.4,120,75,4.9,4.1,3.8,2.0,2.42,regular,regular,none,5123d4e8b63fdcbb,1b679a3e72cee1a1,da1b0302b03238d8,Collected experimental data; derived measurement fields retained as recorded
OBS0417,P027,SP027-1,C,1,Traditional,TP01,B,Supplier Contract API,1,2026-04-03T13:51:00,2026-04-03T14:30:04,2344.4,39.07,False,20,18,2,6,6.7,69.9,136,75,6.6,10.7,7.8,7.8,3.09,extensive,extensive,none,5123d4e8b63fdcbb,1b679a3e72cee1a1,da1b0302b03238d8,Collected experimental data; derived measurement fields retained as recorded
OBS0418,P027,SP027-1,C,1,Traditional,TP02,B,Document Access Policy,2,2026-04-03T14:49:04,2026-04-03T15:40:38,3093.8,51.56,False,20,17,3,4,7.0,64.1,132,75,6.6,10.7,7.8,7.8,3.09,extensive,extensive,brief_network_interruption,5123d4e8b63fdcbb,1b679a3e72cee1a1,da1b0302b03238d8,Collected experimental data; derived measurement fields retained as recorded
OBS0419,P027,SP027-1,C,1,Traditional,TP03,B,Purchase Order Fulfilment,3,2026-04-03T15:58:38,2026-04-03T16:36:37,2279.0,37.98,False,24,19,5,7,5.6,68.0,146,75,6.6,10.7,7.8,7.8,3.09,extensive,extensive,none,5123d4e8b63fdcbb,1b679a3e72cee1a1,da1b0302b03238d8,Collected experimental data; derived measurement fields retained as recorded
OBS0420,P027,SP027-1,C,1,Traditional,TP04,B,Expense Reimbursement,4,2026-04-03T16:58:37,2026-04-03T17:38:46,2408.5,40.14,False,24,19,5,5,7.2,71.8,135,75,6.6,10.7,7.8,7.8,3.09,extensive,extensive,none,5123d4e8b63fdcbb,1b679a3e72cee1a1,da1b0302b03238d8,Collected experimental data; derived measurement fields retained as recorded
OBS0421,P027,SP027-1,C,1,Traditional,TP05,B,Shipping Rate Service,5,2026-04-03T18:18:46,2026-04-03T19:02:42,2635.8,43.93,False,20,18,2,5,6.0,64.7,127,75,6.6,10.7,7.8,7.8,3.09,extensive,extensive,timer_pause_approved,5123d4e8b63fdcbb,1b679a3e72cee1a1,da1b0302b03238d8,Collected experimental data; derived measurement fields retained as recorded
OBS0422,P027,SP027-1,C,1,Traditional,TP06,B,Product Catalog Import,6,2026-04-03T19:24:42,2026-04-03T20:06:36,2514.1,41.9,False,18,13,5,5,6.5,62.1,118,75,6.6,10.7,7.8,7.8,3.09,extensive,extensive,none,5123d4e8b63fdcbb,1b679a3e72cee1a1,da1b0302b03238d8,Collected experimental data; derived measurement fields retained as recorded
OBS0423,P027,SP027-1,C,1,Traditional,TP07,B,Alert Subscriptions,7,2026-04-03T20:30:36,2026-04-03T21:16:47,2771.2,46.19,False,20,16,4,8,7.5,64.4,140,85,6.6,10.7,7.8,7.8,3.09,extensive,extensive,none,5123d4e8b63fdcbb,1b679a3e72cee1a1,da1b0302b03238d8,Collected experimental data; derived measurement fields retained as recorded
OBS0424,P027,SP027-1,C,1,Traditional,TP08,B,Support Ticket SLA,8,2026-04-03T21:41:47,2026-04-03T22:30:00,2892.8,48.21,False,24,23,1,5,5.4,71.0,122,70,6.6,10.7,7.8,7.8,3.09,extensive,extensive,none,5123d4e8b63fdcbb,1b679a3e72cee1a1,da1b0302b03238d8,Collected experimental data; derived measurement fields retained as recorded
OBS0425,P027,SP027-2,C,2,AI,TP01,A,Equipment Maintenance API,1,2026-04-13T15:53:00,2026-04-13T16:24:42,1901.7,31.7,False,20,16,4,4,6.0,73.7,148,65,6.6,10.7,7.8,7.8,3.09,extensive,extensive,none,5123d4e8b63fdcbb,1b679a3e72cee1a1,da1b0302b03238d8,Collected experimental data; derived measurement fields retained as recorded
OBS0426,P027,SP027-2,C,2,AI,TP02,A,Project Access Policy,2,2026-04-13T16:37:42,2026-04-13T17:11:41,2038.8,33.98,False,24,23,1,5,4.8,78.6,140,60,6.6,10.7,7.8,7.8,3.09,extensive,extensive,none,5123d4e8b63fdcbb,1b679a3e72cee1a1,da1b0302b03238d8,Collected experimental data; derived measurement fields retained as recorded
OBS0427,P027,SP027-2,C,2,AI,TP03,A,Invoice Aging,3,2026-04-13T17:29:41,2026-04-13T18:01:39,1917.7,31.96,False,22,19,3,2,5.8,78.0,140,60,6.6,10.7,7.8,7.8,3.09,extensive,extensive,none,5123d4e8b63fdcbb,1b679a3e72cee1a1,da1b0302b03238d8,Collected experimental data; derived measurement fields retained as recorded
OBS0428,P027,SP027-2,C,2,AI,TP04,A,Leave Approval,4,2026-04-13T18:16:39,2026-04-13T18:56:55,2416.5,40.28,False,20,15,5,5,5.4,75.4,153,60,6.6,10.7,7.8,7.8,3.09,extensive,extensive,none,5123d4e8b63fdcbb,1b679a3e72cee1a1,da1b0302b03238d8,Collected experimental data; derived measurement fields retained as recorded
OBS0429,P027,SP027-2,C,2,AI,TP05,A,Currency Rate Service,5,2026-04-13T19:47:55,2026-04-13T20:28:54,2459.0,40.98,False,24,23,1,2,5.0,78.6,120,65,6.6,10.7,7.8,7.8,3.09,extensive,extensive,none,5123d4e8b63fdcbb,1b679a3e72cee1a1,da1b0302b03238d8,Collected experimental data; derived measurement fields retained as recorded
OBS0430,P027,SP027-2,C,2,AI,TP06,A,Employee Import,6,2026-04-13T20:46:54,2026-04-13T21:18:28,1894.5,31.58,False,22,20,2,2,5.6,68.7,143,65,6.6,10.7,7.8,7.8,3.09,extensive,extensive,none,5123d4e8b63fdcbb,1b679a3e72cee1a1,da1b0302b03238d8,Collected experimental data; derived measurement fields retained as recorded
OBS0431,P027,SP027-2,C,2,AI,TP07,A,Notification Preferences,7,2026-04-13T21:37:28,2026-04-13T22:15:58,2310.2,38.5,False,18,14,4,6,5.4,67.6,157,70,6.6,10.7,7.8,7.8,3.09,extensive,extensive,none,5123d4e8b63fdcbb,1b679a3e72cee1a1,da1b0302b03238d8,Collected experimental data; derived measurement fields retained as recorded
OBS0432,P027,SP027-2,C,2,AI,TP08,A,Resource Utilization,8,2026-04-13T22:38:58,2026-04-13T23:08:00,1741.7,29.03,False,18,15,3,5,5.0,74.6,127,65,6.6,10.7,7.8,7.8,3.09,extensive,extensive,none,5123d4e8b63fdcbb,1b679a3e72cee1a1,da1b0302b03238d8,Collected experimental data; derived measurement fields retained as recorded
OBS0433,P028,SP028-1,D,1,AI,TP01,B,Supplier Contract API,1,2026-03-10T14:26:00,2026-03-10T14:54:56,1736.4,28.94,False,22,22,0,4,5.5,80.6,130,50,1.5,1.5,1.0,0.5,1.71,regular,regular,none,5123d4e8b63fdcbb,1b679a3e72cee1a1,da1b0302b03238d8,Collected experimental data; derived measurement fields retained as recorded
OBS0434,P028,SP028-1,D,1,AI,TP02,B,Document Access Policy,2,2026-03-10T15:10:56,2026-03-10T15:50:06,2349.9,39.16,False,20,19,1,4,5.5,76.9,126,60,1.5,1.5,1.0,0.5,1.71,regular,regular,none,5123d4e8b63fdcbb,1b679a3e72cee1a1,da1b0302b03238d8,Collected experimental data; derived measurement fields retained as recorded
OBS0435,P028,SP028-1,D,1,AI,TP03,B,Purchase Order Fulfilment,3,2026-03-10T16:11:06,2026-03-10T16:38:22,1636.2,27.27,False,22,22,0,3,5.6,78.8,139,55,1.5,1.5,1.0,0.5,1.71,regular,regular,none,5123d4e8b63fdcbb,1b679a3e72cee1a1,da1b0302b03238d8,Collected experimental data; derived measurement fields retained as recorded
OBS0436,P028,SP028-1,D,1,AI,TP04,B,Expense Reimbursement,4,2026-03-10T16:55:22,2026-03-10T17:19:16,1433.8,23.9,False,18,16,2,5,4.6,78.3,135,60,1.5,1.5,1.0,0.5,1.71,regular,regular,none,5123d4e8b63fdcbb,1b679a3e72cee1a1,da1b0302b03238d8,Collected experimental data; derived measurement fields retained as recorded
OBS0437,P028,SP028-1,D,1,AI,TP05,B,Shipping Rate Service,5,2026-03-10T18:11:16,2026-03-10T18:47:01,2144.7,35.74,False,18,13,5,6,5.1,77.8,155,60,1.5,1.5,1.0,0.5,1.71,regular,regular,none,5123d4e8b63fdcbb,1b679a3e72cee1a1,da1b0302b03238d8,Collected experimental data; derived measurement fields retained as recorded
OBS0438,P028,SP028-1,D,1,AI,TP06,B,Product Catalog Import,6,2026-03-10T19:05:01,2026-03-10T19:42:54,2272.5,37.88,False,18,17,1,3,4.2,72.2,105,55,1.5,1.5,1.0,0.5,1.71,regular,regular,none,5123d4e8b63fdcbb,1b679a3e72cee1a1,da1b0302b03238d8,Collected experimental data; derived measurement fields retained as recorded
OBS0439,P028,SP028-1,D,1,AI,TP07,B,Alert Subscriptions,7,2026-03-10T20:04:54,2026-03-10T20:45:45,2451.1,40.85,False,20,20,0,4,5.1,82.9,139,55,1.5,1.5,1.0,0.5,1.71,regular,regular,none,5123d4e8b63fdcbb,1b679a3e72cee1a1,da1b0302b03238d8,Collected experimental data; derived measurement fields retained as recorded
OBS0440,P028,SP028-1,D,1,AI,TP08,B,Support Ticket SLA,8,2026-03-10T21:03:45,2026-03-10T21:40:21,2196.0,36.6,False,20,16,4,3,5.7,80.0,142,65,1.5,1.5,1.0,0.5,1.71,regular,regular,none,5123d4e8b63fdcbb,1b679a3e72cee1a1,da1b0302b03238d8,Collected experimental data; derived measurement fields retained as recorded
OBS0441,P028,SP028-2,D,2,Traditional,TP01,A,Equipment Maintenance API,1,2026-03-19T09:35:00,2026-03-19T10:07:12,1932.2,32.2,False,22,18,4,6,6.2,72.4,123,75,1.5,1.5,1.0,0.5,1.71,regular,regular,none,5123d4e8b63fdcbb,1b679a3e72cee1a1,da1b0302b03238d8,Collected experimental data; derived measurement fields retained as recorded
OBS0442,P028,SP028-2,D,2,Traditional,TP02,A,Project Access Policy,2,2026-03-19T10:27:12,2026-03-19T11:01:48,2076.2,34.6,False,22,18,4,3,6.2,72.5,113,60,1.5,1.5,1.0,0.5,1.71,regular,regular,none,5123d4e8b63fdcbb,1b679a3e72cee1a1,da1b0302b03238d8,Collected experimental data; derived measurement fields retained as recorded
OBS0443,P028,SP028-2,D,2,Traditional,TP03,A,Invoice Aging,3,2026-03-19T11:21:48,2026-03-19T11:58:33,2205.5,36.76,False,20,19,1,4,6.8,69.6,127,70,1.5,1.5,1.0,0.5,1.71,regular,regular,none,5123d4e8b63fdcbb,1b679a3e72cee1a1,da1b0302b03238d8,Collected experimental data; derived measurement fields retained as recorded
OBS0444,P028,SP028-2,D,2,Traditional,TP04,A,Leave Approval,4,2026-03-19T12:11:33,2026-03-19T12:53:57,2543.8,42.4,False,18,16,2,5,6.4,69.7,99,65,1.5,1.5,1.0,0.5,1.71,regular,regular,none,5123d4e8b63fdcbb,1b679a3e72cee1a1,da1b0302b03238d8,Collected experimental data; derived measurement fields retained as recorded
OBS0445,P028,SP028-2,D,2,Traditional,TP05,A,Currency Rate Service,5,2026-03-19T13:36:57,2026-03-19T14:13:06,2169.3,36.16,False,18,14,4,6,4.9,64.3,142,70,1.5,1.5,1.0,0.5,1.71,regular,regular,none,5123d4e8b63fdcbb,1b679a3e72cee1a1,da1b0302b03238d8,Collected experimental data; derived measurement fields retained as recorded
OBS0446,P028,SP028-2,D,2,Traditional,TP06,A,Employee Import,6,2026-03-19T14:28:06,2026-03-19T15:09:34,2487.6,41.46,False,22,20,2,4,5.8,67.2,128,70,1.5,1.5,1.0,0.5,1.71,regular,regular,none,5123d4e8b63fdcbb,1b679a3e72cee1a1,da1b0302b03238d8,Collected experimental data; derived measurement fields retained as recorded
OBS0447,P028,SP028-2,D,2,Traditional,TP07,A,Notification Preferences,7,2026-03-19T15:28:34,2026-03-19T16:14:38,2764.1,46.07,False,22,19,3,4,5.8,67.7,128,70,1.5,1.5,1.0,0.5,1.71,regular,regular,none,5123d4e8b63fdcbb,1b679a3e72cee1a1,da1b0302b03238d8,Collected experimental data; derived measurement fields retained as recorded
OBS0448,P028,SP028-2,D,2,Traditional,TP08,A,Resource Utilization,8,2026-03-19T16:38:38,2026-03-19T17:24:21,2742.9,45.72,False,22,18,4,6,5.7,72.2,128,75,1.5,1.5,1.0,0.5,1.71,regular,regular,none,5123d4e8b63fdcbb,1b679a3e72cee1a1,da1b0302b03238d8,Collected experimental data; derived measurement fields retained as recorded
OBS0449,P029,SP029-1,A,1,Traditional,TP01,A,Equipment Maintenance API,1,2026-03-11T09:21:00,2026-03-11T09:51:47,1846.7,30.78,False,22,19,3,6,6.3,69.3,125,70,3.3,2.1,2.5,2.0,2.09,regular,regular,none,5123d4e8b63fdcbb,1b679a3e72cee1a1,da1b0302b03238d8,Collected experimental data; derived measurement fields retained as recorded
OBS0450,P029,SP029-1,A,1,Traditional,TP02,A,Project Access Policy,2,2026-03-11T10:08:47,2026-03-11T10:45:04,2176.8,36.28,False,20,16,4,5,6.7,65.3,113,65,3.3,2.1,2.5,2.0,2.09,regular,regular,none,5123d4e8b63fdcbb,1b679a3e72cee1a1,da1b0302b03238d8,Collected experimental data; derived measurement fields retained as recorded
OBS0451,P029,SP029-1,A,1,Traditional,TP03,A,Invoice Aging,3,2026-03-11T11:04:04,2026-03-11T11:41:47,2263.2,37.72,False,18,17,1,6,6.2,77.0,121,75,3.3,2.1,2.5,2.0,2.09,regular,regular,none,5123d4e8b63fdcbb,1b679a3e72cee1a1,da1b0302b03238d8,Collected experimental data; derived measurement fields retained as recorded
OBS0452,P029,SP029-1,A,1,Traditional,TP04,A,Leave Approval,4,2026-03-11T12:02:47,2026-03-11T12:38:38,2150.8,35.85,False,22,16,6,5,6.1,76.6,117,75,3.3,2.1,2.5,2.0,2.09,regular,regular,none,5123d4e8b63fdcbb,1b679a3e72cee1a1,da1b0302b03238d8,Collected experimental data; derived measurement fields retained as recorded
OBS0453,P029,SP029-1,A,1,Traditional,TP05,A,Currency Rate Service,5,2026-03-11T13:24:38,2026-03-11T14:06:49,2531.2,42.19,False,20,16,4,5,6.8,70.5,143,65,3.3,2.1,2.5,2.0,2.09,regular,regular,none,5123d4e8b63fdcbb,1b679a3e72cee1a1,da1b0302b03238d8,Collected experimental data; derived measurement fields retained as recorded
OBS0454,P029,SP029-1,A,1,Traditional,TP06,A,Employee Import,6,2026-03-11T14:32:49,2026-03-11T15:08:59,2170.0,36.17,False,20,18,2,4,5.9,67.5,128,75,3.3,2.1,2.5,2.0,2.09,regular,regular,none,5123d4e8b63fdcbb,1b679a3e72cee1a1,da1b0302b03238d8,Collected experimental data; derived measurement fields retained as recorded
OBS0455,P029,SP029-1,A,1,Traditional,TP07,A,Notification Preferences,7,2026-03-11T15:29:59,2026-03-11T16:19:10,2951.0,49.18,False,18,11,7,5,5.7,65.3,109,75,3.3,2.1,2.5,2.0,2.09,regular,regular,none,5123d4e8b63fdcbb,1b679a3e72cee1a1,da1b0302b03238d8,Collected experimental data; derived measurement fields retained as recorded
OBS0456,P029,SP029-1,A,1,Traditional,TP08,A,Resource Utilization,8,2026-03-11T16:41:10,2026-03-11T17:24:12,2581.5,43.02,False,20,16,4,3,5.9,71.2,97,75,3.3,2.1,2.5,2.0,2.09,regular,regular,none,5123d4e8b63fdcbb,1b679a3e72cee1a1,da1b0302b03238d8,Collected experimental data; derived measurement fields retained as recorded
OBS0457,P029,SP029-2,A,2,AI,TP01,B,Supplier Contract API,1,2026-03-23T14:51:00,2026-03-23T15:12:16,1275.8,21.26,False,22,19,3,3,6.0,75.5,111,50,3.3,2.1,2.5,2.0,2.09,regular,regular,none,5123d4e8b63fdcbb,1b679a3e72cee1a1,da1b0302b03238d8,Collected experimental data; derived measurement fields retained as recorded
OBS0458,P029,SP029-2,A,2,AI,TP02,B,Document Access Policy,2,2026-03-23T15:33:16,2026-03-23T16:00:01,1604.6,26.74,False,20,19,1,3,5.0,79.1,104,50,3.3,2.1,2.5,2.0,2.09,regular,regular,none,5123d4e8b63fdcbb,1b679a3e72cee1a1,da1b0302b03238d8,Collected experimental data; derived measurement fields retained as recorded
OBS0459,P029,SP029-2,A,2,AI,TP03,B,Purchase Order Fulfilment,3,2026-03-23T16:20:01,2026-03-23T16:49:28,1767.4,29.46,False,22,21,1,2,4.6,72.5,139,55,3.3,2.1,2.5,2.0,2.09,regular,regular,none,5123d4e8b63fdcbb,1b679a3e72cee1a1,da1b0302b03238d8,Collected experimental data; derived measurement fields retained as recorded
OBS0460,P029,SP029-2,A,2,AI,TP04,B,Expense Reimbursement,4,2026-03-23T17:05:28,2026-03-23T17:33:35,1687.4,28.12,False,22,20,2,3,4.0,77.7,136,65,3.3,2.1,2.5,2.0,2.09,regular,regular,none,5123d4e8b63fdcbb,1b679a3e72cee1a1,da1b0302b03238d8,Collected experimental data; derived measurement fields retained as recorded
OBS0461,P029,SP029-2,A,2,AI,TP05,B,Shipping Rate Service,5,2026-03-23T18:16:35,2026-03-23T18:54:40,2285.1,38.08,False,20,19,1,3,4.6,73.2,145,60,3.3,2.1,2.5,2.0,2.09,regular,regular,none,5123d4e8b63fdcbb,1b679a3e72cee1a1,da1b0302b03238d8,Collected experimental data; derived measurement fields retained as recorded
OBS0462,P029,SP029-2,A,2,AI,TP06,B,Product Catalog Import,6,2026-03-23T19:18:40,2026-03-23T19:45:32,1612.3,26.87,False,20,18,2,4,6.5,73.6,143,55,3.3,2.1,2.5,2.0,2.09,regular,regular,none,5123d4e8b63fdcbb,1b679a3e72cee1a1,da1b0302b03238d8,Collected experimental data; derived measurement fields retained as recorded
OBS0463,P029,SP029-2,A,2,AI,TP07,B,Alert Subscriptions,7,2026-03-23T20:09:32,2026-03-23T20:43:24,2031.5,33.86,False,20,17,3,7,4.7,76.7,155,65,3.3,2.1,2.5,2.0,2.09,regular,regular,none,5123d4e8b63fdcbb,1b679a3e72cee1a1,da1b0302b03238d8,Collected experimental data; derived measurement fields retained as recorded
OBS0464,P029,SP029-2,A,2,AI,TP08,B,Support Ticket SLA,8,2026-03-23T21:03:24,2026-03-23T21:37:48,2064.2,34.4,False,20,19,1,6,5.9,67.9,135,55,3.3,2.1,2.5,2.0,2.09,regular,regular,none,5123d4e8b63fdcbb,1b679a3e72cee1a1,da1b0302b03238d8,Collected experimental data; derived measurement fields retained as recorded
OBS0465,P030,SP030-1,B,1,AI,TP01,A,Equipment Maintenance API,1,2026-03-13T09:36:00,2026-03-13T10:14:05,2285.4,38.09,False,20,20,0,4,4.3,69.6,132,60,5.7,10.7,6.3,4.6,2.95,regular,extensive,none,5123d4e8b63fdcbb,1b679a3e72cee1a1,da1b0302b03238d8,Collected experimental data; derived measurement fields retained as recorded
OBS0466,P030,SP030-1,B,1,AI,TP02,A,Project Access Policy,2,2026-03-13T10:28:05,2026-03-13T11:05:44,2259.1,37.65,False,22,20,2,5,6.0,66.7,160,70,5.7,10.7,6.3,4.6,2.95,regular,extensive,none,5123d4e8b63fdcbb,1b679a3e72cee1a1,da1b0302b03238d8,Collected experimental data; derived measurement fields retained as recorded
OBS0467,P030,SP030-1,B,1,AI,TP03,A,Invoice Aging,3,2026-03-13T11:24:44,2026-03-13T11:59:25,2081.3,34.69,False,20,17,3,5,4.9,74.9,149,65,5.7,10.7,6.3,4.6,2.95,regular,extensive,none,5123d4e8b63fdcbb,1b679a3e72cee1a1,da1b0302b03238d8,Collected experimental data; derived measurement fields retained as recorded
OBS0468,P030,SP030-1,B,1,AI,TP04,A,Leave Approval,4,2026-03-13T12:15:25,2026-03-13T12:59:37,2651.5,44.19,False,20,16,4,6,5.2,66.9,140,70,5.7,10.7,6.3,4.6,2.95,regular,extensive,none,5123d4e8b63fdcbb,1b679a3e72cee1a1,da1b0302b03238d8,Collected experimental data; derived measurement fields retained as recorded
OBS0469,P030,SP030-1,B,1,AI,TP05,A,Currency Rate Service,5,2026-03-13T13:55:37,2026-03-13T14:39:57,2660.1,44.34,False,24,18,6,3,5.1,80.3,129,70,5.7,10.7,6.3,4.6,2.95,regular,extensive,none,5123d4e8b63fdcbb,1b679a3e72cee1a1,da1b0302b03238d8,Collected experimental data; derived measurement fields retained as recorded
OBS0470,P030,SP030-1,B,1,AI,TP06,A,Employee Import,6,2026-03-13T14:55:57,2026-03-13T15:32:07,2169.8,36.16,False,18,12,6,6,5.3,68.1,134,70,5.7,10.7,6.3,4.6,2.95,regular,extensive,none,5123d4e8b63fdcbb,1b679a3e72cee1a1,da1b0302b03238d8,Collected experimental data; derived measurement fields retained as recorded
OBS0471,P030,SP030-1,B,1,AI,TP07,A,Notification Preferences,7,2026-03-13T15:53:07,2026-03-13T16:38:33,2726.4,45.44,False,20,14,6,6,5.4,71.6,116,70,5.7,10.7,6.3,4.6,2.95,regular,extensive,none,5123d4e8b63fdcbb,1b679a3e72cee1a1,da1b0302b03238d8,Collected experimental data; derived measurement fields retained as recorded
OBS0472,P030,SP030-1,B,1,AI,TP08,A,Resource Utilization,8,2026-03-13T16:59:33,2026-03-13T17:42:28,2575.5,42.92,False,18,11,7,4,6.7,73.3,135,75,5.7,10.7,6.3,4.6,2.95,regular,extensive,none,5123d4e8b63fdcbb,1b679a3e72cee1a1,da1b0302b03238d8,Collected experimental data; derived measurement fields retained as recorded
OBS0473,P030,SP030-2,B,2,Traditional,TP01,B,Supplier Contract API,1,2026-03-27T14:56:00,2026-03-27T15:39:52,2632.0,43.87,False,24,20,4,5,6.6,67.9,133,70,5.7,10.7,6.3,4.6,2.95,regular,extensive,none,5123d4e8b63fdcbb,1b679a3e72cee1a1,da1b0302b03238d8,Collected experimental data; derived measurement fields retained as recorded
OBS0474,P030,SP030-2,B,2,Traditional,TP02,B,Document Access Policy,2,2026-03-27T16:01:52,2026-03-27T16:45:52,2639.9,44.0,False,18,15,3,8,5.8,66.0,126,75,5.7,10.7,6.3,4.6,2.95,regular,extensive,none,5123d4e8b63fdcbb,1b679a3e72cee1a1,da1b0302b03238d8,Collected experimental data; derived measurement fields retained as recorded
OBS0475,P030,SP030-2,B,2,Traditional,TP03,B,Purchase Order Fulfilment,3,2026-03-27T17:03:52,2026-03-27T17:46:12,2539.7,42.33,False,24,17,7,5,6.3,62.9,92,75,5.7,10.7,6.3,4.6,2.95,regular,extensive,none,5123d4e8b63fdcbb,1b679a3e72cee1a1,da1b0302b03238d8,Collected experimental data; derived measurement fields retained as recorded
OBS0476,P030,SP030-2,B,2,Traditional,TP04,B,Expense Reimbursement,4,2026-03-27T18:03:12,2026-03-27T18:51:41,2909.0,48.48,False,20,15,5,8,5.9,62.6,152,80,5.7,10.7,6.3,4.6,2.95,regular,extensive,none,5123d4e8b63fdcbb,1b679a3e72cee1a1,da1b0302b03238d8,Collected experimental data; derived measurement fields retained as recorded
OBS0477,P030,SP030-2,B,2,Traditional,TP05,B,Shipping Rate Service,5,2026-03-27T19:38:41,2026-03-27T20:22:07,2605.7,43.43,False,18,12,6,6,7.1,68.8,118,80,5.7,10.7,6.3,4.6,2.95,regular,extensive,none,5123d4e8b63fdcbb,1b679a3e72cee1a1,da1b0302b03238d8,Collected experimental data; derived measurement fields retained as recorded
OBS0478,P030,SP030-2,B,2,Traditional,TP06,B,Product Catalog Import,6,2026-03-27T20:45:07,2026-03-27T21:35:06,2999.1,49.98,False,18,17,1,6,5.4,74.5,142,75,5.7,10.7,6.3,4.6,2.95,regular,extensive,none,5123d4e8b63fdcbb,1b679a3e72cee1a1,da1b0302b03238d8,Collected experimental data; derived measurement fields retained as recorded
OBS0479,P030,SP030-2,B,2,Traditional,TP07,B,Alert Subscriptions,7,2026-03-27T22:00:06,2026-03-27T22:44:30,2664.3,44.4,False,22,18,4,4,6.2,62.6,117,80,5.7,10.7,6.3,4.6,2.95,regular,extensive,none,5123d4e8b63fdcbb,1b679a3e72cee1a1,da1b0302b03238d8,Collected experimental data; derived measurement fields retained as recorded
OBS0480,P030,SP030-2,B,2,Traditional,TP08,B,Support Ticket SLA,8,2026-03-27T23:08:30,2026-03-27T23:55:02,2792.3,46.54,False,24,18,6,5,6.9,57.3,128,85,5.7,10.7,6.3,4.6,2.95,regular,extensive,none,5123d4e8b63fdcbb,1b679a3e72cee1a1,da1b0302b03238d8,Collected experimental data; derived measurement fields retained as recorded
OBS0481,P031,SP031-1,C,1,Traditional,TP01,B,Supplier Contract API,1,2026-03-16T14:36:00,2026-03-16T15:10:27,2067.0,34.45,False,20,16,4,4,6.0,73.6,115,70,0.9,0.9,1.2,1.1,1.59,occasional,never,none,5123d4e8b63fdcbb,1b679a3e72cee1a1,da1b0302b03238d8,Collected experimental data; derived measurement fields retained as recorded
OBS0482,P031,SP031-1,C,1,Traditional,TP02,B,Document Access Policy,2,2026-03-16T15:29:27,2026-03-16T16:02:55,2008.2,33.47,False,20,20,0,5,5.9,73.3,104,60,0.9,0.9,1.2,1.1,1.59,occasional,never,none,5123d4e8b63fdcbb,1b679a3e72cee1a1,da1b0302b03238d8,Collected experimental data; derived measurement fields retained as recorded
OBS0483,P031,SP031-1,C,1,Traditional,TP03,B,Purchase Order Fulfilment,3,2026-03-16T16:21:55,2026-03-16T16:50:36,1720.8,28.68,False,22,20,2,5,6.0,66.5,117,65,0.9,0.9,1.2,1.1,1.59,occasional,never,none,5123d4e8b63fdcbb,1b679a3e72cee1a1,da1b0302b03238d8,Collected experimental data; derived measurement fields retained as recorded
OBS0484,P031,SP031-1,C,1,Traditional,TP04,B,Expense Reimbursement,4,2026-03-16T17:02:36,2026-03-16T17:34:10,1893.6,31.56,False,24,21,3,4,4.9,72.3,112,65,0.9,0.9,1.2,1.1,1.59,occasional,never,none,5123d4e8b63fdcbb,1b679a3e72cee1a1,da1b0302b03238d8,Collected experimental data; derived measurement fields retained as recorded
OBS0485,P031,SP031-1,C,1,Traditional,TP05,B,Shipping Rate Service,5,2026-03-16T18:17:10,2026-03-16T18:57:27,2416.8,40.28,False,22,21,1,4,5.9,78.6,137,70,0.9,0.9,1.2,1.1,1.59,occasional,never,none,5123d4e8b63fdcbb,1b679a3e72cee1a1,da1b0302b03238d8,Collected experimental data; derived measurement fields retained as recorded
OBS0486,P031,SP031-1,C,1,Traditional,TP06,B,Product Catalog Import,6,2026-03-16T19:21:27,2026-03-16T19:57:41,2174.3,36.24,False,20,20,0,5,5.2,73.7,129,60,0.9,0.9,1.2,1.1,1.59,occasional,never,none,5123d4e8b63fdcbb,1b679a3e72cee1a1,da1b0302b03238d8,Collected experimental data; derived measurement fields retained as recorded
OBS0487,P031,SP031-1,C,1,Traditional,TP07,B,Alert Subscriptions,7,2026-03-16T20:15:41,2026-03-16T20:48:59,1998.1,33.3,False,18,17,1,4,6.1,68.3,116,70,0.9,0.9,1.2,1.1,1.59,occasional,never,none,5123d4e8b63fdcbb,1b679a3e72cee1a1,da1b0302b03238d8,Collected experimental data; derived measurement fields retained as recorded
OBS0488,P031,SP031-1,C,1,Traditional,TP08,B,Support Ticket SLA,8,2026-03-16T21:05:59,2026-03-16T21:45:56,2396.7,39.94,False,18,17,1,4,5.6,66.2,121,65,0.9,0.9,1.2,1.1,1.59,occasional,never,none,5123d4e8b63fdcbb,1b679a3e72cee1a1,da1b0302b03238d8,Collected experimental data; derived measurement fields retained as recorded
OBS0489,P031,SP031-2,C,2,AI,TP01,A,Equipment Maintenance API,1,2026-03-30T08:21:00,2026-03-30T08:42:24,1284.1,21.4,False,22,22,0,3,4.6,76.1,113,50,0.9,0.9,1.2,1.1,1.59,occasional,never,none,5123d4e8b63fdcbb,1b679a3e72cee1a1,da1b0302b03238d8,Collected experimental data; derived measurement fields retained as recorded
OBS0490,P031,SP031-2,C,2,AI,TP02,A,Project Access Policy,2,2026-03-30T09:01:24,2026-03-30T09:26:09,1485.1,24.75,False,22,20,2,4,3.7,72.6,120,50,0.9,0.9,1.2,1.1,1.59,occasional,never,none,5123d4e8b63fdcbb,1b679a3e72cee1a1,da1b0302b03238d8,Collected experimental data; derived measurement fields retained as recorded
OBS0491,P031,SP031-2,C,2,AI,TP03,A,Invoice Aging,3,2026-03-30T09:46:09,2026-03-30T10:13:15,1626.5,27.11,False,22,21,1,3,4.6,77.3,110,50,0.9,0.9,1.2,1.1,1.59,occasional,never,none,5123d4e8b63fdcbb,1b679a3e72cee1a1,da1b0302b03238d8,Collected experimental data; derived measurement fields retained as recorded
OBS0492,P031,SP031-2,C,2,AI,TP04,A,Leave Approval,4,2026-03-30T10:35:15,2026-03-30T11:03:18,1682.8,28.05,False,20,20,0,4,4.5,80.0,143,45,0.9,0.9,1.2,1.1,1.59,occasional,never,none,5123d4e8b63fdcbb,1b679a3e72cee1a1,da1b0302b03238d8,Collected experimental data; derived measurement fields retained as recorded
OBS0493,P031,SP031-2,C,2,AI,TP05,A,Currency Rate Service,5,2026-03-30T11:59:18,2026-03-30T12:29:05,1787.4,29.79,False,18,17,1,2,4.7,91.3,144,55,0.9,0.9,1.2,1.1,1.59,occasional,never,none,5123d4e8b63fdcbb,1b679a3e72cee1a1,da1b0302b03238d8,Collected experimental data; derived measurement fields retained as recorded
OBS0494,P031,SP031-2,C,2,AI,TP06,A,Employee Import,6,2026-03-30T12:51:05,2026-03-30T13:19:45,1720.0,28.67,False,24,23,1,3,5.0,88.5,134,55,0.9,0.9,1.2,1.1,1.59,occasional,never,none,5123d4e8b63fdcbb,1b679a3e72cee1a1,da1b0302b03238d8,Collected experimental data; derived measurement fields retained as recorded
OBS0495,P031,SP031-2,C,2,AI,TP07,A,Notification Preferences,7,2026-03-30T13:40:45,2026-03-30T14:13:34,1969.1,32.82,False,18,17,1,3,5.0,79.0,105,55,0.9,0.9,1.2,1.1,1.59,occasional,never,none,5123d4e8b63fdcbb,1b679a3e72cee1a1,da1b0302b03238d8,Collected experimental data; derived measurement fields retained as recorded
OBS0496,P031,SP031-2,C,2,AI,TP08,A,Resource Utilization,8,2026-03-30T14:34:34,2026-03-30T15:01:58,1644.3,27.4,False,20,18,2,4,5.2,82.2,113,60,0.9,0.9,1.2,1.1,1.59,occasional,never,none,5123d4e8b63fdcbb,1b679a3e72cee1a1,da1b0302b03238d8,Collected experimental data; derived measurement fields retained as recorded
OBS0497,P032,SP032-1,D,1,AI,TP01,B,Supplier Contract API,1,2026-03-18T14:06:00,2026-03-18T14:32:38,1598.0,26.63,False,20,19,1,4,4.8,72.2,151,60,2.5,4.4,2.4,3.8,2.67,regular,extensive,none,5123d4e8b63fdcbb,1b679a3e72cee1a1,da1b0302b03238d8,Collected experimental data; derived measurement fields retained as recorded
OBS0498,P032,SP032-1,D,1,AI,TP02,B,Document Access Policy,2,2026-03-18T14:53:38,2026-03-18T15:18:26,1488.4,24.81,False,18,13,5,3,5.6,79.1,138,55,2.5,4.4,2.4,3.8,2.67,regular,extensive,none,5123d4e8b63fdcbb,1b679a3e72cee1a1,da1b0302b03238d8,Collected experimental data; derived measurement fields retained as recorded
OBS0499,P032,SP032-1,D,1,AI,TP03,B,Purchase Order Fulfilment,3,2026-03-18T15:36:26,2026-03-18T15:59:20,1373.9,22.9,False,24,20,4,2,4.9,81.5,138,65,2.5,4.4,2.4,3.8,2.67,regular,extensive,none,5123d4e8b63fdcbb,1b679a3e72cee1a1,da1b0302b03238d8,Collected experimental data; derived measurement fields retained as recorded
OBS0500,P032,SP032-1,D,1,AI,TP04,B,Expense Reimbursement,4,2026-03-18T16:12:20,2026-03-18T16:46:48,2067.8,34.46,False,20,18,2,5,5.3,75.9,100,65,2.5,4.4,2.4,3.8,2.67,regular,extensive,none,5123d4e8b63fdcbb,1b679a3e72cee1a1,da1b0302b03238d8,Collected experimental data; derived measurement fields retained as recorded
OBS0501,P032,SP032-1,D,1,AI,TP05,B,Shipping Rate Service,5,2026-03-18T17:40:48,2026-03-18T18:27:30,2801.6,46.69,False,18,14,4,3,4.6,71.8,144,60,2.5,4.4,2.4,3.8,2.67,regular,extensive,none,5123d4e8b63fdcbb,1b679a3e72cee1a1,da1b0302b03238d8,Collected experimental data; derived measurement fields retained as recorded
OBS0502,P032,SP032-1,D,1,AI,TP06,B,Product Catalog Import,6,2026-03-18T18:44:30,2026-03-18T19:16:57,1947.2,32.45,False,22,21,1,3,5.3,71.5,129,65,2.5,4.4,2.4,3.8,2.67,regular,extensive,none,5123d4e8b63fdcbb,1b679a3e72cee1a1,da1b0302b03238d8,Collected experimental data; derived measurement fields retained as recorded
OBS0503,P032,SP032-1,D,1,AI,TP07,B,Alert Subscriptions,7,2026-03-18T19:34:57,2026-03-18T20:12:06,2228.5,37.14,False,18,16,2,3,4.4,70.7,126,60,2.5,4.4,2.4,3.8,2.67,regular,extensive,none,5123d4e8b63fdcbb,1b679a3e72cee1a1,da1b0302b03238d8,Collected experimental data; derived measurement fields retained as recorded
OBS0504,P032,SP032-1,D,1,AI,TP08,B,Support Ticket SLA,8,2026-03-18T20:33:06,2026-03-18T21:12:05,2339.2,38.99,False,20,18,2,3,5.6,78.3,145,65,2.5,4.4,2.4,3.8,2.67,regular,extensive,none,5123d4e8b63fdcbb,1b679a3e72cee1a1,da1b0302b03238d8,Collected experimental data; derived measurement fields retained as recorded
OBS0505,P032,SP032-2,D,2,Traditional,TP01,A,Equipment Maintenance API,1,2026-04-06T14:07:00,2026-04-06T14:38:14,1874.0,31.23,False,18,12,6,4,4.9,70.5,119,70,2.5,4.4,2.4,3.8,2.67,regular,extensive,none,5123d4e8b63fdcbb,1b679a3e72cee1a1,da1b0302b03238d8,Collected experimental data; derived measurement fields retained as recorded
OBS0506,P032,SP032-2,D,2,Traditional,TP02,A,Project Access Policy,2,2026-04-06T14:57:14,2026-04-06T15:36:22,2348.2,39.14,False,22,18,4,4,5.8,70.1,123,65,2.5,4.4,2.4,3.8,2.67,regular,extensive,none,5123d4e8b63fdcbb,1b679a3e72cee1a1,da1b0302b03238d8,Collected experimental data; derived measurement fields retained as recorded
OBS0507,P032,SP032-2,D,2,Traditional,TP03,A,Invoice Aging,3,2026-04-06T15:55:22,2026-04-06T16:27:16,1914.0,31.9,False,24,23,1,7,6.1,64.9,119,70,2.5,4.4,2.4,3.8,2.67,regular,extensive,none,5123d4e8b63fdcbb,1b679a3e72cee1a1,da1b0302b03238d8,Collected experimental data; derived measurement fields retained as recorded
OBS0508,P032,SP032-2,D,2,Traditional,TP04,A,Leave Approval,4,2026-04-06T16:44:16,2026-04-06T17:26:24,2528.2,42.14,False,22,19,3,4,6.2,64.8,103,70,2.5,4.4,2.4,3.8,2.67,regular,extensive,none,5123d4e8b63fdcbb,1b679a3e72cee1a1,da1b0302b03238d8,Collected experimental data; derived measurement fields retained as recorded
OBS0509,P032,SP032-2,D,2,Traditional,TP05,A,Currency Rate Service,5,2026-04-06T18:20:24,2026-04-06T19:05:16,2691.7,44.86,False,22,18,4,6,6.1,62.5,116,70,2.5,4.4,2.4,3.8,2.67,regular,extensive,participant_clarification_2min,5123d4e8b63fdcbb,1b679a3e72cee1a1,da1b0302b03238d8,Collected experimental data; derived measurement fields retained as recorded
OBS0510,P032,SP032-2,D,2,Traditional,TP06,A,Employee Import,6,2026-04-06T19:30:16,2026-04-06T19:58:07,1670.5,27.84,False,20,16,4,5,5.6,72.6,126,75,2.5,4.4,2.4,3.8,2.67,regular,extensive,none,5123d4e8b63fdcbb,1b679a3e72cee1a1,da1b0302b03238d8,Collected experimental data; derived measurement fields retained as recorded
OBS0511,P032,SP032-2,D,2,Traditional,TP07,A,Notification Preferences,7,2026-04-06T20:15:07,2026-04-06T20:57:32,2544.9,42.42,False,20,19,1,5,6.5,69.0,98,75,2.5,4.4,2.4,3.8,2.67,regular,extensive,none,5123d4e8b63fdcbb,1b679a3e72cee1a1,da1b0302b03238d8,Collected experimental data; derived measurement fields retained as recorded
OBS0512,P032,SP032-2,D,2,Traditional,TP08,A,Resource Utilization,8,2026-04-06T21:15:32,2026-04-06T22:02:13,2801.1,46.68,False,24,21,3,6,6.1,71.3,129,75,2.5,4.4,2.4,3.8,2.67,regular,extensive,none,5123d4e8b63fdcbb,1b679a3e72cee1a1,da1b0302b03238d8,Collected experimental data; derived measurement fields retained as recorded
OBS0513,P033,SP033-1,A,1,Traditional,TP01,A,Equipment Maintenance API,1,2026-03-19T08:21:00,2026-03-19T08:56:09,2109.4,35.16,False,22,19,3,5,6.0,69.1,128,65,10.9,11.7,8.9,4.2,2.65,extensive,regular,none,5123d4e8b63fdcbb,1b679a3e72cee1a1,da1b0302b03238d8,Collected experimental data; derived measurement fields retained as recorded
OBS0514,P033,SP033-1,A,1,Traditional,TP02,A,Project Access Policy,2,2026-03-19T09:12:09,2026-03-19T09:48:16,2166.5,36.11,False,18,15,3,5,6.0,75.9,133,60,10.9,11.7,8.9,4.2,2.65,extensive,regular,none,5123d4e8b63fdcbb,1b679a3e72cee1a1,da1b0302b03238d8,Collected experimental data; derived measurement fields retained as recorded
OBS0515,P033,SP033-1,A,1,Traditional,TP03,A,Invoice Aging,3,2026-03-19T10:06:16,2026-03-19T10:38:32,1935.9,32.26,False,22,19,3,4,6.0,70.2,107,65,10.9,11.7,8.9,4.2,2.65,extensive,regular,none,5123d4e8b63fdcbb,1b679a3e72cee1a1,da1b0302b03238d8,Collected experimental data; derived measurement fields retained as recorded
OBS0516,P033,SP033-1,A,1,Traditional,TP04,A,Leave Approval,4,2026-03-19T10:58:32,2026-03-19T11:31:33,1981.1,33.02,False,18,14,4,4,6.4,72.4,117,75,10.9,11.7,8.9,4.2,2.65,extensive,regular,none,5123d4e8b63fdcbb,1b679a3e72cee1a1,da1b0302b03238d8,Collected experimental data; derived measurement fields retained as recorded
OBS0517,P033,SP033-1,A,1,Traditional,TP05,A,Currency Rate Service,5,2026-03-19T12:15:33,2026-03-19T12:56:27,2454.3,40.9,False,20,16,4,3,6.4,73.2,100,75,10.9,11.7,8.9,4.2,2.65,extensive,regular,none,5123d4e8b63fdcbb,1b679a3e72cee1a1,da1b0302b03238d8,Collected experimental data; derived measurement fields retained as recorded
OBS0518,P033,SP033-1,A,1,Traditional,TP06,A,Employee Import,6,2026-03-19T13:17:27,2026-03-19T13:53:18,2151.2,35.85,False,20,18,2,7,6.2,66.7,134,70,10.9,11.7,8.9,4.2,2.65,extensive,regular,none,5123d4e8b63fdcbb,1b679a3e72cee1a1,da1b0302b03238d8,Collected experimental data; derived measurement fields retained as recorded
OBS0519,P033,SP033-1,A,1,Traditional,TP07,A,Notification Preferences,7,2026-03-19T14:16:18,2026-03-19T14:56:29,2410.7,40.18,False,20,17,3,5,6.2,69.7,129,70,10.9,11.7,8.9,4.2,2.65,extensive,regular,none,5123d4e8b63fdcbb,1b679a3e72cee1a1,da1b0302b03238d8,Collected experimental data; derived measurement fields retained as recorded
OBS0520,P033,SP033-1,A,1,Traditional,TP08,A,Resource Utilization,8,2026-03-19T15:16:29,2026-03-19T16:01:51,2721.8,45.36,False,24,22,2,5,6.5,71.8,132,70,10.9,11.7,8.9,4.2,2.65,extensive,regular,none,5123d4e8b63fdcbb,1b679a3e72cee1a1,da1b0302b03238d8,Collected experimental data; derived measurement fields retained as recorded
OBS0521,P033,SP033-2,A,2,AI,TP01,B,Supplier Contract API,1,2026-04-10T13:09:00,2026-04-10T13:40:33,1893.0,31.55,False,22,22,0,4,4.2,83.5,117,60,10.9,11.7,8.9,4.2,2.65,extensive,regular,none,5123d4e8b63fdcbb,1b679a3e72cee1a1,da1b0302b03238d8,Collected experimental data; derived measurement fields retained as recorded
OBS0522,P033,SP033-2,A,2,AI,TP02,B,Document Access Policy,2,2026-04-10T13:55:33,2026-04-10T14:29:50,2057.5,34.29,False,20,17,3,4,4.9,77.6,159,55,10.9,11.7,8.9,4.2,2.65,extensive,regular,none,5123d4e8b63fdcbb,1b679a3e72cee1a1,da1b0302b03238d8,Collected experimental data; derived measurement fields retained as recorded
OBS0523,P033,SP033-2,A,2,AI,TP03,B,Purchase Order Fulfilment,3,2026-04-10T14:46:50,2026-04-10T15:23:39,2208.6,36.81,False,20,18,2,5,5.1,67.5,132,60,10.9,11.7,8.9,4.2,2.65,extensive,regular,none,5123d4e8b63fdcbb,1b679a3e72cee1a1,da1b0302b03238d8,Collected experimental data; derived measurement fields retained as recorded
OBS0524,P033,SP033-2,A,2,AI,TP04,B,Expense Reimbursement,4,2026-04-10T15:40:39,2026-04-10T16:18:58,2298.8,38.31,False,22,20,2,4,5.0,84.4,126,60,10.9,11.7,8.9,4.2,2.65,extensive,regular,none,5123d4e8b63fdcbb,1b679a3e72cee1a1,da1b0302b03238d8,Collected experimental data; derived measurement fields retained as recorded
OBS0525,P033,SP033-2,A,2,AI,TP05,B,Shipping Rate Service,5,2026-04-10T17:02:58,2026-04-10T17:36:58,2039.7,33.99,False,22,19,3,3,5.6,78.3,141,60,10.9,11.7,8.9,4.2,2.65,extensive,regular,none,5123d4e8b63fdcbb,1b679a3e72cee1a1,da1b0302b03238d8,Collected experimental data; derived measurement fields retained as recorded
OBS0526,P033,SP033-2,A,2,AI,TP06,B,Product Catalog Import,6,2026-04-10T17:56:58,2026-04-10T18:26:32,1774.0,29.57,False,22,19,3,5,6.0,74.3,136,60,10.9,11.7,8.9,4.2,2.65,extensive,regular,none,5123d4e8b63fdcbb,1b679a3e72cee1a1,da1b0302b03238d8,Collected experimental data; derived measurement fields retained as recorded
OBS0527,P033,SP033-2,A,2,AI,TP07,B,Alert Subscriptions,7,2026-04-10T18:42:32,2026-04-10T19:28:20,2748.5,45.81,False,22,20,2,5,5.4,80.3,144,65,10.9,11.7,8.9,4.2,2.65,extensive,regular,none,5123d4e8b63fdcbb,1b679a3e72cee1a1,da1b0302b03238d8,Collected experimental data; derived measurement fields retained as recorded
OBS0528,P033,SP033-2,A,2,AI,TP08,B,Support Ticket SLA,8,2026-04-10T19:53:20,2026-04-10T20:27:59,2079.0,34.65,False,24,21,3,5,4.9,78.0,120,70,10.9,11.7,8.9,4.2,2.65,extensive,regular,none,5123d4e8b63fdcbb,1b679a3e72cee1a1,da1b0302b03238d8,Collected experimental data; derived measurement fields retained as recorded
OBS0529,P034,SP034-1,B,1,AI,TP01,A,Equipment Maintenance API,1,2026-03-20T09:50:00,2026-03-20T10:18:54,1733.7,28.9,False,22,18,4,4,5.0,72.4,156,65,1.0,0.7,1.4,0.9,1.0,never,occasional,none,5123d4e8b63fdcbb,1b679a3e72cee1a1,da1b0302b03238d8,Collected experimental data; derived measurement fields retained as recorded
OBS0530,P034,SP034-1,B,1,AI,TP02,A,Project Access Policy,2,2026-03-20T10:38:54,2026-03-20T11:12:15,2001.5,33.36,False,20,14,6,3,5.6,73.9,127,60,1.0,0.7,1.4,0.9,1.0,never,occasional,none,5123d4e8b63fdcbb,1b679a3e72cee1a1,da1b0302b03238d8,Collected experimental data; derived measurement fields retained as recorded
OBS0531,P034,SP034-1,B,1,AI,TP03,A,Invoice Aging,3,2026-03-20T11:28:15,2026-03-20T11:58:25,1809.5,30.16,False,20,17,3,5,5.3,78.4,131,60,1.0,0.7,1.4,0.9,1.0,never,occasional,none,5123d4e8b63fdcbb,1b679a3e72cee1a1,da1b0302b03238d8,Collected experimental data; derived measurement fields retained as recorded
OBS0532,P034,SP034-1,B,1,AI,TP04,A,Leave Approval,4,2026-03-20T12:14:25,2026-03-20T12:46:31,1925.9,32.1,False,20,18,2,5,3.9,69.2,140,65,1.0,0.7,1.4,0.9,1.0,never,occasional,none,5123d4e8b63fdcbb,1b679a3e72cee1a1,da1b0302b03238d8,Collected experimental data; derived measurement fields retained as recorded
OBS0533,P034,SP034-1,B,1,AI,TP05,A,Currency Rate Service,5,2026-03-20T13:39:31,2026-03-20T14:26:55,2844.2,47.4,False,22,21,1,4,4.9,76.6,119,60,1.0,0.7,1.4,0.9,1.0,never,occasional,none,5123d4e8b63fdcbb,1b679a3e72cee1a1,da1b0302b03238d8,Collected experimental data; derived measurement fields retained as recorded
OBS0534,P034,SP034-1,B,1,AI,TP06,A,Employee Import,6,2026-03-20T14:50:55,2026-03-20T15:25:21,2065.9,34.43,False,18,13,5,4,4.4,68.5,133,65,1.0,0.7,1.4,0.9,1.0,never,occasional,none,5123d4e8b63fdcbb,1b679a3e72cee1a1,da1b0302b03238d8,Collected experimental data; derived measurement fields retained as recorded
OBS0535,P034,SP034-1,B,1,AI,TP07,A,Notification Preferences,7,2026-03-20T15:44:21,2026-03-20T16:26:35,2534.4,42.24,False,20,16,4,3,5.7,72.3,137,70,1.0,0.7,1.4,0.9,1.0,never,occasional,none,5123d4e8b63fdcbb,1b679a3e72cee1a1,da1b0302b03238d8,Collected experimental data; derived measurement fields retained as recorded
OBS0536,P034,SP034-1,B,1,AI,TP08,A,Resource Utilization,8,2026-03-20T16:45:35,2026-03-20T17:28:43,2587.9,43.13,False,20,18,2,3,5.3,80.9,123,60,1.0,0.7,1.4,0.9,1.0,never,occasional,none,5123d4e8b63fdcbb,1b679a3e72cee1a1,da1b0302b03238d8,Collected experimental data; derived measurement fields retained as recorded
OBS0537,P034,SP034-2,B,2,Traditional,TP01,B,Supplier Contract API,1,2026-04-10T14:09:00,2026-04-10T14:49:05,2404.6,40.08,False,18,16,2,7,6.6,74.8,114,70,1.0,0.7,1.4,0.9,1.0,never,occasional,none,5123d4e8b63fdcbb,1b679a3e72cee1a1,da1b0302b03238d8,Collected experimental data; derived measurement fields retained as recorded
OBS0538,P034,SP034-2,B,2,Traditional,TP02,B,Document Access Policy,2,2026-04-10T15:06:05,2026-04-10T16:02:00,3355.5,55.92,False,20,17,3,4,6.8,57.9,120,75,1.0,0.7,1.4,0.9,1.0,never,occasional,none,5123d4e8b63fdcbb,1b679a3e72cee1a1,da1b0302b03238d8,Collected experimental data; derived measurement fields retained as recorded
OBS0539,P034,SP034-2,B,2,Traditional,TP03,B,Purchase Order Fulfilment,3,2026-04-10T16:23:00,2026-04-10T17:06:00,2579.9,43.0,False,24,17,7,5,6.2,66.5,145,80,1.0,0.7,1.4,0.9,1.0,never,occasional,none,5123d4e8b63fdcbb,1b679a3e72cee1a1,da1b0302b03238d8,Collected experimental data; derived measurement fields retained as recorded
OBS0540,P034,SP034-2,B,2,Traditional,TP04,B,Expense Reimbursement,4,2026-04-10T17:26:00,2026-04-10T18:04:56,2336.3,38.94,False,22,18,4,6,5.9,66.1,107,80,1.0,0.7,1.4,0.9,1.0,never,occasional,none,5123d4e8b63fdcbb,1b679a3e72cee1a1,da1b0302b03238d8,Collected experimental data; derived measurement fields retained as recorded
OBS0541,P034,SP034-2,B,2,Traditional,TP05,B,Shipping Rate Service,5,2026-04-10T18:47:56,2026-04-10T19:32:43,2686.6,44.78,False,18,16,2,8,5.7,65.9,124,75,1.0,0.7,1.4,0.9,1.0,never,occasional,none,5123d4e8b63fdcbb,1b679a3e72cee1a1,da1b0302b03238d8,Collected experimental data; derived measurement fields retained as recorded
OBS0542,P034,SP034-2,B,2,Traditional,TP06,B,Product Catalog Import,6,2026-04-10T19:54:43,2026-04-10T20:41:47,2823.7,47.06,False,20,16,4,5,5.7,63.7,112,85,1.0,0.7,1.4,0.9,1.0,never,occasional,none,5123d4e8b63fdcbb,1b679a3e72cee1a1,da1b0302b03238d8,Collected experimental data; derived measurement fields retained as recorded
OBS0543,P034,SP034-2,B,2,Traditional,TP07,B,Alert Subscriptions,7,2026-04-10T21:01:47,2026-04-10T21:49:05,2837.6,47.29,False,20,12,8,4,6.9,66.2,126,85,1.0,0.7,1.4,0.9,1.0,never,occasional,none,5123d4e8b63fdcbb,1b679a3e72cee1a1,da1b0302b03238d8,Collected experimental data; derived measurement fields retained as recorded
OBS0544,P034,SP034-2,B,2,Traditional,TP08,B,Support Ticket SLA,8,2026-04-10T22:16:05,2026-04-10T23:04:49,2923.7,48.73,False,20,15,5,6,5.8,63.6,128,80,1.0,0.7,1.4,0.9,1.0,never,occasional,none,5123d4e8b63fdcbb,1b679a3e72cee1a1,da1b0302b03238d8,Collected experimental data; derived measurement fields retained as recorded
OBS0545,P035,SP035-1,C,1,Traditional,TP01,B,Supplier Contract API,1,2026-03-24T10:07:00,2026-03-24T10:41:16,2056.4,34.27,False,20,16,4,4,5.9,71.1,108,70,4.6,4.8,4.0,4.0,1.48,occasional,occasional,none,5123d4e8b63fdcbb,1b679a3e72cee1a1,da1b0302b03238d8,Collected experimental data; derived measurement fields retained as recorded
OBS0546,P035,SP035-1,C,1,Traditional,TP02,B,Document Access Policy,2,2026-03-24T11:01:16,2026-03-24T11:41:00,2383.7,39.73,False,20,16,4,7,5.8,64.2,113,75,4.6,4.8,4.0,4.0,1.48,occasional,occasional,none,5123d4e8b63fdcbb,1b679a3e72cee1a1,da1b0302b03238d8,Collected experimental data; derived measurement fields retained as recorded
OBS0547,P035,SP035-1,C,1,Traditional,TP03,B,Purchase Order Fulfilment,3,2026-03-24T11:59:00,2026-03-24T12:42:46,2625.9,43.76,False,20,14,6,5,6.6,65.8,108,80,4.6,4.8,4.0,4.0,1.48,occasional,occasional,none,5123d4e8b63fdcbb,1b679a3e72cee1a1,da1b0302b03238d8,Collected experimental data; derived measurement fields retained as recorded
OBS0548,P035,SP035-1,C,1,Traditional,TP04,B,Expense Reimbursement,4,2026-03-24T13:00:46,2026-03-24T13:44:25,2618.6,43.64,False,22,17,5,3,5.9,66.4,94,75,4.6,4.8,4.0,4.0,1.48,occasional,occasional,none,5123d4e8b63fdcbb,1b679a3e72cee1a1,da1b0302b03238d8,Collected experimental data; derived measurement fields retained as recorded
OBS0549,P035,SP035-1,C,1,Traditional,TP05,B,Shipping Rate Service,5,2026-03-24T14:27:25,2026-03-24T15:19:53,3148.3,52.47,False,20,17,3,5,5.7,68.5,137,75,4.6,4.8,4.0,4.0,1.48,occasional,occasional,none,5123d4e8b63fdcbb,1b679a3e72cee1a1,da1b0302b03238d8,Collected experimental data; derived measurement fields retained as recorded
OBS0550,P035,SP035-1,C,1,Traditional,TP06,B,Product Catalog Import,6,2026-03-24T15:35:53,2026-03-24T16:17:04,2470.9,41.18,False,20,18,2,5,5.8,65.7,114,75,4.6,4.8,4.0,4.0,1.48,occasional,occasional,none,5123d4e8b63fdcbb,1b679a3e72cee1a1,da1b0302b03238d8,Collected experimental data; derived measurement fields retained as recorded
OBS0551,P035,SP035-1,C,1,Traditional,TP07,B,Alert Subscriptions,7,2026-03-24T16:36:04,2026-03-24T17:33:43,3458.9,57.65,False,22,19,3,5,6.6,72.5,125,80,4.6,4.8,4.0,4.0,1.48,occasional,occasional,none,5123d4e8b63fdcbb,1b679a3e72cee1a1,da1b0302b03238d8,Collected experimental data; derived measurement fields retained as recorded
OBS0552,P035,SP035-1,C,1,Traditional,TP08,B,Support Ticket SLA,8,2026-03-24T17:53:43,2026-03-24T18:38:23,2679.9,44.66,False,20,17,3,7,6.3,64.5,123,70,4.6,4.8,4.0,4.0,1.48,occasional,occasional,none,5123d4e8b63fdcbb,1b679a3e72cee1a1,da1b0302b03238d8,Collected experimental data; derived measurement fields retained as recorded
OBS0553,P035,SP035-2,C,2,AI,TP01,A,Equipment Maintenance API,1,2026-04-20T14:05:00,2026-04-20T14:24:51,1191.4,19.86,False,20,20,0,2,5.6,71.8,130,60,4.6,4.8,4.0,4.0,1.48,occasional,occasional,none,5123d4e8b63fdcbb,1b679a3e72cee1a1,da1b0302b03238d8,Collected experimental data; derived measurement fields retained as recorded
OBS0554,P035,SP035-2,C,2,AI,TP02,A,Project Access Policy,2,2026-04-20T14:43:51,2026-04-20T15:19:12,2121.1,35.35,False,18,16,2,4,5.3,80.7,129,55,4.6,4.8,4.0,4.0,1.48,occasional,occasional,none,5123d4e8b63fdcbb,1b679a3e72cee1a1,da1b0302b03238d8,Collected experimental data; derived measurement fields retained as recorded
OBS0555,P035,SP035-2,C,2,AI,TP03,A,Invoice Aging,3,2026-04-20T15:36:12,2026-04-20T16:06:14,1802.0,30.03,False,22,18,4,5,5.5,72.8,120,60,4.6,4.8,4.0,4.0,1.48,occasional,occasional,none,5123d4e8b63fdcbb,1b679a3e72cee1a1,da1b0302b03238d8,Collected experimental data; derived measurement fields retained as recorded
OBS0556,P035,SP035-2,C,2,AI,TP04,A,Leave Approval,4,2026-04-20T16:23:14,2026-04-20T16:59:49,2194.8,36.58,False,20,20,0,6,4.2,71.5,148,50,4.6,4.8,4.0,4.0,1.48,occasional,occasional,none,5123d4e8b63fdcbb,1b679a3e72cee1a1,da1b0302b03238d8,Collected experimental data; derived measurement fields retained as recorded
OBS0557,P035,SP035-2,C,2,AI,TP05,A,Currency Rate Service,5,2026-04-20T17:46:49,2026-04-20T18:15:43,1734.0,28.9,False,22,22,0,4,4.2,76.1,124,65,4.6,4.8,4.0,4.0,1.48,occasional,occasional,none,5123d4e8b63fdcbb,1b679a3e72cee1a1,da1b0302b03238d8,Collected experimental data; derived measurement fields retained as recorded
OBS0558,P035,SP035-2,C,2,AI,TP06,A,Employee Import,6,2026-04-20T18:36:43,2026-04-20T19:08:15,1892.0,31.53,False,20,19,1,4,5.4,77.1,137,65,4.6,4.8,4.0,4.0,1.48,occasional,occasional,none,5123d4e8b63fdcbb,1b679a3e72cee1a1,da1b0302b03238d8,Collected experimental data; derived measurement fields retained as recorded
OBS0559,P035,SP035-2,C,2,AI,TP07,A,Notification Preferences,7,2026-04-20T19:23:15,2026-04-20T20:10:03,2808.0,46.8,False,24,21,3,4,4.9,74.5,130,70,4.6,4.8,4.0,4.0,1.48,occasional,occasional,none,5123d4e8b63fdcbb,1b679a3e72cee1a1,da1b0302b03238d8,Collected experimental data; derived measurement fields retained as recorded
OBS0560,P035,SP035-2,C,2,AI,TP08,A,Resource Utilization,8,2026-04-20T20:28:03,2026-04-20T20:54:38,1595.1,26.58,False,20,20,0,1,4.5,81.0,128,60,4.6,4.8,4.0,4.0,1.48,occasional,occasional,none,5123d4e8b63fdcbb,1b679a3e72cee1a1,da1b0302b03238d8,Collected experimental data; derived measurement fields retained as recorded
OBS0561,P036,SP036-1,D,1,AI,TP01,B,Supplier Contract API,1,2026-03-25T09:24:00,2026-03-25T09:54:23,1822.6,30.38,False,20,18,2,3,5.5,75.5,150,70,13.2,11.2,9.2,7.7,3.27,extensive,extensive,none,5123d4e8b63fdcbb,1b679a3e72cee1a1,da1b0302b03238d8,Collected experimental data; derived measurement fields retained as recorded
OBS0562,P036,SP036-1,D,1,AI,TP02,B,Document Access Policy,2,2026-03-25T10:12:23,2026-03-25T10:56:45,2661.8,44.36,False,20,18,2,3,5.2,74.1,158,65,13.2,11.2,9.2,7.7,3.27,extensive,extensive,none,5123d4e8b63fdcbb,1b679a3e72cee1a1,da1b0302b03238d8,Collected experimental data; derived measurement fields retained as recorded
OBS0563,P036,SP036-1,D,1,AI,TP03,B,Purchase Order Fulfilment,3,2026-03-25T11:08:45,2026-03-25T11:40:01,1875.9,31.26,False,20,20,0,5,4.7,73.0,143,60,13.2,11.2,9.2,7.7,3.27,extensive,extensive,none,5123d4e8b63fdcbb,1b679a3e72cee1a1,da1b0302b03238d8,Collected experimental data; derived measurement fields retained as recorded
OBS0564,P036,SP036-1,D,1,AI,TP04,B,Expense Reimbursement,4,2026-03-25T11:59:01,2026-03-25T12:41:48,2566.8,42.78,False,20,17,3,5,4.9,72.3,130,70,13.2,11.2,9.2,7.7,3.27,extensive,extensive,none,5123d4e8b63fdcbb,1b679a3e72cee1a1,da1b0302b03238d8,Collected experimental data; derived measurement fields retained as recorded
OBS0565,P036,SP036-1,D,1,AI,TP05,B,Shipping Rate Service,5,2026-03-25T13:23:48,2026-03-25T14:12:11,2902.5,48.38,False,18,14,4,6,5.6,73.7,146,70,13.2,11.2,9.2,7.7,3.27,extensive,extensive,none,5123d4e8b63fdcbb,1b679a3e72cee1a1,da1b0302b03238d8,Collected experimental data; derived measurement fields retained as recorded
OBS0566,P036,SP036-1,D,1,AI,TP06,B,Product Catalog Import,6,2026-03-25T14:36:11,2026-03-25T15:06:11,1800.2,30.0,False,20,18,2,4,6.1,74.4,134,70,13.2,11.2,9.2,7.7,3.27,extensive,extensive,none,5123d4e8b63fdcbb,1b679a3e72cee1a1,da1b0302b03238d8,Collected experimental data; derived measurement fields retained as recorded
OBS0567,P036,SP036-1,D,1,AI,TP07,B,Alert Subscriptions,7,2026-03-25T15:24:11,2026-03-25T16:14:13,3002.5,50.04,False,20,19,1,3,4.8,75.6,122,65,13.2,11.2,9.2,7.7,3.27,extensive,extensive,none,5123d4e8b63fdcbb,1b679a3e72cee1a1,da1b0302b03238d8,Collected experimental data; derived measurement fields retained as recorded
OBS0568,P036,SP036-1,D,1,AI,TP08,B,Support Ticket SLA,8,2026-03-25T16:31:13,2026-03-25T17:09:03,2270.2,37.84,False,20,17,3,5,3.6,69.8,149,70,13.2,11.2,9.2,7.7,3.27,extensive,extensive,none,5123d4e8b63fdcbb,1b679a3e72cee1a1,da1b0302b03238d8,Collected experimental data; derived measurement fields retained as recorded
OBS0569,P036,SP036-2,D,2,Traditional,TP01,A,Equipment Maintenance API,1,2026-04-22T15:20:00,2026-04-22T15:57:56,2276.3,37.94,False,24,21,3,7,6.3,70.8,137,70,13.2,11.2,9.2,7.7,3.27,extensive,extensive,none,5123d4e8b63fdcbb,1b679a3e72cee1a1,da1b0302b03238d8,Collected experimental data; derived measurement fields retained as recorded
OBS0570,P036,SP036-2,D,2,Traditional,TP02,A,Project Access Policy,2,2026-04-22T16:16:56,2026-04-22T16:55:09,2293.3,38.22,False,22,19,3,5,5.7,71.4,142,75,13.2,11.2,9.2,7.7,3.27,extensive,extensive,none,5123d4e8b63fdcbb,1b679a3e72cee1a1,da1b0302b03238d8,Collected experimental data; derived measurement fields retained as recorded
OBS0571,P036,SP036-2,D,2,Traditional,TP03,A,Invoice Aging,3,2026-04-22T17:07:09,2026-04-22T17:48:38,2489.0,41.48,False,22,20,2,7,6.7,71.3,136,70,13.2,11.2,9.2,7.7,3.27,extensive,extensive,none,5123d4e8b63fdcbb,1b679a3e72cee1a1,da1b0302b03238d8,Collected experimental data; derived measurement fields retained as recorded
OBS0572,P036,SP036-2,D,2,Traditional,TP04,A,Leave Approval,4,2026-04-22T18:11:38,2026-04-22T18:59:26,2867.7,47.79,False,20,13,7,6,5.8,61.5,128,80,13.2,11.2,9.2,7.7,3.27,extensive,extensive,none,5123d4e8b63fdcbb,1b679a3e72cee1a1,da1b0302b03238d8,Collected experimental data; derived measurement fields retained as recorded
OBS0573,P036,SP036-2,D,2,Traditional,TP05,A,Currency Rate Service,5,2026-04-22T19:48:26,2026-04-22T20:34:03,2737.4,45.62,False,22,21,1,5,6.7,68.2,134,70,13.2,11.2,9.2,7.7,3.27,extensive,extensive,none,5123d4e8b63fdcbb,1b679a3e72cee1a1,da1b0302b03238d8,Collected experimental data; derived measurement fields retained as recorded
OBS0574,P036,SP036-2,D,2,Traditional,TP06,A,Employee Import,6,2026-04-22T20:55:03,2026-04-22T21:37:19,2536.4,42.27,False,18,14,4,4,5.8,64.3,127,75,13.2,11.2,9.2,7.7,3.27,extensive,extensive,none,5123d4e8b63fdcbb,1b679a3e72cee1a1,da1b0302b03238d8,Collected experimental data; derived measurement fields retained as recorded
OBS0575,P036,SP036-2,D,2,Traditional,TP07,A,Notification Preferences,7,2026-04-22T21:52:19,2026-04-22T22:47:32,3313.2,55.22,False,20,16,4,6,5.8,71.3,137,80,13.2,11.2,9.2,7.7,3.27,extensive,extensive,none,5123d4e8b63fdcbb,1b679a3e72cee1a1,da1b0302b03238d8,Collected experimental data; derived measurement fields retained as recorded
OBS0576,P036,SP036-2,D,2,Traditional,TP08,A,Resource Utilization,8,2026-04-22T23:06:32,2026-04-22T23:55:32,2939.6,48.99,False,20,12,8,5,7.0,61.1,118,80,13.2,11.2,9.2,7.7,3.27,extensive,extensive,none,5123d4e8b63fdcbb,1b679a3e72cee1a1,da1b0302b03238d8,Collected experimental data; derived measurement fields retained as recorded
OBS0577,P037,SP037-1,A,1,Traditional,TP01,A,Equipment Maintenance API,1,2026-03-27T08:10:00,2026-03-27T08:42:22,1942.5,32.38,False,24,21,3,3,6.3,67.3,108,65,1.2,1.6,1.9,1.5,1.01,occasional,never,none,5123d4e8b63fdcbb,1b679a3e72cee1a1,da1b0302b03238d8,Collected experimental data; derived measurement fields retained as recorded
OBS0578,P037,SP037-1,A,1,Traditional,TP02,A,Project Access Policy,2,2026-03-27T08:58:22,2026-03-27T09:39:46,2483.5,41.39,False,20,13,7,5,6.0,67.9,135,75,1.2,1.6,1.9,1.5,1.01,occasional,never,none,5123d4e8b63fdcbb,1b679a3e72cee1a1,da1b0302b03238d8,Collected experimental data; derived measurement fields retained as recorded
OBS0579,P037,SP037-1,A,1,Traditional,TP03,A,Invoice Aging,3,2026-03-27T09:52:46,2026-03-27T10:32:41,2395.0,39.92,False,20,15,5,4,6.4,66.5,121,75,1.2,1.6,1.9,1.5,1.01,occasional,never,none,5123d4e8b63fdcbb,1b679a3e72cee1a1,da1b0302b03238d8,Collected experimental data; derived measurement fields retained as recorded
OBS0580,P037,SP037-1,A,1,Traditional,TP04,A,Leave Approval,4,2026-03-27T10:46:41,2026-03-27T11:32:36,2754.8,45.91,False,24,22,2,4,6.6,70.0,112,75,1.2,1.6,1.9,1.5,1.01,occasional,never,none,5123d4e8b63fdcbb,1b679a3e72cee1a1,da1b0302b03238d8,Collected experimental data; derived measurement fields retained as recorded
OBS0581,P037,SP037-1,A,1,Traditional,TP05,A,Currency Rate Service,5,2026-03-27T12:23:36,2026-03-27T13:09:32,2756.5,45.94,False,20,17,3,5,6.1,71.6,131,70,1.2,1.6,1.9,1.5,1.01,occasional,never,none,5123d4e8b63fdcbb,1b679a3e72cee1a1,da1b0302b03238d8,Collected experimental data; derived measurement fields retained as recorded
OBS0582,P037,SP037-1,A,1,Traditional,TP06,A,Employee Import,6,2026-03-27T13:29:32,2026-03-27T14:08:08,2316.5,38.61,False,18,14,4,6,6.2,63.3,127,75,1.2,1.6,1.9,1.5,1.01,occasional,never,none,5123d4e8b63fdcbb,1b679a3e72cee1a1,da1b0302b03238d8,Collected experimental data; derived measurement fields retained as recorded
OBS0583,P037,SP037-1,A,1,Traditional,TP07,A,Notification Preferences,7,2026-03-27T14:28:08,2026-03-27T15:15:31,2842.6,47.38,False,20,9,11,6,6.7,63.3,123,85,1.2,1.6,1.9,1.5,1.01,occasional,never,none,5123d4e8b63fdcbb,1b679a3e72cee1a1,da1b0302b03238d8,Collected experimental data; derived measurement fields retained as recorded
OBS0584,P037,SP037-1,A,1,Traditional,TP08,A,Resource Utilization,8,2026-03-27T15:33:31,2026-03-27T16:21:14,2862.5,47.71,False,22,18,4,4,6.6,67.1,131,80,1.2,1.6,1.9,1.5,1.01,occasional,never,none,5123d4e8b63fdcbb,1b679a3e72cee1a1,da1b0302b03238d8,Collected experimental data; derived measurement fields retained as recorded
OBS0585,P037,SP037-2,A,2,AI,TP01,B,Supplier Contract API,1,2026-04-27T13:35:00,2026-04-27T13:58:02,1381.8,23.03,False,22,19,3,3,5.2,73.3,139,55,1.2,1.6,1.9,1.5,1.01,occasional,never,none,5123d4e8b63fdcbb,1b679a3e72cee1a1,da1b0302b03238d8,Collected experimental data; derived measurement fields retained as recorded
OBS0586,P037,SP037-2,A,2,AI,TP02,B,Document Access Policy,2,2026-04-27T14:18:02,2026-04-27T14:52:02,2039.7,33.99,False,22,19,3,4,5.6,70.6,129,55,1.2,1.6,1.9,1.5,1.01,occasional,never,none,5123d4e8b63fdcbb,1b679a3e72cee1a1,da1b0302b03238d8,Collected experimental data; derived measurement fields retained as recorded
OBS0587,P037,SP037-2,A,2,AI,TP03,B,Purchase Order Fulfilment,3,2026-04-27T15:13:02,2026-04-27T15:43:44,1842.4,30.71,False,24,21,3,6,5.0,74.7,134,60,1.2,1.6,1.9,1.5,1.01,occasional,never,none,5123d4e8b63fdcbb,1b679a3e72cee1a1,da1b0302b03238d8,Collected experimental data; derived measurement fields retained as recorded
OBS0588,P037,SP037-2,A,2,AI,TP04,B,Expense Reimbursement,4,2026-04-27T16:02:44,2026-04-27T16:39:19,2195.4,36.59,False,20,19,1,5,5.1,71.4,157,60,1.2,1.6,1.9,1.5,1.01,occasional,never,none,5123d4e8b63fdcbb,1b679a3e72cee1a1,da1b0302b03238d8,Collected experimental data; derived measurement fields retained as recorded
OBS0589,P037,SP037-2,A,2,AI,TP05,B,Shipping Rate Service,5,2026-04-27T17:27:19,2026-04-27T18:00:34,1995.1,33.25,False,22,20,2,3,5.7,78.2,130,65,1.2,1.6,1.9,1.5,1.01,occasional,never,none,5123d4e8b63fdcbb,1b679a3e72cee1a1,da1b0302b03238d8,Collected experimental data; derived measurement fields retained as recorded
OBS0590,P037,SP037-2,A,2,AI,TP06,B,Product Catalog Import,6,2026-04-27T18:22:34,2026-04-27T18:50:06,1651.9,27.53,False,20,19,1,3,4.2,77.3,132,60,1.2,1.6,1.9,1.5,1.01,occasional,never,none,5123d4e8b63fdcbb,1b679a3e72cee1a1,da1b0302b03238d8,Collected experimental data; derived measurement fields retained as recorded
OBS0591,P037,SP037-2,A,2,AI,TP07,B,Alert Subscriptions,7,2026-04-27T19:10:06,2026-04-27T19:49:32,2366.3,39.44,False,22,19,3,4,5.5,74.7,115,60,1.2,1.6,1.9,1.5,1.01,occasional,never,none,5123d4e8b63fdcbb,1b679a3e72cee1a1,da1b0302b03238d8,Collected experimental data; derived measurement fields retained as recorded
OBS0592,P037,SP037-2,A,2,AI,TP08,B,Support Ticket SLA,8,2026-04-27T20:09:32,2026-04-27T20:42:32,1979.9,33.0,False,18,18,0,5,5.5,71.1,141,60,1.2,1.6,1.9,1.5,1.01,occasional,never,ide_restart,5123d4e8b63fdcbb,1b679a3e72cee1a1,da1b0302b03238d8,Collected experimental data; derived measurement fields retained as recorded
OBS0593,P038,SP038-1,B,1,AI,TP01,A,Equipment Maintenance API,1,2026-03-30T08:55:00,2026-03-30T09:19:10,1450.1,24.17,False,20,19,1,3,4.9,80.2,96,60,4.0,3.1,3.8,1.4,1.82,occasional,regular,none,5123d4e8b63fdcbb,1b679a3e72cee1a1,da1b0302b03238d8,Collected experimental data; derived measurement fields retained as recorded
OBS0594,P038,SP038-1,B,1,AI,TP02,A,Project Access Policy,2,2026-03-30T09:35:10,2026-03-30T10:04:48,1777.8,29.63,False,22,22,0,6,5.3,69.3,128,60,4.0,3.1,3.8,1.4,1.82,occasional,regular,none,5123d4e8b63fdcbb,1b679a3e72cee1a1,da1b0302b03238d8,Collected experimental data; derived measurement fields retained as recorded
OBS0595,P038,SP038-1,B,1,AI,TP03,A,Invoice Aging,3,2026-03-30T10:22:48,2026-03-30T10:52:46,1798.3,29.97,False,22,15,7,4,5.7,77.5,116,60,4.0,3.1,3.8,1.4,1.82,occasional,regular,none,5123d4e8b63fdcbb,1b679a3e72cee1a1,da1b0302b03238d8,Collected experimental data; derived measurement fields retained as recorded
OBS0596,P038,SP038-1,B,1,AI,TP04,A,Leave Approval,4,2026-03-30T11:09:46,2026-03-30T11:36:45,1618.7,26.98,False,24,22,2,4,5.4,78.0,136,60,4.0,3.1,3.8,1.4,1.82,occasional,regular,none,5123d4e8b63fdcbb,1b679a3e72cee1a1,da1b0302b03238d8,Collected experimental data; derived measurement fields retained as recorded
OBS0597,P038,SP038-1,B,1,AI,TP05,A,Currency Rate Service,5,2026-03-30T12:25:45,2026-03-30T13:00:25,2079.6,34.66,False,20,18,2,4,4.6,73.8,121,65,4.0,3.1,3.8,1.4,1.82,occasional,regular,none,5123d4e8b63fdcbb,1b679a3e72cee1a1,da1b0302b03238d8,Collected experimental data; derived measurement fields retained as recorded
OBS0598,P038,SP038-1,B,1,AI,TP06,A,Employee Import,6,2026-03-30T13:21:25,2026-03-30T13:52:30,1865.2,31.09,False,20,13,7,5,5.7,74.2,134,70,4.0,3.1,3.8,1.4,1.82,occasional,regular,none,5123d4e8b63fdcbb,1b679a3e72cee1a1,da1b0302b03238d8,Collected experimental data; derived measurement fields retained as recorded
OBS0599,P038,SP038-1,B,1,AI,TP07,A,Notification Preferences,7,2026-03-30T14:15:30,2026-03-30T14:58:26,2575.6,42.93,False,22,19,3,4,5.0,73.0,157,60,4.0,3.1,3.8,1.4,1.82,occasional,regular,none,5123d4e8b63fdcbb,1b679a3e72cee1a1,da1b0302b03238d8,Collected experimental data; derived measurement fields retained as recorded
OBS0600,P038,SP038-1,B,1,AI,TP08,A,Resource Utilization,8,2026-03-30T15:18:26,2026-03-30T15:52:01,2015.4,33.59,False,24,19,5,3,5.4,73.1,132,65,4.0,3.1,3.8,1.4,1.82,occasional,regular,none,5123d4e8b63fdcbb,1b679a3e72cee1a1,da1b0302b03238d8,Collected experimental data; derived measurement fields retained as recorded
OBS0601,P038,SP038-2,B,2,Traditional,TP01,B,Supplier Contract API,1,2026-04-30T14:50:00,2026-04-30T15:35:10,2710.3,45.17,False,20,15,5,7,6.5,62.7,125,70,4.0,3.1,3.8,1.4,1.82,occasional,regular,none,5123d4e8b63fdcbb,1b679a3e72cee1a1,da1b0302b03238d8,Collected experimental data; derived measurement fields retained as recorded
OBS0602,P038,SP038-2,B,2,Traditional,TP02,B,Document Access Policy,2,2026-04-30T15:55:10,2026-04-30T16:30:59,2149.5,35.83,False,20,16,4,4,5.3,69.4,142,70,4.0,3.1,3.8,1.4,1.82,occasional,regular,none,5123d4e8b63fdcbb,1b679a3e72cee1a1,da1b0302b03238d8,Collected experimental data; derived measurement fields retained as recorded
OBS0603,P038,SP038-2,B,2,Traditional,TP03,B,Purchase Order Fulfilment,3,2026-04-30T16:43:59,2026-04-30T17:16:47,1967.6,32.79,False,22,20,2,5,6.5,66.7,106,70,4.0,3.1,3.8,1.4,1.82,occasional,regular,none,5123d4e8b63fdcbb,1b679a3e72cee1a1,da1b0302b03238d8,Collected experimental data; derived measurement fields retained as recorded
OBS0604,P038,SP038-2,B,2,Traditional,TP04,B,Expense Reimbursement,4,2026-04-30T17:33:47,2026-04-30T18:15:21,2494.3,41.57,False,22,12,10,5,5.5,58.2,120,80,4.0,3.1,3.8,1.4,1.82,occasional,regular,none,5123d4e8b63fdcbb,1b679a3e72cee1a1,da1b0302b03238d8,Collected experimental data; derived measurement fields retained as recorded
OBS0605,P038,SP038-2,B,2,Traditional,TP05,B,Shipping Rate Service,5,2026-04-30T19:00:21,2026-04-30T19:39:38,2357.4,39.29,False,20,16,4,4,6.6,68.1,113,85,4.0,3.1,3.8,1.4,1.82,occasional,regular,none,5123d4e8b63fdcbb,1b679a3e72cee1a1,da1b0302b03238d8,Collected experimental data; derived measurement fields retained as recorded
OBS0606,P038,SP038-2,B,2,Traditional,TP06,B,Product Catalog Import,6,2026-04-30T20:01:38,2026-04-30T20:46:40,2701.6,45.03,False,22,19,3,6,5.6,65.0,136,80,4.0,3.1,3.8,1.4,1.82,occasional,regular,none,5123d4e8b63fdcbb,1b679a3e72cee1a1,da1b0302b03238d8,Collected experimental data; derived measurement fields retained as recorded
OBS0607,P038,SP038-2,B,2,Traditional,TP07,B,Alert Subscriptions,7,2026-04-30T21:07:40,2026-04-30T21:50:27,2567.5,42.79,False,22,19,3,3,6.1,75.1,117,75,4.0,3.1,3.8,1.4,1.82,occasional,regular,none,5123d4e8b63fdcbb,1b679a3e72cee1a1,da1b0302b03238d8,Collected experimental data; derived measurement fields retained as recorded
OBS0608,P038,SP038-2,B,2,Traditional,TP08,B,Support Ticket SLA,8,2026-04-30T22:13:27,2026-04-30T22:59:05,2738.2,45.64,False,20,15,5,5,5.8,68.4,107,85,4.0,3.1,3.8,1.4,1.82,occasional,regular,none,5123d4e8b63fdcbb,1b679a3e72cee1a1,da1b0302b03238d8,Collected experimental data; derived measurement fields retained as recorded
OBS0609,P039,SP039-1,C,1,Traditional,TP01,B,Supplier Contract API,1,2026-04-01T15:50:00,2026-04-01T16:27:40,2259.6,37.66,False,24,24,0,6,6.0,65.4,118,70,13.7,10.1,4.9,9.5,2.61,regular,regular,none,5123d4e8b63fdcbb,1b679a3e72cee1a1,da1b0302b03238d8,Collected experimental data; derived measurement fields retained as recorded
OBS0610,P039,SP039-1,C,1,Traditional,TP02,B,Document Access Policy,2,2026-04-01T16:38:40,2026-04-01T17:11:00,1940.4,32.34,False,24,23,1,5,5.4,72.6,130,65,13.7,10.1,4.9,9.5,2.61,regular,regular,none,5123d4e8b63fdcbb,1b679a3e72cee1a1,da1b0302b03238d8,Collected experimental data; derived measurement fields retained as recorded
OBS0611,P039,SP039-1,C,1,Traditional,TP03,B,Purchase Order Fulfilment,3,2026-04-01T17:28:00,2026-04-01T18:11:16,2596.0,43.27,False,22,21,1,7,5.9,71.7,123,65,13.7,10.1,4.9,9.5,2.61,regular,regular,none,5123d4e8b63fdcbb,1b679a3e72cee1a1,da1b0302b03238d8,Collected experimental data; derived measurement fields retained as recorded
OBS0612,P039,SP039-1,C,1,Traditional,TP04,B,Expense Reimbursement,4,2026-04-01T18:30:16,2026-04-01T19:16:41,2784.7,46.41,False,20,17,3,5,5.7,65.7,126,75,13.7,10.1,4.9,9.5,2.61,regular,regular,none,5123d4e8b63fdcbb,1b679a3e72cee1a1,da1b0302b03238d8,Collected experimental data; derived measurement fields retained as recorded
OBS0613,P039,SP039-1,C,1,Traditional,TP05,B,Shipping Rate Service,5,2026-04-01T19:57:41,2026-04-01T20:38:18,2437.3,40.62,False,18,15,3,7,6.6,71.5,115,60,13.7,10.1,4.9,9.5,2.61,regular,regular,none,5123d4e8b63fdcbb,1b679a3e72cee1a1,da1b0302b03238d8,Collected experimental data; derived measurement fields retained as recorded
OBS0614,P039,SP039-1,C,1,Traditional,TP06,B,Product Catalog Import,6,2026-04-01T21:02:18,2026-04-01T21:42:40,2422.4,40.37,False,18,15,3,5,5.9,65.9,122,75,13.7,10.1,4.9,9.5,2.61,regular,regular,copilot_suggestion_delay,5123d4e8b63fdcbb,1b679a3e72cee1a1,da1b0302b03238d8,Collected experimental data; derived measurement fields retained as recorded
OBS0615,P039,SP039-1,C,1,Traditional,TP07,B,Alert Subscriptions,7,2026-04-01T22:06:40,2026-04-01T22:57:47,3066.6,51.11,False,20,19,1,5,6.1,75.5,117,70,13.7,10.1,4.9,9.5,2.61,regular,regular,none,5123d4e8b63fdcbb,1b679a3e72cee1a1,da1b0302b03238d8,Collected experimental data; derived measurement fields retained as recorded
OBS0616,P039,SP039-1,C,1,Traditional,TP08,B,Support Ticket SLA,8,2026-04-01T23:16:47,2026-04-02T00:10:15,3207.7,53.46,False,20,17,3,6,6.4,65.6,121,75,13.7,10.1,4.9,9.5,2.61,regular,regular,none,5123d4e8b63fdcbb,1b679a3e72cee1a1,da1b0302b03238d8,Collected experimental data; derived measurement fields retained as recorded
OBS0617,P039,SP039-2,C,2,AI,TP01,A,Equipment Maintenance API,1,2026-05-05T10:36:00,2026-05-05T11:01:50,1550.4,25.84,False,24,19,5,4,5.3,77.6,142,60,13.7,10.1,4.9,9.5,2.61,regular,regular,none,5123d4e8b63fdcbb,1b679a3e72cee1a1,da1b0302b03238d8,Collected experimental data; derived measurement fields retained as recorded
OBS0618,P039,SP039-2,C,2,AI,TP02,A,Project Access Policy,2,2026-05-05T11:19:50,2026-05-05T11:53:28,2018.4,33.64,False,20,18,2,3,4.1,75.3,133,60,13.7,10.1,4.9,9.5,2.61,regular,regular,none,5123d4e8b63fdcbb,1b679a3e72cee1a1,da1b0302b03238d8,Collected experimental data; derived measurement fields retained as recorded
OBS0619,P039,SP039-2,C,2,AI,TP03,A,Invoice Aging,3,2026-05-05T12:04:28,2026-05-05T12:32:58,1710.2,28.5,False,20,18,2,3,4.4,75.3,132,55,13.7,10.1,4.9,9.5,2.61,regular,regular,none,5123d4e8b63fdcbb,1b679a3e72cee1a1,da1b0302b03238d8,Collected experimental data; derived measurement fields retained as recorded
OBS0620,P039,SP039-2,C,2,AI,TP04,A,Leave Approval,4,2026-05-05T12:50:58,2026-05-05T13:27:50,2212.4,36.87,False,18,14,4,3,4.3,68.8,125,60,13.7,10.1,4.9,9.5,2.61,regular,regular,none,5123d4e8b63fdcbb,1b679a3e72cee1a1,da1b0302b03238d8,Collected experimental data; derived measurement fields retained as recorded
OBS0621,P039,SP039-2,C,2,AI,TP05,A,Currency Rate Service,5,2026-05-05T14:15:50,2026-05-05T14:50:25,2075.5,34.59,False,20,20,0,4,4.0,77.7,164,65,13.7,10.1,4.9,9.5,2.61,regular,regular,none,5123d4e8b63fdcbb,1b679a3e72cee1a1,da1b0302b03238d8,Collected experimental data; derived measurement fields retained as recorded
OBS0622,P039,SP039-2,C,2,AI,TP06,A,Employee Import,6,2026-05-05T15:08:25,2026-05-05T15:36:29,1684.4,28.07,False,20,14,6,3,5.1,73.9,139,60,13.7,10.1,4.9,9.5,2.61,regular,regular,none,5123d4e8b63fdcbb,1b679a3e72cee1a1,da1b0302b03238d8,Collected experimental data; derived measurement fields retained as recorded
OBS0623,P039,SP039-2,C,2,AI,TP07,A,Notification Preferences,7,2026-05-05T15:59:29,2026-05-05T16:47:09,2859.6,47.66,False,20,18,2,5,4.0,78.1,137,65,13.7,10.1,4.9,9.5,2.61,regular,regular,none,5123d4e8b63fdcbb,1b679a3e72cee1a1,da1b0302b03238d8,Collected experimental data; derived measurement fields retained as recorded
OBS0624,P039,SP039-2,C,2,AI,TP08,A,Resource Utilization,8,2026-05-05T17:08:09,2026-05-05T17:44:28,2179.4,36.32,False,20,17,3,5,6.1,82.8,147,60,13.7,10.1,4.9,9.5,2.61,regular,regular,none,5123d4e8b63fdcbb,1b679a3e72cee1a1,da1b0302b03238d8,Collected experimental data; derived measurement fields retained as recorded
OBS0625,P040,SP040-1,D,1,AI,TP01,B,Supplier Contract API,1,2026-04-03T15:50:00,2026-04-03T16:23:48,2028.2,33.8,False,20,18,2,1,5.7,72.3,142,50,2.1,1.4,1.5,0.7,1.3,never,regular,none,5123d4e8b63fdcbb,1b679a3e72cee1a1,da1b0302b03238d8,Collected experimental data; derived measurement fields retained as recorded
OBS0626,P040,SP040-1,D,1,AI,TP02,B,Document Access Policy,2,2026-04-03T16:35:48,2026-04-03T17:01:55,1566.9,26.12,False,24,24,0,3,5.1,83.1,123,55,2.1,1.4,1.5,0.7,1.3,never,regular,none,5123d4e8b63fdcbb,1b679a3e72cee1a1,da1b0302b03238d8,Collected experimental data; derived measurement fields retained as recorded
OBS0627,P040,SP040-1,D,1,AI,TP03,B,Purchase Order Fulfilment,3,2026-04-03T17:20:55,2026-04-03T17:43:49,1373.8,22.9,False,22,20,2,5,4.1,73.5,161,50,2.1,1.4,1.5,0.7,1.3,never,regular,none,5123d4e8b63fdcbb,1b679a3e72cee1a1,da1b0302b03238d8,Collected experimental data; derived measurement fields retained as recorded
OBS0628,P040,SP040-1,D,1,AI,TP04,B,Expense Reimbursement,4,2026-04-03T18:02:49,2026-04-03T18:32:14,1765.3,29.42,False,20,20,0,4,5.6,74.8,131,45,2.1,1.4,1.5,0.7,1.3,never,regular,none,5123d4e8b63fdcbb,1b679a3e72cee1a1,da1b0302b03238d8,Collected experimental data; derived measurement fields retained as recorded
OBS0629,P040,SP040-1,D,1,AI,TP05,B,Shipping Rate Service,5,2026-04-03T19:29:14,2026-04-03T19:52:40,1406.5,23.44,False,20,17,3,5,4.7,73.7,154,55,2.1,1.4,1.5,0.7,1.3,never,regular,none,5123d4e8b63fdcbb,1b679a3e72cee1a1,da1b0302b03238d8,Collected experimental data; derived measurement fields retained as recorded
OBS0630,P040,SP040-1,D,1,AI,TP06,B,Product Catalog Import,6,2026-04-03T20:10:40,2026-04-03T20:40:57,1817.5,30.29,False,20,18,2,3,5.5,78.6,115,55,2.1,1.4,1.5,0.7,1.3,never,regular,none,5123d4e8b63fdcbb,1b679a3e72cee1a1,da1b0302b03238d8,Collected experimental data; derived measurement fields retained as recorded
OBS0631,P040,SP040-1,D,1,AI,TP07,B,Alert Subscriptions,7,2026-04-03T21:00:57,2026-04-03T21:36:30,2133.5,35.56,False,20,18,2,5,5.3,80.3,128,55,2.1,1.4,1.5,0.7,1.3,never,regular,none,5123d4e8b63fdcbb,1b679a3e72cee1a1,da1b0302b03238d8,Collected experimental data; derived measurement fields retained as recorded
OBS0632,P040,SP040-1,D,1,AI,TP08,B,Support Ticket SLA,8,2026-04-03T21:56:30,2026-04-03T22:26:22,1792.0,29.87,False,18,16,2,5,5.3,72.6,121,55,2.1,1.4,1.5,0.7,1.3,never,regular,none,5123d4e8b63fdcbb,1b679a3e72cee1a1,da1b0302b03238d8,Collected experimental data; derived measurement fields retained as recorded
OBS0633,P040,SP040-2,D,2,Traditional,TP01,A,Equipment Maintenance API,1,2026-04-13T08:41:00,2026-04-13T09:09:36,1716.3,28.6,False,20,17,3,5,6.0,71.5,120,65,2.1,1.4,1.5,0.7,1.3,never,regular,copilot_suggestion_delay,5123d4e8b63fdcbb,1b679a3e72cee1a1,da1b0302b03238d8,Collected experimental data; derived measurement fields retained as recorded
OBS0634,P040,SP040-2,D,2,Traditional,TP02,A,Project Access Policy,2,2026-04-13T09:24:36,2026-04-13T09:58:23,2026.9,33.78,False,20,18,2,5,6.0,75.6,122,65,2.1,1.4,1.5,0.7,1.3,never,regular,none,5123d4e8b63fdcbb,1b679a3e72cee1a1,da1b0302b03238d8,Collected experimental data; derived measurement fields retained as recorded
OBS0635,P040,SP040-2,D,2,Traditional,TP03,A,Invoice Aging,3,2026-04-13T10:15:23,2026-04-13T10:48:32,1988.8,33.15,False,20,18,2,6,5.6,68.4,102,65,2.1,1.4,1.5,0.7,1.3,never,regular,none,5123d4e8b63fdcbb,1b679a3e72cee1a1,da1b0302b03238d8,Collected experimental data; derived measurement fields retained as recorded
OBS0636,P040,SP040-2,D,2,Traditional,TP04,A,Leave Approval,4,2026-04-13T11:05:32,2026-04-13T11:46:45,2472.9,41.22,False,18,14,4,8,5.6,60.5,127,65,2.1,1.4,1.5,0.7,1.3,never,regular,none,5123d4e8b63fdcbb,1b679a3e72cee1a1,da1b0302b03238d8,Collected experimental data; derived measurement fields retained as recorded
OBS0637,P040,SP040-2,D,2,Traditional,TP05,A,Currency Rate Service,5,2026-04-13T12:41:45,2026-04-13T13:22:34,2449.2,40.82,False,20,17,3,4,6.2,69.6,134,60,2.1,1.4,1.5,0.7,1.3,never,regular,none,5123d4e8b63fdcbb,1b679a3e72cee1a1,da1b0302b03238d8,Collected experimental data; derived measurement fields retained as recorded
OBS0638,P040,SP040-2,D,2,Traditional,TP06,A,Employee Import,6,2026-04-13T13:40:34,2026-04-13T14:09:25,1731.1,28.85,False,20,19,1,5,6.0,75.0,119,65,2.1,1.4,1.5,0.7,1.3,never,regular,none,5123d4e8b63fdcbb,1b679a3e72cee1a1,da1b0302b03238d8,Collected experimental data; derived measurement fields retained as recorded
OBS0639,P040,SP040-2,D,2,Traditional,TP07,A,Notification Preferences,7,2026-04-13T14:29:25,2026-04-13T15:04:13,2088.4,34.81,False,20,17,3,4,6.2,71.5,130,65,2.1,1.4,1.5,0.7,1.3,never,regular,none,5123d4e8b63fdcbb,1b679a3e72cee1a1,da1b0302b03238d8,Collected experimental data; derived measurement fields retained as recorded
OBS0640,P040,SP040-2,D,2,Traditional,TP08,A,Resource Utilization,8,2026-04-13T15:24:13,2026-04-13T16:00:04,2150.8,35.85,False,20,16,4,7,5.2,64.6,141,70,2.1,1.4,1.5,0.7,1.3,never,regular,none,5123d4e8b63fdcbb,1b679a3e72cee1a1,da1b0302b03238d8,Collected experimental data; derived measurement fields retained as recorded
OBS0641,P041,SP041-1,A,1,Traditional,TP01,A,Equipment Maintenance API,1,2026-04-06T08:08:00,2026-04-06T08:37:24,1764.0,29.4,False,24,21,3,4,6.1,72.7,121,65,2.7,4.8,2.1,1.8,3.04,extensive,extensive,none,5123d4e8b63fdcbb,1b679a3e72cee1a1,da1b0302b03238d8,Collected experimental data; derived measurement fields retained as recorded
OBS0642,P041,SP041-1,A,1,Traditional,TP02,A,Project Access Policy,2,2026-04-06T08:55:24,2026-04-06T09:38:44,2600.2,43.34,False,20,15,5,5,6.7,74.8,104,70,2.7,4.8,2.1,1.8,3.04,extensive,extensive,none,5123d4e8b63fdcbb,1b679a3e72cee1a1,da1b0302b03238d8,Collected experimental data; derived measurement fields retained as recorded
OBS0643,P041,SP041-1,A,1,Traditional,TP03,A,Invoice Aging,3,2026-04-06T09:52:44,2026-04-06T10:27:33,2088.6,34.81,False,20,18,2,5,5.5,71.4,123,65,2.7,4.8,2.1,1.8,3.04,extensive,extensive,none,5123d4e8b63fdcbb,1b679a3e72cee1a1,da1b0302b03238d8,Collected experimental data; derived measurement fields retained as recorded
OBS0644,P041,SP041-1,A,1,Traditional,TP04,A,Leave Approval,4,2026-04-06T10:44:33,2026-04-06T11:27:10,2556.9,42.62,False,20,17,3,4,6.1,74.8,92,65,2.7,4.8,2.1,1.8,3.04,extensive,extensive,none,5123d4e8b63fdcbb,1b679a3e72cee1a1,da1b0302b03238d8,Collected experimental data; derived measurement fields retained as recorded
OBS0645,P041,SP041-1,A,1,Traditional,TP05,A,Currency Rate Service,5,2026-04-06T12:21:10,2026-04-06T12:59:20,2289.6,38.16,False,22,21,1,4,5.8,71.5,108,70,2.7,4.8,2.1,1.8,3.04,extensive,extensive,none,5123d4e8b63fdcbb,1b679a3e72cee1a1,da1b0302b03238d8,Collected experimental data; derived measurement fields retained as recorded
OBS0646,P041,SP041-1,A,1,Traditional,TP06,A,Employee Import,6,2026-04-06T13:17:20,2026-04-06T13:50:30,1989.8,33.16,False,20,16,4,5,5.6,70.6,122,70,2.7,4.8,2.1,1.8,3.04,extensive,extensive,none,5123d4e8b63fdcbb,1b679a3e72cee1a1,da1b0302b03238d8,Collected experimental data; derived measurement fields retained as recorded
OBS0647,P041,SP041-1,A,1,Traditional,TP07,A,Notification Preferences,7,2026-04-06T14:09:30,2026-04-06T14:45:35,2165.2,36.09,False,20,16,4,5,6.1,74.8,112,70,2.7,4.8,2.1,1.8,3.04,extensive,extensive,none,5123d4e8b63fdcbb,1b679a3e72cee1a1,da1b0302b03238d8,Collected experimental data; derived measurement fields retained as recorded
OBS0648,P041,SP041-1,A,1,Traditional,TP08,A,Resource Utilization,8,2026-04-06T15:06:35,2026-04-06T15:44:46,2290.6,38.18,False,20,17,3,4,5.5,73.9,119,75,2.7,4.8,2.1,1.8,3.04,extensive,extensive,none,5123d4e8b63fdcbb,1b679a3e72cee1a1,da1b0302b03238d8,Collected experimental data; derived measurement fields retained as recorded
OBS0649,P041,SP041-2,A,2,AI,TP01,B,Supplier Contract API,1,2026-04-15T09:20:00,2026-04-15T09:43:30,1410.3,23.5,False,18,15,3,3,4.8,80.5,123,55,2.7,4.8,2.1,1.8,3.04,extensive,extensive,none,5123d4e8b63fdcbb,1b679a3e72cee1a1,da1b0302b03238d8,Collected experimental data; derived measurement fields retained as recorded
OBS0650,P041,SP041-2,A,2,AI,TP02,B,Document Access Policy,2,2026-04-15T09:56:30,2026-04-15T10:22:23,1553.1,25.88,False,22,21,1,4,5.0,83.3,133,50,2.7,4.8,2.1,1.8,3.04,extensive,extensive,none,5123d4e8b63fdcbb,1b679a3e72cee1a1,da1b0302b03238d8,Collected experimental data; derived measurement fields retained as recorded
OBS0651,P041,SP041-2,A,2,AI,TP03,B,Purchase Order Fulfilment,3,2026-04-15T10:35:23,2026-04-15T10:57:37,1334.0,22.23,False,20,16,4,4,4.9,77.0,106,60,2.7,4.8,2.1,1.8,3.04,extensive,extensive,none,5123d4e8b63fdcbb,1b679a3e72cee1a1,da1b0302b03238d8,Collected experimental data; derived measurement fields retained as recorded
OBS0652,P041,SP041-2,A,2,AI,TP04,B,Expense Reimbursement,4,2026-04-15T11:18:37,2026-04-15T11:45:18,1601.2,26.69,False,20,19,1,3,4.5,78.3,115,55,2.7,4.8,2.1,1.8,3.04,extensive,extensive,none,5123d4e8b63fdcbb,1b679a3e72cee1a1,da1b0302b03238d8,Collected experimental data; derived measurement fields retained as recorded
OBS0653,P041,SP041-2,A,2,AI,TP05,B,Shipping Rate Service,5,2026-04-15T12:36:18,2026-04-15T13:04:08,1670.0,27.83,False,24,22,2,2,4.2,79.7,104,55,2.7,4.8,2.1,1.8,3.04,extensive,extensive,none,5123d4e8b63fdcbb,1b679a3e72cee1a1,da1b0302b03238d8,Collected experimental data; derived measurement fields retained as recorded
OBS0654,P041,SP041-2,A,2,AI,TP06,B,Product Catalog Import,6,2026-04-15T13:30:08,2026-04-15T13:56:03,1554.7,25.91,False,20,17,3,4,5.6,66.5,125,60,2.7,4.8,2.1,1.8,3.04,extensive,extensive,none,5123d4e8b63fdcbb,1b679a3e72cee1a1,da1b0302b03238d8,Collected experimental data; derived measurement fields retained as recorded
OBS0655,P041,SP041-2,A,2,AI,TP07,B,Alert Subscriptions,7,2026-04-15T14:11:03,2026-04-15T14:37:15,1572.0,26.2,False,20,19,1,4,4.7,79.7,131,60,2.7,4.8,2.1,1.8,3.04,extensive,extensive,brief_network_interruption,5123d4e8b63fdcbb,1b679a3e72cee1a1,da1b0302b03238d8,Collected experimental data; derived measurement fields retained as recorded
OBS0656,P041,SP041-2,A,2,AI,TP08,B,Support Ticket SLA,8,2026-04-15T14:53:15,2026-04-15T15:27:37,2061.5,34.36,False,24,22,2,4,5.2,73.8,132,60,2.7,4.8,2.1,1.8,3.04,extensive,extensive,none,5123d4e8b63fdcbb,1b679a3e72cee1a1,da1b0302b03238d8,Collected experimental data; derived measurement fields retained as recorded
OBS0657,P042,SP042-1,B,1,AI,TP01,A,Equipment Maintenance API,1,2026-03-10T14:23:00,2026-03-10T14:57:37,2076.5,34.61,False,20,20,0,3,5.4,78.4,127,60,10.6,4.9,10.9,4.1,2.63,regular,extensive,none,5123d4e8b63fdcbb,1b679a3e72cee1a1,da1b0302b03238d8,Collected experimental data; derived measurement fields retained as recorded
OBS0658,P042,SP042-1,B,1,AI,TP02,A,Project Access Policy,2,2026-03-10T15:15:37,2026-03-10T16:01:02,2725.3,45.42,False,18,14,4,3,4.7,75.6,131,65,10.6,4.9,10.9,4.1,2.63,regular,extensive,none,5123d4e8b63fdcbb,1b679a3e72cee1a1,da1b0302b03238d8,Collected experimental data; derived measurement fields retained as recorded
OBS0659,P042,SP042-1,B,1,AI,TP03,A,Invoice Aging,3,2026-03-10T16:14:02,2026-03-10T16:47:57,2034.7,33.91,False,20,14,6,6,6.2,78.0,121,65,10.6,4.9,10.9,4.1,2.63,regular,extensive,none,5123d4e8b63fdcbb,1b679a3e72cee1a1,da1b0302b03238d8,Collected experimental data; derived measurement fields retained as recorded
OBS0660,P042,SP042-1,B,1,AI,TP04,A,Leave Approval,4,2026-03-10T17:07:57,2026-03-10T17:54:46,2808.6,46.81,False,20,17,3,3,5.7,74.4,148,65,10.6,4.9,10.9,4.1,2.63,regular,extensive,none,5123d4e8b63fdcbb,1b679a3e72cee1a1,da1b0302b03238d8,Collected experimental data; derived measurement fields retained as recorded
OBS0661,P042,SP042-1,B,1,AI,TP05,A,Currency Rate Service,5,2026-03-10T18:36:46,2026-03-10T19:06:46,1799.9,30.0,False,20,16,4,4,5.2,67.3,154,65,10.6,4.9,10.9,4.1,2.63,regular,extensive,none,5123d4e8b63fdcbb,1b679a3e72cee1a1,da1b0302b03238d8,Collected experimental data; derived measurement fields retained as recorded
OBS0662,P042,SP042-1,B,1,AI,TP06,A,Employee Import,6,2026-03-10T19:32:46,2026-03-10T20:10:18,2252.1,37.53,False,24,21,3,5,5.8,71.1,134,70,10.6,4.9,10.9,4.1,2.63,regular,extensive,none,5123d4e8b63fdcbb,1b679a3e72cee1a1,da1b0302b03238d8,Collected experimental data; derived measurement fields retained as recorded
OBS0663,P042,SP042-1,B,1,AI,TP07,A,Notification Preferences,7,2026-03-10T20:30:18,2026-03-10T21:18:11,2873.4,47.89,False,18,16,2,7,5.3,66.6,141,75,10.6,4.9,10.9,4.1,2.63,regular,extensive,none,5123d4e8b63fdcbb,1b679a3e72cee1a1,da1b0302b03238d8,Collected experimental data; derived measurement fields retained as recorded
OBS0664,P042,SP042-1,B,1,AI,TP08,A,Resource Utilization,8,2026-03-10T21:40:11,2026-03-10T22:11:47,1896.5,31.61,False,20,15,5,4,5.2,66.3,131,75,10.6,4.9,10.9,4.1,2.63,regular,extensive,none,5123d4e8b63fdcbb,1b679a3e72cee1a1,da1b0302b03238d8,Collected experimental data; derived measurement fields retained as recorded
OBS0665,P042,SP042-2,B,2,Traditional,TP01,B,Supplier Contract API,1,2026-03-19T10:10:00,2026-03-19T10:46:26,2185.7,36.43,False,22,16,6,4,6.0,72.9,134,80,10.6,4.9,10.9,4.1,2.63,regular,extensive,none,5123d4e8b63fdcbb,1b679a3e72cee1a1,da1b0302b03238d8,Collected experimental data; derived measurement fields retained as recorded
OBS0666,P042,SP042-2,B,2,Traditional,TP02,B,Document Access Policy,2,2026-03-19T11:08:26,2026-03-19T11:44:13,2146.6,35.78,False,18,15,3,4,5.6,71.2,143,70,10.6,4.9,10.9,4.1,2.63,regular,extensive,none,5123d4e8b63fdcbb,1b679a3e72cee1a1,da1b0302b03238d8,Collected experimental data; derived measurement fields retained as recorded
OBS0667,P042,SP042-2,B,2,Traditional,TP03,B,Purchase Order Fulfilment,3,2026-03-19T11:59:13,2026-03-19T12:42:56,2623.0,43.72,False,20,12,8,7,6.8,63.0,132,80,10.6,4.9,10.9,4.1,2.63,regular,extensive,none,5123d4e8b63fdcbb,1b679a3e72cee1a1,da1b0302b03238d8,Collected experimental data; derived measurement fields retained as recorded
OBS0668,P042,SP042-2,B,2,Traditional,TP04,B,Expense Reimbursement,4,2026-03-19T12:59:56,2026-03-19T13:51:28,3092.3,51.54,False,20,15,5,5,6.4,69.5,140,75,10.6,4.9,10.9,4.1,2.63,regular,extensive,none,5123d4e8b63fdcbb,1b679a3e72cee1a1,da1b0302b03238d8,Collected experimental data; derived measurement fields retained as recorded
OBS0669,P042,SP042-2,B,2,Traditional,TP05,B,Shipping Rate Service,5,2026-03-19T14:40:28,2026-03-19T15:20:23,2395.0,39.92,False,20,17,3,6,6.4,66.6,126,75,10.6,4.9,10.9,4.1,2.63,regular,extensive,none,5123d4e8b63fdcbb,1b679a3e72cee1a1,da1b0302b03238d8,Collected experimental data; derived measurement fields retained as recorded
OBS0670,P042,SP042-2,B,2,Traditional,TP06,B,Product Catalog Import,6,2026-03-19T15:40:23,2026-03-19T16:26:07,2744.0,45.73,False,22,15,7,4,7.2,68.8,119,80,10.6,4.9,10.9,4.1,2.63,regular,extensive,none,5123d4e8b63fdcbb,1b679a3e72cee1a1,da1b0302b03238d8,Collected experimental data; derived measurement fields retained as recorded
OBS0671,P042,SP042-2,B,2,Traditional,TP07,B,Alert Subscriptions,7,2026-03-19T16:49:07,2026-03-19T17:34:41,2734.4,45.57,False,20,13,7,5,6.4,65.4,139,80,10.6,4.9,10.9,4.1,2.63,regular,extensive,none,5123d4e8b63fdcbb,1b679a3e72cee1a1,da1b0302b03238d8,Collected experimental data; derived measurement fields retained as recorded
OBS0672,P042,SP042-2,B,2,Traditional,TP08,B,Support Ticket SLA,8,2026-03-19T17:55:41,2026-03-19T18:38:04,2543.4,42.39,False,20,14,6,5,6.5,65.8,118,80,10.6,4.9,10.9,4.1,2.63,regular,extensive,brief_network_interruption,5123d4e8b63fdcbb,1b679a3e72cee1a1,da1b0302b03238d8,Collected experimental data; derived measurement fields retained as recorded
OBS0673,P043,SP043-1,C,1,Traditional,TP01,B,Supplier Contract API,1,2026-03-12T10:10:00,2026-03-12T11:02:00,3120.1,52.0,False,22,16,6,7,6.9,64.3,152,75,1.8,0.2,1.8,0.9,1.0,never,occasional,none,5123d4e8b63fdcbb,1b679a3e72cee1a1,da1b0302b03238d8,Collected experimental data; derived measurement fields retained as recorded
OBS0674,P043,SP043-1,C,1,Traditional,TP02,B,Document Access Policy,2,2026-03-12T11:22:00,2026-03-12T12:15:44,3223.7,53.73,False,20,17,3,6,6.0,66.9,129,75,1.8,0.2,1.8,0.9,1.0,never,occasional,none,5123d4e8b63fdcbb,1b679a3e72cee1a1,da1b0302b03238d8,Collected experimental data; derived measurement fields retained as recorded
OBS0675,P043,SP043-1,C,1,Traditional,TP03,B,Purchase Order Fulfilment,3,2026-03-12T12:32:44,2026-03-12T13:08:21,2137.3,35.62,False,22,19,3,8,6.2,68.6,126,70,1.8,0.2,1.8,0.9,1.0,never,occasional,none,5123d4e8b63fdcbb,1b679a3e72cee1a1,da1b0302b03238d8,Collected experimental data; derived measurement fields retained as recorded
OBS0676,P043,SP043-1,C,1,Traditional,TP04,B,Expense Reimbursement,4,2026-03-12T13:25:21,2026-03-12T14:14:25,2943.8,49.06,False,20,14,6,4,6.6,64.1,133,85,1.8,0.2,1.8,0.9,1.0,never,occasional,none,5123d4e8b63fdcbb,1b679a3e72cee1a1,da1b0302b03238d8,Collected experimental data; derived measurement fields retained as recorded
OBS0677,P043,SP043-1,C,1,Traditional,TP05,B,Shipping Rate Service,5,2026-03-12T15:05:25,2026-03-12T16:03:45,3500.1,58.34,False,18,13,5,8,6.5,59.9,148,80,1.8,0.2,1.8,0.9,1.0,never,occasional,none,5123d4e8b63fdcbb,1b679a3e72cee1a1,da1b0302b03238d8,Collected experimental data; derived measurement fields retained as recorded
OBS0678,P043,SP043-1,C,1,Traditional,TP06,B,Product Catalog Import,6,2026-03-12T16:23:45,2026-03-12T17:05:41,2516.3,41.94,False,18,14,4,5,6.7,66.0,123,85,1.8,0.2,1.8,0.9,1.0,never,occasional,none,5123d4e8b63fdcbb,1b679a3e72cee1a1,da1b0302b03238d8,Collected experimental data; derived measurement fields retained as recorded
OBS0679,P043,SP043-1,C,1,Traditional,TP07,B,Alert Subscriptions,7,2026-03-12T17:21:41,2026-03-12T18:03:55,2533.6,42.23,False,22,18,4,6,6.5,61.5,155,80,1.8,0.2,1.8,0.9,1.0,never,occasional,none,5123d4e8b63fdcbb,1b679a3e72cee1a1,da1b0302b03238d8,Collected experimental data; derived measurement fields retained as recorded
OBS0680,P043,SP043-1,C,1,Traditional,TP08,B,Support Ticket SLA,8,2026-03-12T18:25:55,2026-03-12T19:16:22,3027.5,50.46,False,20,10,10,4,6.5,61.8,141,85,1.8,0.2,1.8,0.9,1.0,never,occasional,none,5123d4e8b63fdcbb,1b679a3e72cee1a1,da1b0302b03238d8,Collected experimental data; derived measurement fields retained as recorded
OBS0681,P043,SP043-2,C,2,AI,TP01,A,Equipment Maintenance API,1,2026-03-25T13:53:00,2026-03-25T14:26:50,2030.4,33.84,False,22,17,5,4,5.1,70.7,135,60,1.8,0.2,1.8,0.9,1.0,never,occasional,none,5123d4e8b63fdcbb,1b679a3e72cee1a1,da1b0302b03238d8,Collected experimental data; derived measurement fields retained as recorded
OBS0682,P043,SP043-2,C,2,AI,TP02,A,Project Access Policy,2,2026-03-25T14:45:50,2026-03-25T15:21:00,2109.7,35.16,False,22,21,1,4,5.0,67.7,166,55,1.8,0.2,1.8,0.9,1.0,never,occasional,none,5123d4e8b63fdcbb,1b679a3e72cee1a1,da1b0302b03238d8,Collected experimental data; derived measurement fields retained as recorded
OBS0683,P043,SP043-2,C,2,AI,TP03,A,Invoice Aging,3,2026-03-25T15:38:00,2026-03-25T16:04:16,1575.8,26.26,False,18,18,0,5,4.9,71.6,143,60,1.8,0.2,1.8,0.9,1.0,never,occasional,none,5123d4e8b63fdcbb,1b679a3e72cee1a1,da1b0302b03238d8,Collected experimental data; derived measurement fields retained as recorded
OBS0684,P043,SP043-2,C,2,AI,TP04,A,Leave Approval,4,2026-03-25T16:22:16,2026-03-25T17:00:08,2271.9,37.86,False,20,17,3,5,5.5,72.6,158,60,1.8,0.2,1.8,0.9,1.0,never,occasional,none,5123d4e8b63fdcbb,1b679a3e72cee1a1,da1b0302b03238d8,Collected experimental data; derived measurement fields retained as recorded
OBS0685,P043,SP043-2,C,2,AI,TP05,A,Currency Rate Service,5,2026-03-25T17:43:08,2026-03-25T18:24:34,2486.1,41.43,False,22,17,5,4,4.6,78.1,153,65,1.8,0.2,1.8,0.9,1.0,never,occasional,none,5123d4e8b63fdcbb,1b679a3e72cee1a1,da1b0302b03238d8,Collected experimental data; derived measurement fields retained as recorded
OBS0686,P043,SP043-2,C,2,AI,TP06,A,Employee Import,6,2026-03-25T18:49:34,2026-03-25T19:33:03,2609.3,43.49,False,22,20,2,5,5.5,71.5,140,65,1.8,0.2,1.8,0.9,1.0,never,occasional,none,5123d4e8b63fdcbb,1b679a3e72cee1a1,da1b0302b03238d8,Collected experimental data; derived measurement fields retained as recorded
OBS0687,P043,SP043-2,C,2,AI,TP07,A,Notification Preferences,7,2026-03-25T19:53:03,2026-03-25T20:46:58,3235.3,53.92,False,20,18,2,5,5.4,73.7,144,65,1.8,0.2,1.8,0.9,1.0,never,occasional,none,5123d4e8b63fdcbb,1b679a3e72cee1a1,da1b0302b03238d8,Collected experimental data; derived measurement fields retained as recorded
OBS0688,P043,SP043-2,C,2,AI,TP08,A,Resource Utilization,8,2026-03-25T21:13:58,2026-03-25T21:47:58,2039.8,34.0,False,20,16,4,5,5.1,66.4,146,65,1.8,0.2,1.8,0.9,1.0,never,occasional,none,5123d4e8b63fdcbb,1b679a3e72cee1a1,da1b0302b03238d8,Collected experimental data; derived measurement fields retained as recorded
OBS0689,P044,SP044-1,D,1,AI,TP01,B,Supplier Contract API,1,2026-03-12T15:41:00,2026-03-12T16:09:46,1726.4,28.77,False,22,20,2,4,5.1,69.4,125,65,5.2,4.2,3.5,3.1,2.23,occasional,extensive,none,5123d4e8b63fdcbb,1b679a3e72cee1a1,da1b0302b03238d8,Collected experimental data; derived measurement fields retained as recorded
OBS0690,P044,SP044-1,D,1,AI,TP02,B,Document Access Policy,2,2026-03-12T16:26:46,2026-03-12T17:02:06,2120.5,35.34,False,20,18,2,1,4.3,68.6,159,60,5.2,4.2,3.5,3.1,2.23,occasional,extensive,none,5123d4e8b63fdcbb,1b679a3e72cee1a1,da1b0302b03238d8,Collected experimental data; derived measurement fields retained as recorded
OBS0691,P044,SP044-1,D,1,AI,TP03,B,Purchase Order Fulfilment,3,2026-03-12T17:18:06,2026-03-12T17:52:30,2064.2,34.4,False,20,17,3,3,4.6,77.6,136,55,5.2,4.2,3.5,3.1,2.23,occasional,extensive,none,5123d4e8b63fdcbb,1b679a3e72cee1a1,da1b0302b03238d8,Collected experimental data; derived measurement fields retained as recorded
OBS0692,P044,SP044-1,D,1,AI,TP04,B,Expense Reimbursement,4,2026-03-12T18:06:30,2026-03-12T18:36:07,1776.6,29.61,False,20,18,2,5,4.7,79.2,103,65,5.2,4.2,3.5,3.1,2.23,occasional,extensive,none,5123d4e8b63fdcbb,1b679a3e72cee1a1,da1b0302b03238d8,Collected experimental data; derived measurement fields retained as recorded
OBS0693,P044,SP044-1,D,1,AI,TP05,B,Shipping Rate Service,5,2026-03-12T19:27:07,2026-03-12T20:04:30,2243.3,37.39,False,20,19,1,4,4.7,69.0,170,60,5.2,4.2,3.5,3.1,2.23,occasional,extensive,none,5123d4e8b63fdcbb,1b679a3e72cee1a1,da1b0302b03238d8,Collected experimental data; derived measurement fields retained as recorded
OBS0694,P044,SP044-1,D,1,AI,TP06,B,Product Catalog Import,6,2026-03-12T20:26:30,2026-03-12T20:57:45,1874.6,31.24,False,22,17,5,4,5.7,81.0,131,60,5.2,4.2,3.5,3.1,2.23,occasional,extensive,none,5123d4e8b63fdcbb,1b679a3e72cee1a1,da1b0302b03238d8,Collected experimental data; derived measurement fields retained as recorded
OBS0695,P044,SP044-1,D,1,AI,TP07,B,Alert Subscriptions,7,2026-03-12T21:17:45,2026-03-12T22:02:56,2711.2,45.19,False,20,19,1,4,6.2,73.3,120,60,5.2,4.2,3.5,3.1,2.23,occasional,extensive,none,5123d4e8b63fdcbb,1b679a3e72cee1a1,da1b0302b03238d8,Collected experimental data; derived measurement fields retained as recorded
OBS0696,P044,SP044-1,D,1,AI,TP08,B,Support Ticket SLA,8,2026-03-12T22:25:56,2026-03-12T23:00:04,2048.3,34.14,False,22,19,3,2,6.0,74.6,132,60,5.2,4.2,3.5,3.1,2.23,occasional,extensive,none,5123d4e8b63fdcbb,1b679a3e72cee1a1,da1b0302b03238d8,Collected experimental data; derived measurement fields retained as recorded
OBS0697,P044,SP044-2,D,2,Traditional,TP01,A,Equipment Maintenance API,1,2026-03-26T14:39:00,2026-03-26T15:13:16,2055.9,34.26,False,22,19,3,5,5.4,70.1,117,65,5.2,4.2,3.5,3.1,2.23,occasional,extensive,none,5123d4e8b63fdcbb,1b679a3e72cee1a1,da1b0302b03238d8,Collected experimental data; derived measurement fields retained as recorded
OBS0698,P044,SP044-2,D,2,Traditional,TP02,A,Project Access Policy,2,2026-03-26T15:28:16,2026-03-26T16:04:31,2174.8,36.25,False,20,15,5,5,5.9,65.3,126,70,5.2,4.2,3.5,3.1,2.23,occasional,extensive,none,5123d4e8b63fdcbb,1b679a3e72cee1a1,da1b0302b03238d8,Collected experimental data; derived measurement fields retained as recorded
OBS0699,P044,SP044-2,D,2,Traditional,TP03,A,Invoice Aging,3,2026-03-26T16:19:31,2026-03-26T16:57:51,2300.2,38.34,False,24,20,4,5,5.4,66.7,116,70,5.2,4.2,3.5,3.1,2.23,occasional,extensive,none,5123d4e8b63fdcbb,1b679a3e72cee1a1,da1b0302b03238d8,Collected experimental data; derived measurement fields retained as recorded
OBS0700,P044,SP044-2,D,2,Traditional,TP04,A,Leave Approval,4,2026-03-26T17:17:51,2026-03-26T17:55:41,2270.0,37.83,False,20,18,2,6,6.1,69.5,100,70,5.2,4.2,3.5,3.1,2.23,occasional,extensive,none,5123d4e8b63fdcbb,1b679a3e72cee1a1,da1b0302b03238d8,Collected experimental data; derived measurement fields retained as recorded
OBS0701,P044,SP044-2,D,2,Traditional,TP05,A,Currency Rate Service,5,2026-03-26T18:44:41,2026-03-26T19:25:08,2427.0,40.45,False,22,22,0,4,5.0,74.7,126,70,5.2,4.2,3.5,3.1,2.23,occasional,extensive,none,5123d4e8b63fdcbb,1b679a3e72cee1a1,da1b0302b03238d8,Collected experimental data; derived measurement fields retained as recorded
OBS0702,P044,SP044-2,D,2,Traditional,TP06,A,Employee Import,6,2026-03-26T19:46:08,2026-03-26T20:26:21,2413.4,40.22,False,20,17,3,6,6.4,66.1,134,75,5.2,4.2,3.5,3.1,2.23,occasional,extensive,none,5123d4e8b63fdcbb,1b679a3e72cee1a1,da1b0302b03238d8,Collected experimental data; derived measurement fields retained as recorded
OBS0703,P044,SP044-2,D,2,Traditional,TP07,A,Notification Preferences,7,2026-03-26T20:48:21,2026-03-26T21:35:15,2814.3,46.9,False,20,18,2,4,5.9,73.2,107,70,5.2,4.2,3.5,3.1,2.23,occasional,extensive,none,5123d4e8b63fdcbb,1b679a3e72cee1a1,da1b0302b03238d8,Collected experimental data; derived measurement fields retained as recorded
OBS0704,P044,SP044-2,D,2,Traditional,TP08,A,Resource Utilization,8,2026-03-26T21:51:15,2026-03-26T22:33:04,2509.3,41.82,False,22,18,4,7,6.1,64.8,127,80,5.2,4.2,3.5,3.1,2.23,occasional,extensive,none,5123d4e8b63fdcbb,1b679a3e72cee1a1,da1b0302b03238d8,Collected experimental data; derived measurement fields retained as recorded
OBS0705,P045,SP045-1,A,1,Traditional,TP01,A,Equipment Maintenance API,1,2026-03-16T08:39:00,2026-03-16T09:25:14,2773.5,46.22,False,20,16,4,6,5.7,62.4,117,70,11.7,10.8,6.2,6.3,2.5,extensive,regular,participant_clarification_2min,5123d4e8b63fdcbb,1b679a3e72cee1a1,da1b0302b03238d8,Collected experimental data; derived measurement fields retained as recorded
OBS0706,P045,SP045-1,A,1,Traditional,TP02,A,Project Access Policy,2,2026-03-16T09:43:14,2026-03-16T10:23:37,2423.4,40.39,False,20,15,5,6,6.5,63.2,117,80,11.7,10.8,6.2,6.3,2.5,extensive,regular,none,5123d4e8b63fdcbb,1b679a3e72cee1a1,da1b0302b03238d8,Collected experimental data; derived measurement fields retained as recorded
OBS0707,P045,SP045-1,A,1,Traditional,TP03,A,Invoice Aging,3,2026-03-16T10:41:37,2026-03-16T11:23:13,2495.7,41.6,False,20,14,6,6,7.1,67.7,116,75,11.7,10.8,6.2,6.3,2.5,extensive,regular,none,5123d4e8b63fdcbb,1b679a3e72cee1a1,da1b0302b03238d8,Collected experimental data; derived measurement fields retained as recorded
OBS0708,P045,SP045-1,A,1,Traditional,TP04,A,Leave Approval,4,2026-03-16T11:41:13,2026-03-16T12:28:36,2843.2,47.39,False,20,14,6,5,6.2,66.3,121,80,11.7,10.8,6.2,6.3,2.5,extensive,regular,none,5123d4e8b63fdcbb,1b679a3e72cee1a1,da1b0302b03238d8,Collected experimental data; derived measurement fields retained as recorded
OBS0709,P045,SP045-1,A,1,Traditional,TP05,A,Currency Rate Service,5,2026-03-16T13:15:36,2026-03-16T14:06:47,3071.1,51.18,False,20,13,7,5,6.7,68.6,143,80,11.7,10.8,6.2,6.3,2.5,extensive,regular,none,5123d4e8b63fdcbb,1b679a3e72cee1a1,da1b0302b03238d8,Collected experimental data; derived measurement fields retained as recorded
OBS0710,P045,SP045-1,A,1,Traditional,TP06,A,Employee Import,6,2026-03-16T14:30:47,2026-03-16T15:04:41,2034.1,33.9,False,24,20,4,7,5.9,66.2,114,85,11.7,10.8,6.2,6.3,2.5,extensive,regular,none,5123d4e8b63fdcbb,1b679a3e72cee1a1,da1b0302b03238d8,Collected experimental data; derived measurement fields retained as recorded
OBS0711,P045,SP045-1,A,1,Traditional,TP07,A,Notification Preferences,7,2026-03-16T15:29:41,2026-03-16T16:14:30,2689.0,44.82,False,22,17,5,5,6.2,69.1,129,80,11.7,10.8,6.2,6.3,2.5,extensive,regular,none,5123d4e8b63fdcbb,1b679a3e72cee1a1,da1b0302b03238d8,Collected experimental data; derived measurement fields retained as recorded
OBS0712,P045,SP045-1,A,1,Traditional,TP08,A,Resource Utilization,8,2026-03-16T16:31:30,2026-03-16T17:28:41,3430.8,57.18,False,20,17,3,6,6.1,68.3,117,80,11.7,10.8,6.2,6.3,2.5,extensive,regular,none,5123d4e8b63fdcbb,1b679a3e72cee1a1,da1b0302b03238d8,Collected experimental data; derived measurement fields retained as recorded
OBS0713,P045,SP045-2,A,2,AI,TP01,B,Supplier Contract API,1,2026-04-01T08:07:00,2026-04-01T08:37:47,1846.9,30.78,False,22,21,1,6,5.5,71.1,161,65,11.7,10.8,6.2,6.3,2.5,extensive,regular,none,5123d4e8b63fdcbb,1b679a3e72cee1a1,da1b0302b03238d8,Collected experimental data; derived measurement fields retained as recorded
OBS0714,P045,SP045-2,A,2,AI,TP02,B,Document Access Policy,2,2026-04-01T08:54:47,2026-04-01T09:28:15,2008.4,33.47,False,22,20,2,4,5.8,67.1,129,70,11.7,10.8,6.2,6.3,2.5,extensive,regular,none,5123d4e8b63fdcbb,1b679a3e72cee1a1,da1b0302b03238d8,Collected experimental data; derived measurement fields retained as recorded
OBS0715,P045,SP045-2,A,2,AI,TP03,B,Purchase Order Fulfilment,3,2026-04-01T09:48:15,2026-04-01T10:22:22,2047.0,34.12,False,22,20,2,3,5.6,70.7,139,70,11.7,10.8,6.2,6.3,2.5,extensive,regular,none,5123d4e8b63fdcbb,1b679a3e72cee1a1,da1b0302b03238d8,Collected experimental data; derived measurement fields retained as recorded
OBS0716,P045,SP045-2,A,2,AI,TP04,B,Expense Reimbursement,4,2026-04-01T10:38:22,2026-04-01T11:13:05,2083.3,34.72,False,20,19,1,4,5.1,77.6,148,70,11.7,10.8,6.2,6.3,2.5,extensive,regular,none,5123d4e8b63fdcbb,1b679a3e72cee1a1,da1b0302b03238d8,Collected experimental data; derived measurement fields retained as recorded
OBS0717,P045,SP045-2,A,2,AI,TP05,B,Shipping Rate Service,5,2026-04-01T12:07:05,2026-04-01T12:57:01,2996.3,49.94,False,24,20,4,2,5.8,65.8,131,75,11.7,10.8,6.2,6.3,2.5,extensive,regular,none,5123d4e8b63fdcbb,1b679a3e72cee1a1,da1b0302b03238d8,Collected experimental data; derived measurement fields retained as recorded
OBS0718,P045,SP045-2,A,2,AI,TP06,B,Product Catalog Import,6,2026-04-01T13:22:01,2026-04-01T13:49:27,1646.0,27.43,False,20,17,3,3,5.0,69.9,140,70,11.7,10.8,6.2,6.3,2.5,extensive,regular,none,5123d4e8b63fdcbb,1b679a3e72cee1a1,da1b0302b03238d8,Collected experimental data; derived measurement fields retained as recorded
OBS0719,P045,SP045-2,A,2,AI,TP07,B,Alert Subscriptions,7,2026-04-01T14:04:27,2026-04-01T14:48:39,2652.2,44.2,False,22,20,2,4,6.4,75.8,156,65,11.7,10.8,6.2,6.3,2.5,extensive,regular,none,5123d4e8b63fdcbb,1b679a3e72cee1a1,da1b0302b03238d8,Collected experimental data; derived measurement fields retained as recorded
OBS0720,P045,SP045-2,A,2,AI,TP08,B,Support Ticket SLA,8,2026-04-01T15:09:39,2026-04-01T15:55:11,2731.8,45.53,False,20,18,2,6,5.8,73.6,130,70,11.7,10.8,6.2,6.3,2.5,extensive,regular,none,5123d4e8b63fdcbb,1b679a3e72cee1a1,da1b0302b03238d8,Collected experimental data; derived measurement fields retained as recorded
OBS0721,P046,SP046-1,B,1,AI,TP01,A,Equipment Maintenance API,1,2026-03-16T10:21:00,2026-03-16T10:51:34,1834.2,30.57,False,18,17,1,2,4.9,81.1,122,50,2.2,1.0,1.8,0.5,1.02,never,never,none,5123d4e8b63fdcbb,1b679a3e72cee1a1,da1b0302b03238d8,Collected experimental data; derived measurement fields retained as recorded
OBS0722,P046,SP046-1,B,1,AI,TP02,A,Project Access Policy,2,2026-03-16T11:02:34,2026-03-16T11:34:33,1918.7,31.98,False,22,20,2,5,5.1,72.2,138,60,2.2,1.0,1.8,0.5,1.02,never,never,none,5123d4e8b63fdcbb,1b679a3e72cee1a1,da1b0302b03238d8,Collected experimental data; derived measurement fields retained as recorded
OBS0723,P046,SP046-1,B,1,AI,TP03,A,Invoice Aging,3,2026-03-16T11:52:33,2026-03-16T12:28:52,2178.6,36.31,False,20,19,1,4,4.9,76.9,159,55,2.2,1.0,1.8,0.5,1.02,never,never,none,5123d4e8b63fdcbb,1b679a3e72cee1a1,da1b0302b03238d8,Collected experimental data; derived measurement fields retained as recorded
OBS0724,P046,SP046-1,B,1,AI,TP04,A,Leave Approval,4,2026-03-16T12:51:52,2026-03-16T13:34:09,2536.9,42.28,False,24,20,4,3,5.6,70.9,138,60,2.2,1.0,1.8,0.5,1.02,never,never,none,5123d4e8b63fdcbb,1b679a3e72cee1a1,da1b0302b03238d8,Collected experimental data; derived measurement fields retained as recorded
OBS0725,P046,SP046-1,B,1,AI,TP05,A,Currency Rate Service,5,2026-03-16T14:27:09,2026-03-16T14:55:03,1673.8,27.9,False,24,21,3,4,4.6,75.2,154,65,2.2,1.0,1.8,0.5,1.02,never,never,none,5123d4e8b63fdcbb,1b679a3e72cee1a1,da1b0302b03238d8,Collected experimental data; derived measurement fields retained as recorded
OBS0726,P046,SP046-1,B,1,AI,TP06,A,Employee Import,6,2026-03-16T15:13:03,2026-03-16T15:41:32,1709.2,28.49,False,24,22,2,4,5.5,75.8,111,60,2.2,1.0,1.8,0.5,1.02,never,never,none,5123d4e8b63fdcbb,1b679a3e72cee1a1,da1b0302b03238d8,Collected experimental data; derived measurement fields retained as recorded
OBS0727,P046,SP046-1,B,1,AI,TP07,A,Notification Preferences,7,2026-03-16T16:06:32,2026-03-16T16:45:06,2314.4,38.57,False,24,21,3,5,5.9,74.5,130,65,2.2,1.0,1.8,0.5,1.02,never,never,none,5123d4e8b63fdcbb,1b679a3e72cee1a1,da1b0302b03238d8,Collected experimental data; derived measurement fields retained as recorded
OBS0728,P046,SP046-1,B,1,AI,TP08,A,Resource Utilization,8,2026-03-16T17:02:06,2026-03-16T17:34:15,1929.4,32.16,False,20,19,1,4,4.7,70.6,128,55,2.2,1.0,1.8,0.5,1.02,never,never,none,5123d4e8b63fdcbb,1b679a3e72cee1a1,da1b0302b03238d8,Collected experimental data; derived measurement fields retained as recorded
OBS0729,P046,SP046-2,B,2,Traditional,TP01,B,Supplier Contract API,1,2026-04-06T14:25:00,2026-04-06T15:01:28,2188.4,36.47,False,20,15,5,5,6.0,66.0,127,65,2.2,1.0,1.8,0.5,1.02,never,never,none,5123d4e8b63fdcbb,1b679a3e72cee1a1,da1b0302b03238d8,Collected experimental data; derived measurement fields retained as recorded
OBS0730,P046,SP046-2,B,2,Traditional,TP02,B,Document Access Policy,2,2026-04-06T15:21:28,2026-04-06T15:59:28,2279.8,38.0,False,24,20,4,7,5.9,75.7,118,75,2.2,1.0,1.8,0.5,1.02,never,never,none,5123d4e8b63fdcbb,1b679a3e72cee1a1,da1b0302b03238d8,Collected experimental data; derived measurement fields retained as recorded
OBS0731,P046,SP046-2,B,2,Traditional,TP03,B,Purchase Order Fulfilment,3,2026-04-06T16:17:28,2026-04-06T16:53:49,2181.5,36.36,False,20,14,6,6,6.2,71.6,130,70,2.2,1.0,1.8,0.5,1.02,never,never,none,5123d4e8b63fdcbb,1b679a3e72cee1a1,da1b0302b03238d8,Collected experimental data; derived measurement fields retained as recorded
OBS0732,P046,SP046-2,B,2,Traditional,TP04,B,Expense Reimbursement,4,2026-04-06T17:10:49,2026-04-06T17:51:12,2423.3,40.39,False,20,18,2,5,6.4,66.1,144,75,2.2,1.0,1.8,0.5,1.02,never,never,none,5123d4e8b63fdcbb,1b679a3e72cee1a1,da1b0302b03238d8,Collected experimental data; derived measurement fields retained as recorded
OBS0733,P046,SP046-2,B,2,Traditional,TP05,B,Shipping Rate Service,5,2026-04-06T18:36:12,2026-04-06T19:19:44,2611.7,43.53,False,18,17,1,6,5.6,69.2,135,70,2.2,1.0,1.8,0.5,1.02,never,never,none,5123d4e8b63fdcbb,1b679a3e72cee1a1,da1b0302b03238d8,Collected experimental data; derived measurement fields retained as recorded
OBS0734,P046,SP046-2,B,2,Traditional,TP06,B,Product Catalog Import,6,2026-04-06T19:39:44,2026-04-06T20:18:53,2349.2,39.15,False,20,16,4,5,5.7,73.8,123,75,2.2,1.0,1.8,0.5,1.02,never,never,none,5123d4e8b63fdcbb,1b679a3e72cee1a1,da1b0302b03238d8,Collected experimental data; derived measurement fields retained as recorded
OBS0735,P046,SP046-2,B,2,Traditional,TP07,B,Alert Subscriptions,7,2026-04-06T20:40:53,2026-04-06T21:32:30,3097.5,51.62,False,22,14,8,6,5.7,68.5,111,80,2.2,1.0,1.8,0.5,1.02,never,never,none,5123d4e8b63fdcbb,1b679a3e72cee1a1,da1b0302b03238d8,Collected experimental data; derived measurement fields retained as recorded
OBS0736,P046,SP046-2,B,2,Traditional,TP08,B,Support Ticket SLA,8,2026-04-06T21:53:30,2026-04-06T22:33:39,2408.7,40.14,False,22,18,4,5,6.5,63.2,128,70,2.2,1.0,1.8,0.5,1.02,never,never,none,5123d4e8b63fdcbb,1b679a3e72cee1a1,da1b0302b03238d8,Collected experimental data; derived measurement fields retained as recorded
OBS0737,P047,SP047-1,C,1,Traditional,TP01,B,Supplier Contract API,1,2026-03-19T13:52:00,2026-03-19T14:19:56,1676.0,27.93,False,20,14,6,6,6.0,67.5,114,75,3.3,4.6,2.1,2.7,2.28,occasional,extensive,none,5123d4e8b63fdcbb,1b679a3e72cee1a1,da1b0302b03238d8,Collected experimental data; derived measurement fields retained as recorded
OBS0738,P047,SP047-1,C,1,Traditional,TP02,B,Document Access Policy,2,2026-03-19T14:41:56,2026-03-19T15:16:39,2082.5,34.71,False,20,15,5,6,5.6,71.1,124,65,3.3,4.6,2.1,2.7,2.28,occasional,extensive,none,5123d4e8b63fdcbb,1b679a3e72cee1a1,da1b0302b03238d8,Collected experimental data; derived measurement fields retained as recorded
OBS0739,P047,SP047-1,C,1,Traditional,TP03,B,Purchase Order Fulfilment,3,2026-03-19T15:35:39,2026-03-19T16:13:47,2288.4,38.14,False,18,15,3,5,5.8,68.8,130,65,3.3,4.6,2.1,2.7,2.28,occasional,extensive,none,5123d4e8b63fdcbb,1b679a3e72cee1a1,da1b0302b03238d8,Collected experimental data; derived measurement fields retained as recorded
OBS0740,P047,SP047-1,C,1,Traditional,TP04,B,Expense Reimbursement,4,2026-03-19T16:25:47,2026-03-19T16:58:56,1989.5,33.16,False,20,16,4,5,6.0,77.4,124,65,3.3,4.6,2.1,2.7,2.28,occasional,extensive,none,5123d4e8b63fdcbb,1b679a3e72cee1a1,da1b0302b03238d8,Collected experimental data; derived measurement fields retained as recorded
OBS0741,P047,SP047-1,C,1,Traditional,TP05,B,Shipping Rate Service,5,2026-03-19T17:53:56,2026-03-19T18:29:05,2109.3,35.16,False,20,18,2,5,5.7,70.9,107,70,3.3,4.6,2.1,2.7,2.28,occasional,extensive,none,5123d4e8b63fdcbb,1b679a3e72cee1a1,da1b0302b03238d8,Collected experimental data; derived measurement fields retained as recorded
OBS0742,P047,SP047-1,C,1,Traditional,TP06,B,Product Catalog Import,6,2026-03-19T18:50:05,2026-03-19T19:26:46,2200.9,36.68,False,20,19,1,7,6.0,82.5,109,70,3.3,4.6,2.1,2.7,2.28,occasional,extensive,none,5123d4e8b63fdcbb,1b679a3e72cee1a1,da1b0302b03238d8,Collected experimental data; derived measurement fields retained as recorded
OBS0743,P047,SP047-1,C,1,Traditional,TP07,B,Alert Subscriptions,7,2026-03-19T19:43:46,2026-03-19T20:23:57,2411.2,40.19,False,20,16,4,5,6.3,73.2,126,65,3.3,4.6,2.1,2.7,2.28,occasional,extensive,none,5123d4e8b63fdcbb,1b679a3e72cee1a1,da1b0302b03238d8,Collected experimental data; derived measurement fields retained as recorded
OBS0744,P047,SP047-1,C,1,Traditional,TP08,B,Support Ticket SLA,8,2026-03-19T20:43:57,2026-03-19T21:22:50,2333.3,38.89,False,20,17,3,4,5.9,66.9,133,75,3.3,4.6,2.1,2.7,2.28,occasional,extensive,none,5123d4e8b63fdcbb,1b679a3e72cee1a1,da1b0302b03238d8,Collected experimental data; derived measurement fields retained as recorded
OBS0745,P047,SP047-2,C,2,AI,TP01,A,Equipment Maintenance API,1,2026-04-08T14:35:00,2026-04-08T15:01:34,1594.3,26.57,False,22,20,2,4,4.9,78.7,128,55,3.3,4.6,2.1,2.7,2.28,occasional,extensive,none,5123d4e8b63fdcbb,1b679a3e72cee1a1,da1b0302b03238d8,Collected experimental data; derived measurement fields retained as recorded
OBS0746,P047,SP047-2,C,2,AI,TP02,A,Project Access Policy,2,2026-04-08T15:22:34,2026-04-08T15:46:16,1421.5,23.69,False,22,21,1,4,4.9,88.2,123,60,3.3,4.6,2.1,2.7,2.28,occasional,extensive,none,5123d4e8b63fdcbb,1b679a3e72cee1a1,da1b0302b03238d8,Collected experimental data; derived measurement fields retained as recorded
OBS0747,P047,SP047-2,C,2,AI,TP03,A,Invoice Aging,3,2026-04-08T16:02:16,2026-04-08T16:28:07,1551.3,25.86,False,20,8,12,5,5.0,70.0,92,65,3.3,4.6,2.1,2.7,2.28,occasional,extensive,none,5123d4e8b63fdcbb,1b679a3e72cee1a1,da1b0302b03238d8,Collected experimental data; derived measurement fields retained as recorded
OBS0748,P047,SP047-2,C,2,AI,TP04,A,Leave Approval,4,2026-04-08T16:47:07,2026-04-08T17:14:06,1619.1,26.98,False,20,17,3,5,4.9,80.3,129,60,3.3,4.6,2.1,2.7,2.28,occasional,extensive,none,5123d4e8b63fdcbb,1b679a3e72cee1a1,da1b0302b03238d8,Collected experimental data; derived measurement fields retained as recorded
OBS0749,P047,SP047-2,C,2,AI,TP05,A,Currency Rate Service,5,2026-04-08T18:04:06,2026-04-08T18:30:47,1600.9,26.68,False,18,15,3,3,5.3,78.2,135,55,3.3,4.6,2.1,2.7,2.28,occasional,extensive,none,5123d4e8b63fdcbb,1b679a3e72cee1a1,da1b0302b03238d8,Collected experimental data; derived measurement fields retained as recorded
OBS0750,P047,SP047-2,C,2,AI,TP06,A,Employee Import,6,2026-04-08T18:51:47,2026-04-08T19:19:46,1678.5,27.98,False,20,19,1,3,5.4,74.4,140,55,3.3,4.6,2.1,2.7,2.28,occasional,extensive,none,5123d4e8b63fdcbb,1b679a3e72cee1a1,da1b0302b03238d8,Collected experimental data; derived measurement fields retained as recorded
OBS0751,P047,SP047-2,C,2,AI,TP07,A,Notification Preferences,7,2026-04-08T19:41:46,2026-04-08T20:15:55,2049.2,34.15,False,22,17,5,4,5.8,79.3,127,55,3.3,4.6,2.1,2.7,2.28,occasional,extensive,none,5123d4e8b63fdcbb,1b679a3e72cee1a1,da1b0302b03238d8,Collected experimental data; derived measurement fields retained as recorded
OBS0752,P047,SP047-2,C,2,AI,TP08,A,Resource Utilization,8,2026-04-08T20:39:55,2026-04-08T21:10:13,1818.3,30.3,False,20,18,2,3,5.3,75.4,107,60,3.3,4.6,2.1,2.7,2.28,occasional,extensive,none,5123d4e8b63fdcbb,1b679a3e72cee1a1,da1b0302b03238d8,Collected experimental data; derived measurement fields retained as recorded
OBS0753,P048,SP048-1,D,1,AI,TP01,B,Supplier Contract API,1,2026-03-23T08:08:00,2026-03-23T08:37:08,1748.2,29.14,False,20,19,1,6,4.8,75.5,139,60,7.5,11.1,5.7,5.1,2.82,extensive,regular,none,5123d4e8b63fdcbb,1b679a3e72cee1a1,da1b0302b03238d8,Collected experimental data; derived measurement fields retained as recorded
OBS0754,P048,SP048-1,D,1,AI,TP02,B,Document Access Policy,2,2026-03-23T08:54:08,2026-03-23T09:35:03,2454.5,40.91,False,22,21,1,4,5.0,69.2,125,60,7.5,11.1,5.7,5.1,2.82,extensive,regular,none,5123d4e8b63fdcbb,1b679a3e72cee1a1,da1b0302b03238d8,Collected experimental data; derived measurement fields retained as recorded
OBS0755,P048,SP048-1,D,1,AI,TP03,B,Purchase Order Fulfilment,3,2026-03-23T09:53:03,2026-03-23T10:28:21,2117.6,35.29,False,20,18,2,3,5.1,74.4,129,65,7.5,11.1,5.7,5.1,2.82,extensive,regular,none,5123d4e8b63fdcbb,1b679a3e72cee1a1,da1b0302b03238d8,Collected experimental data; derived measurement fields retained as recorded
OBS0756,P048,SP048-1,D,1,AI,TP04,B,Expense Reimbursement,4,2026-03-23T10:46:21,2026-03-23T11:30:48,2667.3,44.46,False,22,21,1,5,5.0,76.3,120,65,7.5,11.1,5.7,5.1,2.82,extensive,regular,none,5123d4e8b63fdcbb,1b679a3e72cee1a1,da1b0302b03238d8,Collected experimental data; derived measurement fields retained as recorded
OBS0757,P048,SP048-1,D,1,AI,TP05,B,Shipping Rate Service,5,2026-03-23T12:23:48,2026-03-23T13:04:43,2454.8,40.91,False,20,17,3,4,5.0,77.9,126,65,7.5,11.1,5.7,5.1,2.82,extensive,regular,none,5123d4e8b63fdcbb,1b679a3e72cee1a1,da1b0302b03238d8,Collected experimental data; derived measurement fields retained as recorded
OBS0758,P048,SP048-1,D,1,AI,TP06,B,Product Catalog Import,6,2026-03-23T13:28:43,2026-03-23T14:00:19,1895.7,31.6,False,22,19,3,3,4.0,64.3,131,65,7.5,11.1,5.7,5.1,2.82,extensive,regular,none,5123d4e8b63fdcbb,1b679a3e72cee1a1,da1b0302b03238d8,Collected experimental data; derived measurement fields retained as recorded
OBS0759,P048,SP048-1,D,1,AI,TP07,B,Alert Subscriptions,7,2026-03-23T14:25:19,2026-03-23T14:57:12,1913.4,31.89,False,20,11,9,4,5.3,72.4,116,65,7.5,11.1,5.7,5.1,2.82,extensive,regular,none,5123d4e8b63fdcbb,1b679a3e72cee1a1,da1b0302b03238d8,Collected experimental data; derived measurement fields retained as recorded
OBS0760,P048,SP048-1,D,1,AI,TP08,B,Support Ticket SLA,8,2026-03-23T15:15:12,2026-03-23T15:49:53,2080.7,34.68,False,24,22,2,4,6.4,66.3,126,65,7.5,11.1,5.7,5.1,2.82,extensive,regular,none,5123d4e8b63fdcbb,1b679a3e72cee1a1,da1b0302b03238d8,Collected experimental data; derived measurement fields retained as recorded
OBS0761,P048,SP048-2,D,2,Traditional,TP01,A,Equipment Maintenance API,1,2026-04-15T09:53:00,2026-04-15T10:28:50,2149.9,35.83,False,20,14,6,7,5.8,68.2,133,70,7.5,11.1,5.7,5.1,2.82,extensive,regular,none,5123d4e8b63fdcbb,1b679a3e72cee1a1,da1b0302b03238d8,Collected experimental data; derived measurement fields retained as recorded
OBS0762,P048,SP048-2,D,2,Traditional,TP02,A,Project Access Policy,2,2026-04-15T10:48:50,2026-04-15T11:31:19,2549.1,42.48,False,20,17,3,5,5.9,63.6,117,70,7.5,11.1,5.7,5.1,2.82,extensive,regular,none,5123d4e8b63fdcbb,1b679a3e72cee1a1,da1b0302b03238d8,Collected experimental data; derived measurement fields retained as recorded
OBS0763,P048,SP048-2,D,2,Traditional,TP03,A,Invoice Aging,3,2026-04-15T11:49:19,2026-04-15T12:27:19,2279.8,38.0,False,20,17,3,4,6.5,72.2,120,65,7.5,11.1,5.7,5.1,2.82,extensive,regular,none,5123d4e8b63fdcbb,1b679a3e72cee1a1,da1b0302b03238d8,Collected experimental data; derived measurement fields retained as recorded
OBS0764,P048,SP048-2,D,2,Traditional,TP04,A,Leave Approval,4,2026-04-15T12:45:19,2026-04-15T13:20:09,2089.5,34.83,False,20,17,3,8,6.1,65.5,137,70,7.5,11.1,5.7,5.1,2.82,extensive,regular,none,5123d4e8b63fdcbb,1b679a3e72cee1a1,da1b0302b03238d8,Collected experimental data; derived measurement fields retained as recorded
OBS0765,P048,SP048-2,D,2,Traditional,TP05,A,Currency Rate Service,5,2026-04-15T14:02:09,2026-04-15T14:42:21,2411.9,40.2,False,18,14,4,6,5.7,62.8,128,70,7.5,11.1,5.7,5.1,2.82,extensive,regular,none,5123d4e8b63fdcbb,1b679a3e72cee1a1,da1b0302b03238d8,Collected experimental data; derived measurement fields retained as recorded
OBS0766,P048,SP048-2,D,2,Traditional,TP06,A,Employee Import,6,2026-04-15T15:01:21,2026-04-15T15:42:07,2446.4,40.77,False,18,16,2,5,6.0,73.2,121,70,7.5,11.1,5.7,5.1,2.82,extensive,regular,none,5123d4e8b63fdcbb,1b679a3e72cee1a1,da1b0302b03238d8,Collected experimental data; derived measurement fields retained as recorded
OBS0767,P048,SP048-2,D,2,Traditional,TP07,A,Notification Preferences,7,2026-04-15T16:05:07,2026-04-15T16:41:56,2209.0,36.82,False,22,20,2,4,5.6,67.0,118,70,7.5,11.1,5.7,5.1,2.82,extensive,regular,none,5123d4e8b63fdcbb,1b679a3e72cee1a1,da1b0302b03238d8,Collected experimental data; derived measurement fields retained as recorded
OBS0768,P048,SP048-2,D,2,Traditional,TP08,A,Resource Utilization,8,2026-04-15T17:00:56,2026-04-15T17:38:23,2246.5,37.44,False,24,22,2,5,6.1,67.2,117,75,7.5,11.1,5.7,5.1,2.82,extensive,regular,none,5123d4e8b63fdcbb,1b679a3e72cee1a1,da1b0302b03238d8,Collected experimental data; derived measurement fields retained as recorded
OBS0769,P049,SP049-1,A,1,Traditional,TP01,A,Equipment Maintenance API,1,2026-03-23T14:05:00,2026-03-23T14:39:17,2057.3,34.29,False,18,16,2,5,6.2,76.9,111,65,1.4,1.3,1.7,1.6,1.24,never,regular,none,5123d4e8b63fdcbb,1b679a3e72cee1a1,da1b0302b03238d8,Collected experimental data; derived measurement fields retained as recorded
OBS0770,P049,SP049-1,A,1,Traditional,TP02,A,Project Access Policy,2,2026-03-23T14:52:17,2026-03-23T15:30:33,2296.1,38.27,False,22,20,2,5,5.8,77.3,106,70,1.4,1.3,1.7,1.6,1.24,never,regular,ide_restart,5123d4e8b63fdcbb,1b679a3e72cee1a1,da1b0302b03238d8,Collected experimental data; derived measurement fields retained as recorded
OBS0771,P049,SP049-1,A,1,Traditional,TP03,A,Invoice Aging,3,2026-03-23T15:47:33,2026-03-23T16:25:23,2270.1,37.84,False,20,12,8,4,6.0,67.1,128,75,1.4,1.3,1.7,1.6,1.24,never,regular,none,5123d4e8b63fdcbb,1b679a3e72cee1a1,da1b0302b03238d8,Collected experimental data; derived measurement fields retained as recorded
OBS0772,P049,SP049-1,A,1,Traditional,TP04,A,Leave Approval,4,2026-03-23T16:41:23,2026-03-23T17:31:39,3015.6,50.26,False,22,18,4,6,5.7,72.1,116,75,1.4,1.3,1.7,1.6,1.24,never,regular,none,5123d4e8b63fdcbb,1b679a3e72cee1a1,da1b0302b03238d8,Collected experimental data; derived measurement fields retained as recorded
OBS0773,P049,SP049-1,A,1,Traditional,TP05,A,Currency Rate Service,5,2026-03-23T18:25:39,2026-03-23T19:14:46,2946.6,49.11,False,18,17,1,5,6.1,66.5,130,75,1.4,1.3,1.7,1.6,1.24,never,regular,none,5123d4e8b63fdcbb,1b679a3e72cee1a1,da1b0302b03238d8,Collected experimental data; derived measurement fields retained as recorded
OBS0774,P049,SP049-1,A,1,Traditional,TP06,A,Employee Import,6,2026-03-23T19:34:46,2026-03-23T20:13:18,2312.1,38.53,False,18,12,6,7,6.4,61.2,115,75,1.4,1.3,1.7,1.6,1.24,never,regular,none,5123d4e8b63fdcbb,1b679a3e72cee1a1,da1b0302b03238d8,Collected experimental data; derived measurement fields retained as recorded
OBS0775,P049,SP049-1,A,1,Traditional,TP07,A,Notification Preferences,7,2026-03-23T20:31:18,2026-03-23T21:29:35,3496.5,58.28,False,20,17,3,6,6.1,64.1,125,75,1.4,1.3,1.7,1.6,1.24,never,regular,none,5123d4e8b63fdcbb,1b679a3e72cee1a1,da1b0302b03238d8,Collected experimental data; derived measurement fields retained as recorded
OBS0776,P049,SP049-1,A,1,Traditional,TP08,A,Resource Utilization,8,2026-03-23T21:51:35,2026-03-23T22:29:34,2278.5,37.98,False,24,19,5,5,6.2,73.2,116,80,1.4,1.3,1.7,1.6,1.24,never,regular,none,5123d4e8b63fdcbb,1b679a3e72cee1a1,da1b0302b03238d8,Collected experimental data; derived measurement fields retained as recorded
OBS0777,P049,SP049-2,A,2,AI,TP01,B,Supplier Contract API,1,2026-04-20T14:38:00,2026-04-20T15:00:53,1373.3,22.89,False,20,19,1,2,5.4,80.1,151,50,1.4,1.3,1.7,1.6,1.24,never,regular,none,5123d4e8b63fdcbb,1b679a3e72cee1a1,da1b0302b03238d8,Collected experimental data; derived measurement fields retained as recorded
OBS0778,P049,SP049-2,A,2,AI,TP02,B,Document Access Policy,2,2026-04-20T15:20:53,2026-04-20T15:49:27,1714.4,28.57,False,20,15,5,5,6.6,73.2,129,60,1.4,1.3,1.7,1.6,1.24,never,regular,none,5123d4e8b63fdcbb,1b679a3e72cee1a1,da1b0302b03238d8,Collected experimental data; derived measurement fields retained as recorded
OBS0779,P049,SP049-2,A,2,AI,TP03,B,Purchase Order Fulfilment,3,2026-04-20T16:09:27,2026-04-20T16:36:38,1631.2,27.19,False,22,19,3,4,4.7,70.8,149,50,1.4,1.3,1.7,1.6,1.24,never,regular,none,5123d4e8b63fdcbb,1b679a3e72cee1a1,da1b0302b03238d8,Collected experimental data; derived measurement fields retained as recorded
OBS0780,P049,SP049-2,A,2,AI,TP04,B,Expense Reimbursement,4,2026-04-20T16:49:38,2026-04-20T17:18:58,1759.8,29.33,False,24,24,0,6,5.6,76.0,125,55,1.4,1.3,1.7,1.6,1.24,never,regular,none,5123d4e8b63fdcbb,1b679a3e72cee1a1,da1b0302b03238d8,Collected experimental data; derived measurement fields retained as recorded
OBS0781,P049,SP049-2,A,2,AI,TP05,B,Shipping Rate Service,5,2026-04-20T18:06:58,2026-04-20T18:37:56,1857.6,30.96,False,22,19,3,3,5.7,76.3,148,60,1.4,1.3,1.7,1.6,1.24,never,regular,none,5123d4e8b63fdcbb,1b679a3e72cee1a1,da1b0302b03238d8,Collected experimental data; derived measurement fields retained as recorded
OBS0782,P049,SP049-2,A,2,AI,TP06,B,Product Catalog Import,6,2026-04-20T18:56:56,2026-04-20T19:21:43,1486.7,24.78,False,20,12,8,4,5.5,70.8,124,60,1.4,1.3,1.7,1.6,1.24,never,regular,none,5123d4e8b63fdcbb,1b679a3e72cee1a1,da1b0302b03238d8,Collected experimental data; derived measurement fields retained as recorded
OBS0783,P049,SP049-2,A,2,AI,TP07,B,Alert Subscriptions,7,2026-04-20T19:45:43,2026-04-20T20:29:07,2604.0,43.4,False,22,20,2,4,4.8,75.5,125,65,1.4,1.3,1.7,1.6,1.24,never,regular,none,5123d4e8b63fdcbb,1b679a3e72cee1a1,da1b0302b03238d8,Collected experimental data; derived measurement fields retained as recorded
OBS0784,P049,SP049-2,A,2,AI,TP08,B,Support Ticket SLA,8,2026-04-20T20:53:07,2026-04-20T21:28:13,2105.9,35.1,False,20,18,2,6,5.9,70.9,134,60,1.4,1.3,1.7,1.6,1.24,never,regular,timer_pause_approved,5123d4e8b63fdcbb,1b679a3e72cee1a1,da1b0302b03238d8,Collected experimental data; derived measurement fields retained as recorded
OBS0785,P050,SP050-1,B,1,AI,TP01,A,Equipment Maintenance API,1,2026-03-25T15:35:00,2026-03-25T16:10:39,2139.3,35.66,False,20,16,4,4,5.1,68.6,138,60,4.2,3.4,1.9,1.9,1.89,regular,occasional,none,5123d4e8b63fdcbb,1b679a3e72cee1a1,da1b0302b03238d8,Collected experimental data; derived measurement fields retained as recorded
OBS0786,P050,SP050-1,B,1,AI,TP02,A,Project Access Policy,2,2026-03-25T16:34:39,2026-03-25T17:14:14,2374.8,39.58,False,20,18,2,5,5.8,76.4,133,65,4.2,3.4,1.9,1.9,1.89,regular,occasional,none,5123d4e8b63fdcbb,1b679a3e72cee1a1,da1b0302b03238d8,Collected experimental data; derived measurement fields retained as recorded
OBS0787,P050,SP050-1,B,1,AI,TP03,A,Invoice Aging,3,2026-03-25T17:28:14,2026-03-25T18:18:28,3014.2,50.24,False,20,16,4,5,6.3,78.4,131,60,4.2,3.4,1.9,1.9,1.89,regular,occasional,none,5123d4e8b63fdcbb,1b679a3e72cee1a1,da1b0302b03238d8,Collected experimental data; derived measurement fields retained as recorded
OBS0788,P050,SP050-1,B,1,AI,TP04,A,Leave Approval,4,2026-03-25T18:35:28,2026-03-25T19:31:10,3342.3,55.71,False,20,20,0,2,4.8,76.5,135,60,4.2,3.4,1.9,1.9,1.89,regular,occasional,none,5123d4e8b63fdcbb,1b679a3e72cee1a1,da1b0302b03238d8,Collected experimental data; derived measurement fields retained as recorded
OBS0789,P050,SP050-1,B,1,AI,TP05,A,Currency Rate Service,5,2026-03-25T20:21:10,2026-03-25T21:09:48,2917.7,48.63,False,22,18,4,5,5.0,74.8,148,65,4.2,3.4,1.9,1.9,1.89,regular,occasional,none,5123d4e8b63fdcbb,1b679a3e72cee1a1,da1b0302b03238d8,Collected experimental data; derived measurement fields retained as recorded
OBS0790,P050,SP050-1,B,1,AI,TP06,A,Employee Import,6,2026-03-25T21:27:48,2026-03-25T22:01:37,2029.1,33.82,False,22,17,5,3,5.3,70.2,145,70,4.2,3.4,1.9,1.9,1.89,regular,occasional,none,5123d4e8b63fdcbb,1b679a3e72cee1a1,da1b0302b03238d8,Collected experimental data; derived measurement fields retained as recorded
OBS0791,P050,SP050-1,B,1,AI,TP07,A,Notification Preferences,7,2026-03-25T22:24:37,2026-03-25T23:09:30,2693.3,44.89,False,22,21,1,3,4.6,73.7,111,70,4.2,3.4,1.9,1.9,1.89,regular,occasional,none,5123d4e8b63fdcbb,1b679a3e72cee1a1,da1b0302b03238d8,Collected experimental data; derived measurement fields retained as recorded
OBS0792,P050,SP050-1,B,1,AI,TP08,A,Resource Utilization,8,2026-03-25T23:25:30,2026-03-26T00:16:39,3069.2,51.15,False,22,21,1,5,4.5,78.3,128,70,4.2,3.4,1.9,1.9,1.89,regular,occasional,none,5123d4e8b63fdcbb,1b679a3e72cee1a1,da1b0302b03238d8,Collected experimental data; derived measurement fields retained as recorded
OBS0793,P050,SP050-2,B,2,Traditional,TP01,B,Supplier Contract API,1,2026-04-20T10:39:00,2026-04-20T11:20:54,2514.0,41.9,False,20,15,5,4,6.5,64.6,144,75,4.2,3.4,1.9,1.9,1.89,regular,occasional,none,5123d4e8b63fdcbb,1b679a3e72cee1a1,da1b0302b03238d8,Collected experimental data; derived measurement fields retained as recorded
OBS0794,P050,SP050-2,B,2,Traditional,TP02,B,Document Access Policy,2,2026-04-20T11:40:54,2026-04-20T12:19:21,2307.2,38.45,False,20,19,1,5,6.4,63.3,126,75,4.2,3.4,1.9,1.9,1.89,regular,occasional,none,5123d4e8b63fdcbb,1b679a3e72cee1a1,da1b0302b03238d8,Collected experimental data; derived measurement fields retained as recorded
OBS0795,P050,SP050-2,B,2,Traditional,TP03,B,Purchase Order Fulfilment,3,2026-04-20T12:36:21,2026-04-20T13:20:59,2677.8,44.63,False,22,17,5,5,5.6,57.4,137,80,4.2,3.4,1.9,1.9,1.89,regular,occasional,none,5123d4e8b63fdcbb,1b679a3e72cee1a1,da1b0302b03238d8,Collected experimental data; derived measurement fields retained as recorded
OBS0796,P050,SP050-2,B,2,Traditional,TP04,B,Expense Reimbursement,4,2026-04-20T13:36:59,2026-04-20T14:26:28,2969.2,49.49,False,24,17,7,5,6.4,61.6,129,80,4.2,3.4,1.9,1.9,1.89,regular,occasional,none,5123d4e8b63fdcbb,1b679a3e72cee1a1,da1b0302b03238d8,Collected experimental data; derived measurement fields retained as recorded
OBS0797,P050,SP050-2,B,2,Traditional,TP05,B,Shipping Rate Service,5,2026-04-20T15:16:28,2026-04-20T16:02:32,2763.7,46.06,False,20,14,6,5,6.3,69.6,126,80,4.2,3.4,1.9,1.9,1.89,regular,occasional,none,5123d4e8b63fdcbb,1b679a3e72cee1a1,da1b0302b03238d8,Collected experimental data; derived measurement fields retained as recorded
OBS0798,P050,SP050-2,B,2,Traditional,TP06,B,Product Catalog Import,6,2026-04-20T16:19:32,2026-04-20T17:01:07,2495.1,41.58,False,20,18,2,7,6.1,69.9,136,85,4.2,3.4,1.9,1.9,1.89,regular,occasional,none,5123d4e8b63fdcbb,1b679a3e72cee1a1,da1b0302b03238d8,Collected experimental data; derived measurement fields retained as recorded
OBS0799,P050,SP050-2,B,2,Traditional,TP07,B,Alert Subscriptions,7,2026-04-20T17:24:07,2026-04-20T18:12:27,2899.9,48.33,False,20,13,7,4,6.4,65.1,134,85,4.2,3.4,1.9,1.9,1.89,regular,occasional,none,5123d4e8b63fdcbb,1b679a3e72cee1a1,da1b0302b03238d8,Collected experimental data; derived measurement fields retained as recorded
OBS0800,P050,SP050-2,B,2,Traditional,TP08,B,Support Ticket SLA,8,2026-04-20T18:31:27,2026-04-20T19:13:53,2545.8,42.43,False,20,15,5,5,6.2,62.7,137,80,4.2,3.4,1.9,1.9,1.89,regular,occasional,none,5123d4e8b63fdcbb,1b679a3e72cee1a1,da1b0302b03238d8,Collected experimental data; derived measurement fields retained as recorded
OBS0801,P051,SP051-1,C,1,Traditional,TP01,B,Supplier Contract API,1,2026-03-27T13:54:00,2026-03-27T14:29:50,2149.8,35.83,False,20,17,3,6,5.6,70.4,138,75,11.8,7.6,4.3,8.3,2.81,regular,extensive,none,5123d4e8b63fdcbb,1b679a3e72cee1a1,da1b0302b03238d8,Collected experimental data; derived measurement fields retained as recorded
OBS0802,P051,SP051-1,C,1,Traditional,TP02,B,Document Access Policy,2,2026-03-27T14:44:50,2026-03-27T15:16:34,1904.5,31.74,False,20,18,2,3,5.5,66.9,129,70,11.8,7.6,4.3,8.3,2.81,regular,extensive,none,5123d4e8b63fdcbb,1b679a3e72cee1a1,da1b0302b03238d8,Collected experimental data; derived measurement fields retained as recorded
OBS0803,P051,SP051-1,C,1,Traditional,TP03,B,Purchase Order Fulfilment,3,2026-03-27T15:34:34,2026-03-27T16:12:12,2258.3,37.64,False,20,13,7,6,4.8,67.4,114,70,11.8,7.6,4.3,8.3,2.81,regular,extensive,none,5123d4e8b63fdcbb,1b679a3e72cee1a1,da1b0302b03238d8,Collected experimental data; derived measurement fields retained as recorded
OBS0804,P051,SP051-1,C,1,Traditional,TP04,B,Expense Reimbursement,4,2026-03-27T16:23:12,2026-03-27T17:01:08,2275.8,37.93,False,20,19,1,4,4.9,71.7,123,65,11.8,7.6,4.3,8.3,2.81,regular,extensive,none,5123d4e8b63fdcbb,1b679a3e72cee1a1,da1b0302b03238d8,Collected experimental data; derived measurement fields retained as recorded
OBS0805,P051,SP051-1,C,1,Traditional,TP05,B,Shipping Rate Service,5,2026-03-27T17:55:08,2026-03-27T18:39:17,2648.9,44.15,False,20,19,1,3,5.8,73.9,103,70,11.8,7.6,4.3,8.3,2.81,regular,extensive,none,5123d4e8b63fdcbb,1b679a3e72cee1a1,da1b0302b03238d8,Collected experimental data; derived measurement fields retained as recorded
OBS0806,P051,SP051-1,C,1,Traditional,TP06,B,Product Catalog Import,6,2026-03-27T18:56:17,2026-03-27T19:34:31,2293.6,38.23,False,18,16,2,6,6.5,71.0,122,70,11.8,7.6,4.3,8.3,2.81,regular,extensive,none,5123d4e8b63fdcbb,1b679a3e72cee1a1,da1b0302b03238d8,Collected experimental data; derived measurement fields retained as recorded
OBS0807,P051,SP051-1,C,1,Traditional,TP07,B,Alert Subscriptions,7,2026-03-27T19:48:31,2026-03-27T20:33:29,2698.4,44.97,False,20,14,6,4,6.0,69.3,113,75,11.8,7.6,4.3,8.3,2.81,regular,extensive,none,5123d4e8b63fdcbb,1b679a3e72cee1a1,da1b0302b03238d8,Collected experimental data; derived measurement fields retained as recorded
OBS0808,P051,SP051-1,C,1,Traditional,TP08,B,Support Ticket SLA,8,2026-03-27T20:56:29,2026-03-27T21:47:12,3042.6,50.71,False,20,18,2,5,5.9,71.3,107,75,11.8,7.6,4.3,8.3,2.81,regular,extensive,none,5123d4e8b63fdcbb,1b679a3e72cee1a1,da1b0302b03238d8,Collected experimental data; derived measurement fields retained as recorded
OBS0809,P051,SP051-2,C,2,AI,TP01,A,Equipment Maintenance API,1,2026-04-23T10:38:00,2026-04-23T11:02:14,1453.7,24.23,False,22,20,2,2,4.4,79.6,110,65,11.8,7.6,4.3,8.3,2.81,regular,extensive,none,5123d4e8b63fdcbb,1b679a3e72cee1a1,da1b0302b03238d8,Collected experimental data; derived measurement fields retained as recorded
OBS0810,P051,SP051-2,C,2,AI,TP02,A,Project Access Policy,2,2026-04-23T11:19:14,2026-04-23T11:46:05,1611.2,26.85,False,22,19,3,4,5.7,74.0,123,60,11.8,7.6,4.3,8.3,2.81,regular,extensive,none,5123d4e8b63fdcbb,1b679a3e72cee1a1,da1b0302b03238d8,Collected experimental data; derived measurement fields retained as recorded
OBS0811,P051,SP051-2,C,2,AI,TP03,A,Invoice Aging,3,2026-04-23T12:08:05,2026-04-23T12:45:23,2238.2,37.3,False,22,21,1,4,5.4,74.8,135,60,11.8,7.6,4.3,8.3,2.81,regular,extensive,none,5123d4e8b63fdcbb,1b679a3e72cee1a1,da1b0302b03238d8,Collected experimental data; derived measurement fields retained as recorded
OBS0812,P051,SP051-2,C,2,AI,TP04,A,Leave Approval,4,2026-04-23T12:56:23,2026-04-23T13:26:29,1806.0,30.1,False,20,16,4,2,5.5,77.0,137,65,11.8,7.6,4.3,8.3,2.81,regular,extensive,none,5123d4e8b63fdcbb,1b679a3e72cee1a1,da1b0302b03238d8,Collected experimental data; derived measurement fields retained as recorded
OBS0813,P051,SP051-2,C,2,AI,TP05,A,Currency Rate Service,5,2026-04-23T14:20:29,2026-04-23T15:03:36,2587.4,43.12,False,20,17,3,2,4.3,75.2,137,75,11.8,7.6,4.3,8.3,2.81,regular,extensive,none,5123d4e8b63fdcbb,1b679a3e72cee1a1,da1b0302b03238d8,Collected experimental data; derived measurement fields retained as recorded
OBS0814,P051,SP051-2,C,2,AI,TP06,A,Employee Import,6,2026-04-23T15:17:36,2026-04-23T15:52:57,2121.4,35.36,False,22,18,4,3,4.7,82.7,133,65,11.8,7.6,4.3,8.3,2.81,regular,extensive,none,5123d4e8b63fdcbb,1b679a3e72cee1a1,da1b0302b03238d8,Collected experimental data; derived measurement fields retained as recorded
OBS0815,P051,SP051-2,C,2,AI,TP07,A,Notification Preferences,7,2026-04-23T16:17:57,2026-04-23T16:49:15,1878.3,31.3,False,22,19,3,3,5.7,78.1,121,70,11.8,7.6,4.3,8.3,2.81,regular,extensive,none,5123d4e8b63fdcbb,1b679a3e72cee1a1,da1b0302b03238d8,Collected experimental data; derived measurement fields retained as recorded
OBS0816,P051,SP051-2,C,2,AI,TP08,A,Resource Utilization,8,2026-04-23T17:06:15,2026-04-23T17:42:45,2190.1,36.5,False,20,14,6,2,5.2,77.3,155,65,11.8,7.6,4.3,8.3,2.81,regular,extensive,none,5123d4e8b63fdcbb,1b679a3e72cee1a1,da1b0302b03238d8,Collected experimental data; derived measurement fields retained as recorded
OBS0817,P052,SP052-1,D,1,AI,TP01,B,Supplier Contract API,1,2026-03-30T15:53:00,2026-03-30T16:17:39,1479.4,24.66,False,18,16,2,6,4.6,79.5,141,50,0.8,0.2,0.8,1.8,1.71,regular,never,none,5123d4e8b63fdcbb,1b679a3e72cee1a1,da1b0302b03238d8,Collected experimental data; derived measurement fields retained as recorded
OBS0818,P052,SP052-1,D,1,AI,TP02,B,Document Access Policy,2,2026-03-30T16:32:39,2026-03-30T16:58:10,1530.9,25.52,False,20,20,0,3,5.0,75.0,141,55,0.8,0.2,0.8,1.8,1.71,regular,never,none,5123d4e8b63fdcbb,1b679a3e72cee1a1,da1b0302b03238d8,Collected experimental data; derived measurement fields retained as recorded
OBS0819,P052,SP052-1,D,1,AI,TP03,B,Purchase Order Fulfilment,3,2026-03-30T17:20:10,2026-03-30T17:54:14,2044.0,34.07,False,22,19,3,4,4.9,74.7,129,55,0.8,0.2,0.8,1.8,1.71,regular,never,none,5123d4e8b63fdcbb,1b679a3e72cee1a1,da1b0302b03238d8,Collected experimental data; derived measurement fields retained as recorded
OBS0820,P052,SP052-1,D,1,AI,TP04,B,Expense Reimbursement,4,2026-03-30T18:11:14,2026-03-30T18:49:18,2283.8,38.06,False,22,21,1,5,5.3,79.2,132,50,0.8,0.2,0.8,1.8,1.71,regular,never,none,5123d4e8b63fdcbb,1b679a3e72cee1a1,da1b0302b03238d8,Collected experimental data; derived measurement fields retained as recorded
OBS0821,P052,SP052-1,D,1,AI,TP05,B,Shipping Rate Service,5,2026-03-30T19:26:18,2026-03-30T19:56:01,1782.6,29.71,False,20,18,2,4,5.7,73.1,119,55,0.8,0.2,0.8,1.8,1.71,regular,never,none,5123d4e8b63fdcbb,1b679a3e72cee1a1,da1b0302b03238d8,Collected experimental data; derived measurement fields retained as recorded
OBS0822,P052,SP052-1,D,1,AI,TP06,B,Product Catalog Import,6,2026-03-30T20:18:01,2026-03-30T20:51:36,2014.7,33.58,False,20,16,4,2,5.1,78.5,156,60,0.8,0.2,0.8,1.8,1.71,regular,never,none,5123d4e8b63fdcbb,1b679a3e72cee1a1,da1b0302b03238d8,Collected experimental data; derived measurement fields retained as recorded
OBS0823,P052,SP052-1,D,1,AI,TP07,B,Alert Subscriptions,7,2026-03-30T21:11:36,2026-03-30T21:43:13,1896.6,31.61,False,24,23,1,3,5.5,72.5,126,55,0.8,0.2,0.8,1.8,1.71,regular,never,none,5123d4e8b63fdcbb,1b679a3e72cee1a1,da1b0302b03238d8,Collected experimental data; derived measurement fields retained as recorded
OBS0824,P052,SP052-1,D,1,AI,TP08,B,Support Ticket SLA,8,2026-03-30T22:06:13,2026-03-30T22:36:23,1810.5,30.18,False,18,17,1,4,5.6,72.3,146,65,0.8,0.2,0.8,1.8,1.71,regular,never,none,5123d4e8b63fdcbb,1b679a3e72cee1a1,da1b0302b03238d8,Collected experimental data; derived measurement fields retained as recorded
OBS0825,P052,SP052-2,D,2,Traditional,TP01,A,Equipment Maintenance API,1,2026-04-28T14:52:00,2026-04-28T15:20:15,1694.8,28.25,False,22,15,7,5,7.0,68.4,100,65,0.8,0.2,0.8,1.8,1.71,regular,never,none,5123d4e8b63fdcbb,1b679a3e72cee1a1,da1b0302b03238d8,Collected experimental data; derived measurement fields retained as recorded
OBS0826,P052,SP052-2,D,2,Traditional,TP02,A,Project Access Policy,2,2026-04-28T15:40:15,2026-04-28T16:21:09,2454.3,40.9,False,20,18,2,4,6.2,69.4,126,65,0.8,0.2,0.8,1.8,1.71,regular,never,none,5123d4e8b63fdcbb,1b679a3e72cee1a1,da1b0302b03238d8,Collected experimental data; derived measurement fields retained as recorded
OBS0827,P052,SP052-2,D,2,Traditional,TP03,A,Invoice Aging,3,2026-04-28T16:38:09,2026-04-28T17:17:57,2388.0,39.8,False,20,15,5,5,5.6,72.0,131,70,0.8,0.2,0.8,1.8,1.71,regular,never,none,5123d4e8b63fdcbb,1b679a3e72cee1a1,da1b0302b03238d8,Collected experimental data; derived measurement fields retained as recorded
OBS0828,P052,SP052-2,D,2,Traditional,TP04,A,Leave Approval,4,2026-04-28T17:36:57,2026-04-28T18:15:46,2329.4,38.82,False,22,21,1,5,6.7,69.5,129,75,0.8,0.2,0.8,1.8,1.71,regular,never,none,5123d4e8b63fdcbb,1b679a3e72cee1a1,da1b0302b03238d8,Collected experimental data; derived measurement fields retained as recorded
OBS0829,P052,SP052-2,D,2,Traditional,TP05,A,Currency Rate Service,5,2026-04-28T18:57:46,2026-04-28T19:50:11,3145.3,52.42,False,20,17,3,5,6.4,59.5,97,65,0.8,0.2,0.8,1.8,1.71,regular,never,none,5123d4e8b63fdcbb,1b679a3e72cee1a1,da1b0302b03238d8,Collected experimental data; derived measurement fields retained as recorded
OBS0830,P052,SP052-2,D,2,Traditional,TP06,A,Employee Import,6,2026-04-28T20:10:11,2026-04-28T20:46:00,2149.2,35.82,False,18,13,5,8,6.1,64.2,130,75,0.8,0.2,0.8,1.8,1.71,regular,never,none,5123d4e8b63fdcbb,1b679a3e72cee1a1,da1b0302b03238d8,Collected experimental data; derived measurement fields retained as recorded
OBS0831,P052,SP052-2,D,2,Traditional,TP07,A,Notification Preferences,7,2026-04-28T21:05:00,2026-04-28T21:45:12,2411.6,40.19,False,20,13,7,7,6.2,62.7,126,75,0.8,0.2,0.8,1.8,1.71,regular,never,none,5123d4e8b63fdcbb,1b679a3e72cee1a1,da1b0302b03238d8,Collected experimental data; derived measurement fields retained as recorded
OBS0832,P052,SP052-2,D,2,Traditional,TP08,A,Resource Utilization,8,2026-04-28T22:08:12,2026-04-28T22:50:45,2553.1,42.55,False,20,15,5,4,6.1,64.7,131,70,0.8,0.2,0.8,1.8,1.71,regular,never,none,5123d4e8b63fdcbb,1b679a3e72cee1a1,da1b0302b03238d8,Collected experimental data; derived measurement fields retained as recorded
OBS0833,P053,SP053-1,A,1,Traditional,TP01,A,Equipment Maintenance API,1,2026-03-31T09:39:00,2026-03-31T10:27:19,2899.3,48.32,False,18,11,7,6,5.9,65.4,124,75,4.1,2.3,3.6,2.0,1.87,occasional,regular,none,5123d4e8b63fdcbb,1b679a3e72cee1a1,da1b0302b03238d8,Collected experimental data; derived measurement fields retained as recorded
OBS0834,P053,SP053-1,A,1,Traditional,TP02,A,Project Access Policy,2,2026-03-31T10:49:19,2026-03-31T11:33:44,2665.0,44.42,False,20,16,4,6,6.4,62.4,134,75,4.1,2.3,3.6,2.0,1.87,occasional,regular,none,5123d4e8b63fdcbb,1b679a3e72cee1a1,da1b0302b03238d8,Collected experimental data; derived measurement fields retained as recorded
OBS0835,P053,SP053-1,A,1,Traditional,TP03,A,Invoice Aging,3,2026-03-31T11:54:44,2026-03-31T12:40:09,2724.9,45.42,False,20,17,3,5,5.5,70.4,128,75,4.1,2.3,3.6,2.0,1.87,occasional,regular,none,5123d4e8b63fdcbb,1b679a3e72cee1a1,da1b0302b03238d8,Collected experimental data; derived measurement fields retained as recorded
OBS0836,P053,SP053-1,A,1,Traditional,TP04,A,Leave Approval,4,2026-03-31T13:02:09,2026-03-31T13:53:03,3053.5,50.89,False,18,14,4,5,7.0,65.3,118,80,4.1,2.3,3.6,2.0,1.87,occasional,regular,none,5123d4e8b63fdcbb,1b679a3e72cee1a1,da1b0302b03238d8,Collected experimental data; derived measurement fields retained as recorded
OBS0837,P053,SP053-1,A,1,Traditional,TP05,A,Currency Rate Service,5,2026-03-31T14:47:03,2026-03-31T15:31:20,2656.7,44.28,False,22,21,1,5,5.5,68.4,121,70,4.1,2.3,3.6,2.0,1.87,occasional,regular,none,5123d4e8b63fdcbb,1b679a3e72cee1a1,da1b0302b03238d8,Collected experimental data; derived measurement fields retained as recorded
OBS0838,P053,SP053-1,A,1,Traditional,TP06,A,Employee Import,6,2026-03-31T15:51:20,2026-03-31T16:34:07,2567.3,42.79,False,20,19,1,8,4.9,63.3,132,75,4.1,2.3,3.6,2.0,1.87,occasional,regular,none,5123d4e8b63fdcbb,1b679a3e72cee1a1,da1b0302b03238d8,Collected experimental data; derived measurement fields retained as recorded
OBS0839,P053,SP053-1,A,1,Traditional,TP07,A,Notification Preferences,7,2026-03-31T16:49:07,2026-03-31T17:40:20,3073.4,51.22,False,20,17,3,5,6.3,67.5,128,75,4.1,2.3,3.6,2.0,1.87,occasional,regular,none,5123d4e8b63fdcbb,1b679a3e72cee1a1,da1b0302b03238d8,Collected experimental data; derived measurement fields retained as recorded
OBS0840,P053,SP053-1,A,1,Traditional,TP08,A,Resource Utilization,8,2026-03-31T18:01:20,2026-03-31T18:40:03,2323.4,38.72,False,20,15,5,7,6.5,68.0,132,85,4.1,2.3,3.6,2.0,1.87,occasional,regular,none,5123d4e8b63fdcbb,1b679a3e72cee1a1,da1b0302b03238d8,Collected experimental data; derived measurement fields retained as recorded
OBS0841,P053,SP053-2,A,2,AI,TP01,B,Supplier Contract API,1,2026-05-01T14:41:00,2026-05-01T15:14:58,2037.6,33.96,False,20,18,2,3,6.9,68.7,146,60,4.1,2.3,3.6,2.0,1.87,occasional,regular,none,5123d4e8b63fdcbb,1b679a3e72cee1a1,da1b0302b03238d8,Collected experimental data; derived measurement fields retained as recorded
OBS0842,P053,SP053-2,A,2,AI,TP02,B,Document Access Policy,2,2026-05-01T15:31:58,2026-05-01T16:03:32,1894.0,31.57,False,24,22,2,3,6.2,70.0,167,60,4.1,2.3,3.6,2.0,1.87,occasional,regular,none,5123d4e8b63fdcbb,1b679a3e72cee1a1,da1b0302b03238d8,Collected experimental data; derived measurement fields retained as recorded
OBS0843,P053,SP053-2,A,2,AI,TP03,B,Purchase Order Fulfilment,3,2026-05-01T16:19:32,2026-05-01T16:52:30,1978.2,32.97,False,20,19,1,5,5.0,70.4,168,60,4.1,2.3,3.6,2.0,1.87,occasional,regular,none,5123d4e8b63fdcbb,1b679a3e72cee1a1,da1b0302b03238d8,Collected experimental data; derived measurement fields retained as recorded
OBS0844,P053,SP053-2,A,2,AI,TP04,B,Expense Reimbursement,4,2026-05-01T17:08:30,2026-05-01T17:43:13,2082.9,34.72,False,24,22,2,6,4.7,72.8,156,60,4.1,2.3,3.6,2.0,1.87,occasional,regular,none,5123d4e8b63fdcbb,1b679a3e72cee1a1,da1b0302b03238d8,Collected experimental data; derived measurement fields retained as recorded
OBS0845,P053,SP053-2,A,2,AI,TP05,B,Shipping Rate Service,5,2026-05-01T18:36:13,2026-05-01T19:14:01,2267.6,37.79,False,20,17,3,3,5.3,70.8,113,60,4.1,2.3,3.6,2.0,1.87,occasional,regular,none,5123d4e8b63fdcbb,1b679a3e72cee1a1,da1b0302b03238d8,Collected experimental data; derived measurement fields retained as recorded
OBS0846,P053,SP053-2,A,2,AI,TP06,B,Product Catalog Import,6,2026-05-01T19:34:01,2026-05-01T20:12:08,2286.6,38.11,False,18,16,2,5,4.2,72.7,143,65,4.1,2.3,3.6,2.0,1.87,occasional,regular,none,5123d4e8b63fdcbb,1b679a3e72cee1a1,da1b0302b03238d8,Collected experimental data; derived measurement fields retained as recorded
OBS0847,P053,SP053-2,A,2,AI,TP07,B,Alert Subscriptions,7,2026-05-01T20:27:08,2026-05-01T21:14:58,2869.8,47.83,False,24,24,0,4,6.3,77.8,145,70,4.1,2.3,3.6,2.0,1.87,occasional,regular,none,5123d4e8b63fdcbb,1b679a3e72cee1a1,da1b0302b03238d8,Collected experimental data; derived measurement fields retained as recorded
OBS0848,P053,SP053-2,A,2,AI,TP08,B,Support Ticket SLA,8,2026-05-01T21:38:58,2026-05-01T22:19:07,2409.4,40.16,False,22,18,4,4,5.0,66.1,138,60,4.1,2.3,3.6,2.0,1.87,occasional,regular,none,5123d4e8b63fdcbb,1b679a3e72cee1a1,da1b0302b03238d8,Collected experimental data; derived measurement fields retained as recorded
OBS0849,P054,SP054-1,B,1,AI,TP01,A,Equipment Maintenance API,1,2026-04-01T08:52:00,2026-04-01T09:27:27,2127.2,35.45,False,22,20,2,3,5.3,72.0,148,65,9.6,9.8,7.1,9.7,2.75,regular,extensive,none,5123d4e8b63fdcbb,1b679a3e72cee1a1,da1b0302b03238d8,Collected experimental data; derived measurement fields retained as recorded
OBS0850,P054,SP054-1,B,1,AI,TP02,A,Project Access Policy,2,2026-04-01T09:42:27,2026-04-01T10:22:37,2410.4,40.17,False,20,15,5,4,5.2,81.6,162,65,9.6,9.8,7.1,9.7,2.75,regular,extensive,none,5123d4e8b63fdcbb,1b679a3e72cee1a1,da1b0302b03238d8,Collected experimental data; derived measurement fields retained as recorded
OBS0851,P054,SP054-1,B,1,AI,TP03,A,Invoice Aging,3,2026-04-01T10:45:37,2026-04-01T11:26:11,2433.7,40.56,False,20,17,3,3,5.3,73.3,129,65,9.6,9.8,7.1,9.7,2.75,regular,extensive,none,5123d4e8b63fdcbb,1b679a3e72cee1a1,da1b0302b03238d8,Collected experimental data; derived measurement fields retained as recorded
OBS0852,P054,SP054-1,B,1,AI,TP04,A,Leave Approval,4,2026-04-01T11:41:11,2026-04-01T12:28:57,2866.1,47.77,False,22,19,3,3,4.9,73.9,172,60,9.6,9.8,7.1,9.7,2.75,regular,extensive,none,5123d4e8b63fdcbb,1b679a3e72cee1a1,da1b0302b03238d8,Collected experimental data; derived measurement fields retained as recorded
OBS0853,P054,SP054-1,B,1,AI,TP05,A,Currency Rate Service,5,2026-04-01T13:11:57,2026-04-01T13:56:44,2687.4,44.79,False,20,17,3,4,4.7,71.5,169,70,9.6,9.8,7.1,9.7,2.75,regular,extensive,none,5123d4e8b63fdcbb,1b679a3e72cee1a1,da1b0302b03238d8,Collected experimental data; derived measurement fields retained as recorded
OBS0854,P054,SP054-1,B,1,AI,TP06,A,Employee Import,6,2026-04-01T14:10:44,2026-04-01T14:50:22,2377.7,39.63,False,18,17,1,3,4.6,68.7,118,65,9.6,9.8,7.1,9.7,2.75,regular,extensive,none,5123d4e8b63fdcbb,1b679a3e72cee1a1,da1b0302b03238d8,Collected experimental data; derived measurement fields retained as recorded
OBS0855,P054,SP054-1,B,1,AI,TP07,A,Notification Preferences,7,2026-04-01T15:06:22,2026-04-01T15:46:33,2410.9,40.18,False,22,19,3,4,5.9,67.8,139,70,9.6,9.8,7.1,9.7,2.75,regular,extensive,none,5123d4e8b63fdcbb,1b679a3e72cee1a1,da1b0302b03238d8,Collected experimental data; derived measurement fields retained as recorded
OBS0856,P054,SP054-1,B,1,AI,TP08,A,Resource Utilization,8,2026-04-01T16:04:33,2026-04-01T16:50:45,2771.9,46.2,False,18,17,1,4,5.2,70.4,133,70,9.6,9.8,7.1,9.7,2.75,regular,extensive,none,5123d4e8b63fdcbb,1b679a3e72cee1a1,da1b0302b03238d8,Collected experimental data; derived measurement fields retained as recorded
OBS0857,P054,SP054-2,B,2,Traditional,TP01,B,Supplier Contract API,1,2026-04-06T10:22:00,2026-04-06T11:04:40,2560.1,42.67,False,22,17,5,5,6.6,68.0,120,75,9.6,9.8,7.1,9.7,2.75,regular,extensive,none,5123d4e8b63fdcbb,1b679a3e72cee1a1,da1b0302b03238d8,Collected experimental data; derived measurement fields retained as recorded
OBS0858,P054,SP054-2,B,2,Traditional,TP02,B,Document Access Policy,2,2026-04-06T11:20:40,2026-04-06T12:06:58,2777.5,46.29,False,20,15,5,6,6.0,60.8,119,75,9.6,9.8,7.1,9.7,2.75,regular,extensive,none,5123d4e8b63fdcbb,1b679a3e72cee1a1,da1b0302b03238d8,Collected experimental data; derived measurement fields retained as recorded
OBS0859,P054,SP054-2,B,2,Traditional,TP03,B,Purchase Order Fulfilment,3,2026-04-06T12:26:58,2026-04-06T13:08:28,2489.6,41.49,False,20,18,2,5,4.8,68.6,126,70,9.6,9.8,7.1,9.7,2.75,regular,extensive,none,5123d4e8b63fdcbb,1b679a3e72cee1a1,da1b0302b03238d8,Collected experimental data; derived measurement fields retained as recorded
OBS0860,P054,SP054-2,B,2,Traditional,TP04,B,Expense Reimbursement,4,2026-04-06T13:31:28,2026-04-06T14:14:47,2599.4,43.32,False,22,15,7,7,6.7,58.1,123,70,9.6,9.8,7.1,9.7,2.75,regular,extensive,none,5123d4e8b63fdcbb,1b679a3e72cee1a1,da1b0302b03238d8,Collected experimental data; derived measurement fields retained as recorded
OBS0861,P054,SP054-2,B,2,Traditional,TP05,B,Shipping Rate Service,5,2026-04-06T15:07:47,2026-04-06T15:55:53,2885.5,48.09,False,24,21,3,5,5.9,71.5,130,80,9.6,9.8,7.1,9.7,2.75,regular,extensive,none,5123d4e8b63fdcbb,1b679a3e72cee1a1,da1b0302b03238d8,Collected experimental data; derived measurement fields retained as recorded
OBS0862,P054,SP054-2,B,2,Traditional,TP06,B,Product Catalog Import,6,2026-04-06T16:14:53,2026-04-06T16:52:51,2278.2,37.97,False,20,16,4,7,5.4,67.0,128,80,9.6,9.8,7.1,9.7,2.75,regular,extensive,none,5123d4e8b63fdcbb,1b679a3e72cee1a1,da1b0302b03238d8,Collected experimental data; derived measurement fields retained as recorded
OBS0863,P054,SP054-2,B,2,Traditional,TP07,B,Alert Subscriptions,7,2026-04-06T17:12:51,2026-04-06T18:08:19,3327.6,55.46,False,20,19,1,6,6.7,64.8,116,75,9.6,9.8,7.1,9.7,2.75,regular,extensive,none,5123d4e8b63fdcbb,1b679a3e72cee1a1,da1b0302b03238d8,Collected experimental data; derived measurement fields retained as recorded
OBS0864,P054,SP054-2,B,2,Traditional,TP08,B,Support Ticket SLA,8,2026-04-06T18:32:19,2026-04-06T19:27:09,3289.9,54.83,False,20,18,2,7,6.5,67.5,135,75,9.6,9.8,7.1,9.7,2.75,regular,extensive,none,5123d4e8b63fdcbb,1b679a3e72cee1a1,da1b0302b03238d8,Collected experimental data; derived measurement fields retained as recorded
OBS0865,P055,SP055-1,C,1,Traditional,TP01,B,Supplier Contract API,1,2026-04-06T14:23:00,2026-04-06T15:07:42,2681.6,44.69,False,24,17,7,5,5.9,63.1,141,80,1.1,1.6,1.4,0.4,1.0,never,never,none,5123d4e8b63fdcbb,1b679a3e72cee1a1,da1b0302b03238d8,Collected experimental data; derived measurement fields retained as recorded
OBS0866,P055,SP055-1,C,1,Traditional,TP02,B,Document Access Policy,2,2026-04-06T15:24:42,2026-04-06T16:10:04,2722.4,45.37,False,24,16,8,6,6.6,57.9,130,80,1.1,1.6,1.4,0.4,1.0,never,never,none,5123d4e8b63fdcbb,1b679a3e72cee1a1,da1b0302b03238d8,Collected experimental data; derived measurement fields retained as recorded
OBS0867,P055,SP055-1,C,1,Traditional,TP03,B,Purchase Order Fulfilment,3,2026-04-06T16:29:04,2026-04-06T17:14:08,2703.9,45.07,False,20,14,6,4,5.6,66.2,116,80,1.1,1.6,1.4,0.4,1.0,never,never,none,5123d4e8b63fdcbb,1b679a3e72cee1a1,da1b0302b03238d8,Collected experimental data; derived measurement fields retained as recorded
OBS0868,P055,SP055-1,C,1,Traditional,TP04,B,Expense Reimbursement,4,2026-04-06T17:33:08,2026-04-06T18:17:42,2673.7,44.56,False,18,14,4,7,5.9,58.2,127,85,1.1,1.6,1.4,0.4,1.0,never,never,none,5123d4e8b63fdcbb,1b679a3e72cee1a1,da1b0302b03238d8,Collected experimental data; derived measurement fields retained as recorded
OBS0869,P055,SP055-1,C,1,Traditional,TP05,B,Shipping Rate Service,5,2026-04-06T19:08:42,2026-04-06T20:00:22,3099.8,51.66,False,20,17,3,5,6.3,64.4,129,80,1.1,1.6,1.4,0.4,1.0,never,never,none,5123d4e8b63fdcbb,1b679a3e72cee1a1,da1b0302b03238d8,Collected experimental data; derived measurement fields retained as recorded
OBS0870,P055,SP055-1,C,1,Traditional,TP06,B,Product Catalog Import,6,2026-04-06T20:20:22,2026-04-06T21:07:32,2830.1,47.17,False,18,15,3,8,6.7,65.8,131,75,1.1,1.6,1.4,0.4,1.0,never,never,none,5123d4e8b63fdcbb,1b679a3e72cee1a1,da1b0302b03238d8,Collected experimental data; derived measurement fields retained as recorded
OBS0871,P055,SP055-1,C,1,Traditional,TP07,B,Alert Subscriptions,7,2026-04-06T21:24:32,2026-04-06T22:10:39,2766.8,46.11,False,20,14,6,6,6.7,58.1,115,90,1.1,1.6,1.4,0.4,1.0,never,never,none,5123d4e8b63fdcbb,1b679a3e72cee1a1,da1b0302b03238d8,Collected experimental data; derived measurement fields retained as recorded
OBS0872,P055,SP055-1,C,1,Traditional,TP08,B,Support Ticket SLA,8,2026-04-06T22:31:39,2026-04-06T23:20:50,2951.1,49.18,False,20,14,6,5,6.5,61.4,109,85,1.1,1.6,1.4,0.4,1.0,never,never,none,5123d4e8b63fdcbb,1b679a3e72cee1a1,da1b0302b03238d8,Collected experimental data; derived measurement fields retained as recorded
OBS0873,P055,SP055-2,C,2,AI,TP01,A,Equipment Maintenance API,1,2026-04-13T13:36:00,2026-04-13T14:05:16,1755.8,29.26,False,20,20,0,3,4.9,79.8,124,60,1.1,1.6,1.4,0.4,1.0,never,never,none,5123d4e8b63fdcbb,1b679a3e72cee1a1,da1b0302b03238d8,Collected experimental data; derived measurement fields retained as recorded
OBS0874,P055,SP055-2,C,2,AI,TP02,A,Project Access Policy,2,2026-04-13T14:25:16,2026-04-13T14:53:05,1668.8,27.81,False,20,15,5,4,5.9,75.8,148,65,1.1,1.6,1.4,0.4,1.0,never,never,none,5123d4e8b63fdcbb,1b679a3e72cee1a1,da1b0302b03238d8,Collected experimental data; derived measurement fields retained as recorded
OBS0875,P055,SP055-2,C,2,AI,TP03,A,Invoice Aging,3,2026-04-13T15:07:05,2026-04-13T15:41:46,2081.2,34.69,False,24,21,3,6,5.9,72.6,138,65,1.1,1.6,1.4,0.4,1.0,never,never,none,5123d4e8b63fdcbb,1b679a3e72cee1a1,da1b0302b03238d8,Collected experimental data; derived measurement fields retained as recorded
OBS0876,P055,SP055-2,C,2,AI,TP04,A,Leave Approval,4,2026-04-13T15:58:46,2026-04-13T16:34:00,2113.6,35.23,False,18,17,1,2,5.0,75.9,115,65,1.1,1.6,1.4,0.4,1.0,never,never,participant_clarification_2min,5123d4e8b63fdcbb,1b679a3e72cee1a1,da1b0302b03238d8,Collected experimental data; derived measurement fields retained as recorded
OBS0877,P055,SP055-2,C,2,AI,TP05,A,Currency Rate Service,5,2026-04-13T17:24:00,2026-04-13T17:55:26,1886.4,31.44,False,20,14,6,3,4.9,59.8,141,75,1.1,1.6,1.4,0.4,1.0,never,never,none,5123d4e8b63fdcbb,1b679a3e72cee1a1,da1b0302b03238d8,Collected experimental data; derived measurement fields retained as recorded
OBS0878,P055,SP055-2,C,2,AI,TP06,A,Employee Import,6,2026-04-13T18:12:26,2026-04-13T18:46:13,2027.0,33.78,False,24,20,4,5,6.0,75.6,147,65,1.1,1.6,1.4,0.4,1.0,never,never,none,5123d4e8b63fdcbb,1b679a3e72cee1a1,da1b0302b03238d8,Collected experimental data; derived measurement fields retained as recorded
OBS0879,P055,SP055-2,C,2,AI,TP07,A,Notification Preferences,7,2026-04-13T19:08:13,2026-04-13T19:56:40,2906.7,48.44,False,24,23,1,5,5.9,74.8,142,70,1.1,1.6,1.4,0.4,1.0,never,never,none,5123d4e8b63fdcbb,1b679a3e72cee1a1,da1b0302b03238d8,Collected experimental data; derived measurement fields retained as recorded
OBS0880,P055,SP055-2,C,2,AI,TP08,A,Resource Utilization,8,2026-04-13T20:19:40,2026-04-13T21:02:47,2586.9,43.12,False,24,20,4,4,5.2,65.4,156,65,1.1,1.6,1.4,0.4,1.0,never,never,none,5123d4e8b63fdcbb,1b679a3e72cee1a1,da1b0302b03238d8,Collected experimental data; derived measurement fields retained as recorded
OBS0881,P056,SP056-1,D,1,AI,TP01,B,Supplier Contract API,1,2026-04-06T15:22:00,2026-04-06T15:45:32,1411.8,23.53,False,20,18,2,6,5.1,72.4,132,60,4.3,2.5,2.5,3.1,2.37,extensive,regular,none,5123d4e8b63fdcbb,1b679a3e72cee1a1,da1b0302b03238d8,Collected experimental data; derived measurement fields retained as recorded
OBS0882,P056,SP056-1,D,1,AI,TP02,B,Document Access Policy,2,2026-04-06T16:06:32,2026-04-06T16:41:52,2119.7,35.33,False,24,19,5,4,6.2,77.7,148,60,4.3,2.5,2.5,3.1,2.37,extensive,regular,none,5123d4e8b63fdcbb,1b679a3e72cee1a1,da1b0302b03238d8,Collected experimental data; derived measurement fields retained as recorded
OBS0883,P056,SP056-1,D,1,AI,TP03,B,Purchase Order Fulfilment,3,2026-04-06T16:56:52,2026-04-06T17:24:35,1663.1,27.72,False,22,20,2,5,5.3,71.8,121,60,4.3,2.5,2.5,3.1,2.37,extensive,regular,none,5123d4e8b63fdcbb,1b679a3e72cee1a1,da1b0302b03238d8,Collected experimental data; derived measurement fields retained as recorded
OBS0884,P056,SP056-1,D,1,AI,TP04,B,Expense Reimbursement,4,2026-04-06T17:42:35,2026-04-06T18:21:41,2345.9,39.1,False,20,19,1,1,6.0,72.7,149,60,4.3,2.5,2.5,3.1,2.37,extensive,regular,none,5123d4e8b63fdcbb,1b679a3e72cee1a1,da1b0302b03238d8,Collected experimental data; derived measurement fields retained as recorded
OBS0885,P056,SP056-1,D,1,AI,TP05,B,Shipping Rate Service,5,2026-04-06T19:18:41,2026-04-06T19:47:49,1747.5,29.12,False,18,15,3,4,5.6,72.5,137,60,4.3,2.5,2.5,3.1,2.37,extensive,regular,none,5123d4e8b63fdcbb,1b679a3e72cee1a1,da1b0302b03238d8,Collected experimental data; derived measurement fields retained as recorded
OBS0886,P056,SP056-1,D,1,AI,TP06,B,Product Catalog Import,6,2026-04-06T20:09:49,2026-04-06T20:49:16,2366.6,39.44,False,22,19,3,6,5.7,70.5,168,60,4.3,2.5,2.5,3.1,2.37,extensive,regular,none,5123d4e8b63fdcbb,1b679a3e72cee1a1,da1b0302b03238d8,Collected experimental data; derived measurement fields retained as recorded
OBS0887,P056,SP056-1,D,1,AI,TP07,B,Alert Subscriptions,7,2026-04-06T21:05:16,2026-04-06T22:00:01,3285.4,54.76,False,22,18,4,4,5.8,79.8,163,65,4.3,2.5,2.5,3.1,2.37,extensive,regular,none,5123d4e8b63fdcbb,1b679a3e72cee1a1,da1b0302b03238d8,Collected experimental data; derived measurement fields retained as recorded
OBS0888,P056,SP056-1,D,1,AI,TP08,B,Support Ticket SLA,8,2026-04-06T22:20:01,2026-04-06T23:09:13,2952.2,49.2,False,20,15,5,5,5.6,68.6,147,70,4.3,2.5,2.5,3.1,2.37,extensive,regular,none,5123d4e8b63fdcbb,1b679a3e72cee1a1,da1b0302b03238d8,Collected experimental data; derived measurement fields retained as recorded
OBS0889,P056,SP056-2,D,2,Traditional,TP01,A,Equipment Maintenance API,1,2026-04-15T09:53:00,2026-04-15T10:31:25,2304.9,38.42,False,22,20,2,5,5.8,71.6,107,65,4.3,2.5,2.5,3.1,2.37,extensive,regular,none,5123d4e8b63fdcbb,1b679a3e72cee1a1,da1b0302b03238d8,Collected experimental data; derived measurement fields retained as recorded
OBS0890,P056,SP056-2,D,2,Traditional,TP02,A,Project Access Policy,2,2026-04-15T10:46:25,2026-04-15T11:26:39,2413.9,40.23,False,20,20,0,7,5.7,69.9,129,80,4.3,2.5,2.5,3.1,2.37,extensive,regular,none,5123d4e8b63fdcbb,1b679a3e72cee1a1,da1b0302b03238d8,Collected experimental data; derived measurement fields retained as recorded
OBS0891,P056,SP056-2,D,2,Traditional,TP03,A,Invoice Aging,3,2026-04-15T11:41:39,2026-04-15T12:21:42,2403.4,40.06,False,20,18,2,5,6.4,63.3,120,70,4.3,2.5,2.5,3.1,2.37,extensive,regular,timer_pause_approved,5123d4e8b63fdcbb,1b679a3e72cee1a1,da1b0302b03238d8,Collected experimental data; derived measurement fields retained as recorded
OBS0892,P056,SP056-2,D,2,Traditional,TP04,A,Leave Approval,4,2026-04-15T12:34:42,2026-04-15T13:17:00,2538.1,42.3,False,24,19,5,5,6.4,64.8,120,75,4.3,2.5,2.5,3.1,2.37,extensive,regular,none,5123d4e8b63fdcbb,1b679a3e72cee1a1,da1b0302b03238d8,Collected experimental data; derived measurement fields retained as recorded
OBS0893,P056,SP056-2,D,2,Traditional,TP05,A,Currency Rate Service,5,2026-04-15T14:09:00,2026-04-15T14:45:59,2219.0,36.98,False,18,12,6,6,6.1,65.9,138,70,4.3,2.5,2.5,3.1,2.37,extensive,regular,brief_network_interruption,5123d4e8b63fdcbb,1b679a3e72cee1a1,da1b0302b03238d8,Collected experimental data; derived measurement fields retained as recorded
OBS0894,P056,SP056-2,D,2,Traditional,TP06,A,Employee Import,6,2026-04-15T15:04:59,2026-04-15T15:46:58,2518.9,41.98,False,20,18,2,5,5.2,71.5,124,75,4.3,2.5,2.5,3.1,2.37,extensive,regular,none,5123d4e8b63fdcbb,1b679a3e72cee1a1,da1b0302b03238d8,Collected experimental data; derived measurement fields retained as recorded
OBS0895,P056,SP056-2,D,2,Traditional,TP07,A,Notification Preferences,7,2026-04-15T16:09:58,2026-04-15T16:50:51,2452.6,40.88,False,20,16,4,5,6.4,65.5,120,75,4.3,2.5,2.5,3.1,2.37,extensive,regular,none,5123d4e8b63fdcbb,1b679a3e72cee1a1,da1b0302b03238d8,Collected experimental data; derived measurement fields retained as recorded
OBS0896,P056,SP056-2,D,2,Traditional,TP08,A,Resource Utilization,8,2026-04-15T17:10:51,2026-04-15T17:50:59,2408.4,40.14,False,18,15,3,8,5.8,69.6,133,80,4.3,2.5,2.5,3.1,2.37,extensive,regular,ide_restart,5123d4e8b63fdcbb,1b679a3e72cee1a1,da1b0302b03238d8,Collected experimental data; derived measurement fields retained as recorded
OBS0897,P057,SP057-1,A,1,Traditional,TP01,A,Equipment Maintenance API,1,2026-03-10T09:21:00,2026-03-10T09:56:37,2137.1,35.62,False,22,17,5,3,6.3,69.7,112,75,6.6,5.0,10.8,6.5,2.46,extensive,regular,none,5123d4e8b63fdcbb,1b679a3e72cee1a1,da1b0302b03238d8,Collected experimental data; derived measurement fields retained as recorded
OBS0898,P057,SP057-1,A,1,Traditional,TP02,A,Project Access Policy,2,2026-03-10T10:13:37,2026-03-10T10:52:18,2320.7,38.68,False,20,16,4,5,5.8,72.0,114,75,6.6,5.0,10.8,6.5,2.46,extensive,regular,none,5123d4e8b63fdcbb,1b679a3e72cee1a1,da1b0302b03238d8,Collected experimental data; derived measurement fields retained as recorded
OBS0899,P057,SP057-1,A,1,Traditional,TP03,A,Invoice Aging,3,2026-03-10T11:10:18,2026-03-10T11:46:46,2187.9,36.47,False,22,19,3,5,5.8,70.4,123,75,6.6,5.0,10.8,6.5,2.46,extensive,regular,none,5123d4e8b63fdcbb,1b679a3e72cee1a1,da1b0302b03238d8,Collected experimental data; derived measurement fields retained as recorded
OBS0900,P057,SP057-1,A,1,Traditional,TP04,A,Leave Approval,4,2026-03-10T12:06:46,2026-03-10T12:44:36,2269.9,37.83,False,24,21,3,5,6.1,72.0,118,75,6.6,5.0,10.8,6.5,2.46,extensive,regular,none,5123d4e8b63fdcbb,1b679a3e72cee1a1,da1b0302b03238d8,Collected experimental data; derived measurement fields retained as recorded
OBS0901,P057,SP057-1,A,1,Traditional,TP05,A,Currency Rate Service,5,2026-03-10T13:32:36,2026-03-10T14:14:19,2503.1,41.72,False,22,16,6,6,5.7,69.7,121,70,6.6,5.0,10.8,6.5,2.46,extensive,regular,none,5123d4e8b63fdcbb,1b679a3e72cee1a1,da1b0302b03238d8,Collected experimental data; derived measurement fields retained as recorded
OBS0902,P057,SP057-1,A,1,Traditional,TP06,A,Employee Import,6,2026-03-10T14:39:19,2026-03-10T15:20:03,2444.0,40.73,False,20,16,4,5,5.6,72.4,128,75,6.6,5.0,10.8,6.5,2.46,extensive,regular,none,5123d4e8b63fdcbb,1b679a3e72cee1a1,da1b0302b03238d8,Collected experimental data; derived measurement fields retained as recorded
OBS0903,P057,SP057-1,A,1,Traditional,TP07,A,Notification Preferences,7,2026-03-10T15:39:03,2026-03-10T16:21:09,2526.5,42.11,False,20,17,3,7,6.0,63.4,123,70,6.6,5.0,10.8,6.5,2.46,extensive,regular,copilot_suggestion_delay,5123d4e8b63fdcbb,1b679a3e72cee1a1,da1b0302b03238d8,Collected experimental data; derived measurement fields retained as recorded
OBS0904,P057,SP057-1,A,1,Traditional,TP08,A,Resource Utilization,8,2026-03-10T16:39:09,2026-03-10T17:22:07,2578.5,42.98,False,20,15,5,6,6.3,72.1,131,80,6.6,5.0,10.8,6.5,2.46,extensive,regular,none,5123d4e8b63fdcbb,1b679a3e72cee1a1,da1b0302b03238d8,Collected experimental data; derived measurement fields retained as recorded
OBS0905,P057,SP057-2,A,2,AI,TP01,B,Supplier Contract API,1,2026-03-25T14:06:00,2026-03-25T14:36:10,1809.7,30.16,False,20,16,4,3,4.9,81.8,143,65,6.6,5.0,10.8,6.5,2.46,extensive,regular,none,5123d4e8b63fdcbb,1b679a3e72cee1a1,da1b0302b03238d8,Collected experimental data; derived measurement fields retained as recorded
OBS0906,P057,SP057-2,A,2,AI,TP02,B,Document Access Policy,2,2026-03-25T14:55:10,2026-03-25T15:19:37,1467.2,24.45,False,20,16,4,3,4.4,73.6,116,65,6.6,5.0,10.8,6.5,2.46,extensive,regular,none,5123d4e8b63fdcbb,1b679a3e72cee1a1,da1b0302b03238d8,Collected experimental data; derived measurement fields retained as recorded
OBS0907,P057,SP057-2,A,2,AI,TP03,B,Purchase Order Fulfilment,3,2026-03-25T15:42:37,2026-03-25T16:11:35,1737.7,28.96,False,20,18,2,3,5.5,74.1,123,70,6.6,5.0,10.8,6.5,2.46,extensive,regular,none,5123d4e8b63fdcbb,1b679a3e72cee1a1,da1b0302b03238d8,Collected experimental data; derived measurement fields retained as recorded
OBS0908,P057,SP057-2,A,2,AI,TP04,B,Expense Reimbursement,4,2026-03-25T16:31:35,2026-03-25T17:10:31,2336.4,38.94,False,18,17,1,4,5.8,74.2,119,65,6.6,5.0,10.8,6.5,2.46,extensive,regular,timer_pause_approved,5123d4e8b63fdcbb,1b679a3e72cee1a1,da1b0302b03238d8,Collected experimental data; derived measurement fields retained as recorded
OBS0909,P057,SP057-2,A,2,AI,TP05,B,Shipping Rate Service,5,2026-03-25T17:50:31,2026-03-25T18:29:39,2348.0,39.13,False,20,17,3,5,5.9,70.7,126,65,6.6,5.0,10.8,6.5,2.46,extensive,regular,none,5123d4e8b63fdcbb,1b679a3e72cee1a1,da1b0302b03238d8,Collected experimental data; derived measurement fields retained as recorded
OBS0910,P057,SP057-2,A,2,AI,TP06,B,Product Catalog Import,6,2026-03-25T18:52:39,2026-03-25T19:25:44,1985.2,33.09,False,22,21,1,5,5.2,67.9,145,60,6.6,5.0,10.8,6.5,2.46,extensive,regular,none,5123d4e8b63fdcbb,1b679a3e72cee1a1,da1b0302b03238d8,Collected experimental data; derived measurement fields retained as recorded
OBS0911,P057,SP057-2,A,2,AI,TP07,B,Alert Subscriptions,7,2026-03-25T19:44:44,2026-03-25T20:28:12,2608.1,43.47,False,20,19,1,4,4.9,68.5,138,65,6.6,5.0,10.8,6.5,2.46,extensive,regular,none,5123d4e8b63fdcbb,1b679a3e72cee1a1,da1b0302b03238d8,Collected experimental data; derived measurement fields retained as recorded
OBS0912,P057,SP057-2,A,2,AI,TP08,B,Support Ticket SLA,8,2026-03-25T20:48:12,2026-03-25T21:24:46,2194.1,36.57,False,20,17,3,5,5.2,74.8,132,65,6.6,5.0,10.8,6.5,2.46,extensive,regular,none,5123d4e8b63fdcbb,1b679a3e72cee1a1,da1b0302b03238d8,Collected experimental data; derived measurement fields retained as recorded
OBS0913,P058,SP058-1,B,1,AI,TP01,A,Equipment Maintenance API,1,2026-03-16T10:20:00,2026-03-16T10:46:55,1615.3,26.92,False,22,21,1,5,5.4,77.9,133,50,1.2,0.3,1.6,1.7,1.82,regular,occasional,none,5123d4e8b63fdcbb,1b679a3e72cee1a1,da1b0302b03238d8,Collected experimental data; derived measurement fields retained as recorded
OBS0914,P058,SP058-1,B,1,AI,TP02,A,Project Access Policy,2,2026-03-16T11:09:55,2026-03-16T11:36:36,1601.1,26.68,False,20,17,3,3,6.1,74.0,151,50,1.2,0.3,1.6,1.7,1.82,regular,occasional,none,5123d4e8b63fdcbb,1b679a3e72cee1a1,da1b0302b03238d8,Collected experimental data; derived measurement fields retained as recorded
OBS0915,P058,SP058-1,B,1,AI,TP03,A,Invoice Aging,3,2026-03-16T11:58:36,2026-03-16T12:28:42,1806.1,30.1,False,18,17,1,5,4.9,77.0,130,55,1.2,0.3,1.6,1.7,1.82,regular,occasional,none,5123d4e8b63fdcbb,1b679a3e72cee1a1,da1b0302b03238d8,Collected experimental data; derived measurement fields retained as recorded
OBS0916,P058,SP058-1,B,1,AI,TP04,A,Leave Approval,4,2026-03-16T12:49:42,2026-03-16T13:18:37,1735.1,28.92,False,24,21,3,5,4.8,77.1,145,65,1.2,0.3,1.6,1.7,1.82,regular,occasional,none,5123d4e8b63fdcbb,1b679a3e72cee1a1,da1b0302b03238d8,Collected experimental data; derived measurement fields retained as recorded
OBS0917,P058,SP058-1,B,1,AI,TP05,A,Currency Rate Service,5,2026-03-16T13:55:37,2026-03-16T14:21:59,1581.6,26.36,False,24,23,1,1,5.3,81.5,120,60,1.2,0.3,1.6,1.7,1.82,regular,occasional,none,5123d4e8b63fdcbb,1b679a3e72cee1a1,da1b0302b03238d8,Collected experimental data; derived measurement fields retained as recorded
OBS0918,P058,SP058-1,B,1,AI,TP06,A,Employee Import,6,2026-03-16T14:43:59,2026-03-16T15:19:20,2120.7,35.34,False,18,17,1,4,5.0,68.0,124,60,1.2,0.3,1.6,1.7,1.82,regular,occasional,none,5123d4e8b63fdcbb,1b679a3e72cee1a1,da1b0302b03238d8,Collected experimental data; derived measurement fields retained as recorded
OBS0919,P058,SP058-1,B,1,AI,TP07,A,Notification Preferences,7,2026-03-16T15:40:20,2026-03-16T16:16:39,2179.0,36.32,False,18,17,1,3,4.7,83.7,152,60,1.2,0.3,1.6,1.7,1.82,regular,occasional,none,5123d4e8b63fdcbb,1b679a3e72cee1a1,da1b0302b03238d8,Collected experimental data; derived measurement fields retained as recorded
OBS0920,P058,SP058-1,B,1,AI,TP08,A,Resource Utilization,8,2026-03-16T16:39:39,2026-03-16T17:10:09,1829.5,30.49,False,24,21,3,5,6.0,71.8,128,60,1.2,0.3,1.6,1.7,1.82,regular,occasional,none,5123d4e8b63fdcbb,1b679a3e72cee1a1,da1b0302b03238d8,Collected experimental data; derived measurement fields retained as recorded
OBS0921,P058,SP058-2,B,2,Traditional,TP01,B,Supplier Contract API,1,2026-03-30T09:56:00,2026-03-30T10:37:12,2471.8,41.2,False,20,16,4,6,5.7,66.5,138,75,1.2,0.3,1.6,1.7,1.82,regular,occasional,none,5123d4e8b63fdcbb,1b679a3e72cee1a1,da1b0302b03238d8,Collected experimental data; derived measurement fields retained as recorded
OBS0922,P058,SP058-2,B,2,Traditional,TP02,B,Document Access Policy,2,2026-03-30T11:01:12,2026-03-30T11:50:18,2945.9,49.1,False,18,13,5,7,5.8,68.5,128,75,1.2,0.3,1.6,1.7,1.82,regular,occasional,none,5123d4e8b63fdcbb,1b679a3e72cee1a1,da1b0302b03238d8,Collected experimental data; derived measurement fields retained as recorded
OBS0923,P058,SP058-2,B,2,Traditional,TP03,B,Purchase Order Fulfilment,3,2026-03-30T12:06:18,2026-03-30T12:51:13,2695.4,44.92,False,20,15,5,6,5.8,68.6,124,75,1.2,0.3,1.6,1.7,1.82,regular,occasional,none,5123d4e8b63fdcbb,1b679a3e72cee1a1,da1b0302b03238d8,Collected experimental data; derived measurement fields retained as recorded
OBS0924,P058,SP058-2,B,2,Traditional,TP04,B,Expense Reimbursement,4,2026-03-30T13:05:13,2026-03-30T13:46:11,2458.0,40.97,False,24,21,3,6,6.1,70.8,125,75,1.2,0.3,1.6,1.7,1.82,regular,occasional,none,5123d4e8b63fdcbb,1b679a3e72cee1a1,da1b0302b03238d8,Collected experimental data; derived measurement fields retained as recorded
OBS0925,P058,SP058-2,B,2,Traditional,TP05,B,Shipping Rate Service,5,2026-03-30T14:41:11,2026-03-30T15:26:19,2707.7,45.13,False,22,19,3,5,6.1,72.3,112,75,1.2,0.3,1.6,1.7,1.82,regular,occasional,none,5123d4e8b63fdcbb,1b679a3e72cee1a1,da1b0302b03238d8,Collected experimental data; derived measurement fields retained as recorded
OBS0926,P058,SP058-2,B,2,Traditional,TP06,B,Product Catalog Import,6,2026-03-30T15:46:19,2026-03-30T16:20:08,2029.5,33.83,False,18,16,2,5,5.3,72.0,116,75,1.2,0.3,1.6,1.7,1.82,regular,occasional,none,5123d4e8b63fdcbb,1b679a3e72cee1a1,da1b0302b03238d8,Collected experimental data; derived measurement fields retained as recorded
OBS0927,P058,SP058-2,B,2,Traditional,TP07,B,Alert Subscriptions,7,2026-03-30T16:39:08,2026-03-30T17:17:54,2325.9,38.76,False,20,17,3,7,5.0,67.8,115,80,1.2,0.3,1.6,1.7,1.82,regular,occasional,none,5123d4e8b63fdcbb,1b679a3e72cee1a1,da1b0302b03238d8,Collected experimental data; derived measurement fields retained as recorded
OBS0928,P058,SP058-2,B,2,Traditional,TP08,B,Support Ticket SLA,8,2026-03-30T17:41:54,2026-03-30T18:27:21,2726.8,45.45,False,20,14,6,6,6.1,69.4,117,80,1.2,0.3,1.6,1.7,1.82,regular,occasional,none,5123d4e8b63fdcbb,1b679a3e72cee1a1,da1b0302b03238d8,Collected experimental data; derived measurement fields retained as recorded
OBS0929,P059,SP059-1,C,1,Traditional,TP01,B,Supplier Contract API,1,2026-03-16T09:25:00,2026-03-16T10:03:52,2331.5,38.86,False,22,21,1,8,6.4,63.9,129,60,3.9,2.7,2.1,3.3,1.79,regular,occasional,none,5123d4e8b63fdcbb,1b679a3e72cee1a1,da1b0302b03238d8,Collected experimental data; derived measurement fields retained as recorded
OBS0930,P059,SP059-1,C,1,Traditional,TP02,B,Document Access Policy,2,2026-03-16T10:25:52,2026-03-16T11:11:22,2729.6,45.49,False,22,19,3,5,6.5,67.7,127,60,3.9,2.7,2.1,3.3,1.79,regular,occasional,none,5123d4e8b63fdcbb,1b679a3e72cee1a1,da1b0302b03238d8,Collected experimental data; derived measurement fields retained as recorded
OBS0931,P059,SP059-1,C,1,Traditional,TP03,B,Purchase Order Fulfilment,3,2026-03-16T11:29:22,2026-03-16T12:08:24,2341.7,39.03,False,22,18,4,4,5.6,62.0,116,70,3.9,2.7,2.1,3.3,1.79,regular,occasional,none,5123d4e8b63fdcbb,1b679a3e72cee1a1,da1b0302b03238d8,Collected experimental data; derived measurement fields retained as recorded
OBS0932,P059,SP059-1,C,1,Traditional,TP04,B,Expense Reimbursement,4,2026-03-16T12:27:24,2026-03-16T13:10:42,2597.6,43.29,False,22,18,4,5,6.1,61.6,131,70,3.9,2.7,2.1,3.3,1.79,regular,occasional,none,5123d4e8b63fdcbb,1b679a3e72cee1a1,da1b0302b03238d8,Collected experimental data; derived measurement fields retained as recorded
OBS0933,P059,SP059-1,C,1,Traditional,TP05,B,Shipping Rate Service,5,2026-03-16T13:49:42,2026-03-16T14:37:00,2838.1,47.3,False,20,18,2,7,6.3,69.6,142,70,3.9,2.7,2.1,3.3,1.79,regular,occasional,none,5123d4e8b63fdcbb,1b679a3e72cee1a1,da1b0302b03238d8,Collected experimental data; derived measurement fields retained as recorded
OBS0934,P059,SP059-1,C,1,Traditional,TP06,B,Product Catalog Import,6,2026-03-16T15:03:00,2026-03-16T15:54:29,3088.9,51.48,False,18,17,1,6,5.8,69.3,128,75,3.9,2.7,2.1,3.3,1.79,regular,occasional,none,5123d4e8b63fdcbb,1b679a3e72cee1a1,da1b0302b03238d8,Collected experimental data; derived measurement fields retained as recorded
OBS0935,P059,SP059-1,C,1,Traditional,TP07,B,Alert Subscriptions,7,2026-03-16T16:12:29,2026-03-16T17:02:06,2976.9,49.62,False,20,15,5,7,5.8,72.5,115,70,3.9,2.7,2.1,3.3,1.79,regular,occasional,none,5123d4e8b63fdcbb,1b679a3e72cee1a1,da1b0302b03238d8,Collected experimental data; derived measurement fields retained as recorded
OBS0936,P059,SP059-1,C,1,Traditional,TP08,B,Support Ticket SLA,8,2026-03-16T17:22:06,2026-03-16T18:11:24,2957.9,49.3,False,22,19,3,5,5.6,63.4,132,75,3.9,2.7,2.1,3.3,1.79,regular,occasional,none,5123d4e8b63fdcbb,1b679a3e72cee1a1,da1b0302b03238d8,Collected experimental data; derived measurement fields retained as recorded
OBS0937,P059,SP059-2,C,2,AI,TP01,A,Equipment Maintenance API,1,2026-04-01T09:53:00,2026-04-01T10:16:23,1403.2,23.39,False,20,12,8,6,5.8,68.6,138,60,3.9,2.7,2.1,3.3,1.79,regular,occasional,none,5123d4e8b63fdcbb,1b679a3e72cee1a1,da1b0302b03238d8,Collected experimental data; derived measurement fields retained as recorded
OBS0938,P059,SP059-2,C,2,AI,TP02,A,Project Access Policy,2,2026-04-01T10:38:23,2026-04-01T11:04:14,1550.9,25.85,False,18,15,3,7,5.3,76.0,124,65,3.9,2.7,2.1,3.3,1.79,regular,occasional,none,5123d4e8b63fdcbb,1b679a3e72cee1a1,da1b0302b03238d8,Collected experimental data; derived measurement fields retained as recorded
OBS0939,P059,SP059-2,C,2,AI,TP03,A,Invoice Aging,3,2026-04-01T11:22:14,2026-04-01T11:57:43,2129.0,35.48,False,20,17,3,3,5.4,69.6,137,65,3.9,2.7,2.1,3.3,1.79,regular,occasional,none,5123d4e8b63fdcbb,1b679a3e72cee1a1,da1b0302b03238d8,Collected experimental data; derived measurement fields retained as recorded
OBS0940,P059,SP059-2,C,2,AI,TP04,A,Leave Approval,4,2026-04-01T12:11:43,2026-04-01T12:44:15,1952.4,32.54,False,20,18,2,3,5.2,83.8,140,65,3.9,2.7,2.1,3.3,1.79,regular,occasional,none,5123d4e8b63fdcbb,1b679a3e72cee1a1,da1b0302b03238d8,Collected experimental data; derived measurement fields retained as recorded
OBS0941,P059,SP059-2,C,2,AI,TP05,A,Currency Rate Service,5,2026-04-01T13:37:15,2026-04-01T14:04:59,1663.8,27.73,False,22,19,3,7,6.3,70.9,143,65,3.9,2.7,2.1,3.3,1.79,regular,occasional,none,5123d4e8b63fdcbb,1b679a3e72cee1a1,da1b0302b03238d8,Collected experimental data; derived measurement fields retained as recorded
OBS0942,P059,SP059-2,C,2,AI,TP06,A,Employee Import,6,2026-04-01T14:29:59,2026-04-01T14:59:18,1759.1,29.32,False,20,13,7,4,6.1,71.6,132,65,3.9,2.7,2.1,3.3,1.79,regular,occasional,none,5123d4e8b63fdcbb,1b679a3e72cee1a1,da1b0302b03238d8,Collected experimental data; derived measurement fields retained as recorded
OBS0943,P059,SP059-2,C,2,AI,TP07,A,Notification Preferences,7,2026-04-01T15:23:18,2026-04-01T16:00:31,2233.3,37.22,False,18,16,2,3,5.2,80.3,150,60,3.9,2.7,2.1,3.3,1.79,regular,occasional,none,5123d4e8b63fdcbb,1b679a3e72cee1a1,da1b0302b03238d8,Collected experimental data; derived measurement fields retained as recorded
OBS0944,P059,SP059-2,C,2,AI,TP08,A,Resource Utilization,8,2026-04-01T16:23:31,2026-04-01T16:58:52,2120.8,35.35,False,20,17,3,4,5.6,74.5,134,60,3.9,2.7,2.1,3.3,1.79,regular,occasional,none,5123d4e8b63fdcbb,1b679a3e72cee1a1,da1b0302b03238d8,Collected experimental data; derived measurement fields retained as recorded
OBS0945,P060,SP060-1,D,1,AI,TP01,B,Supplier Contract API,1,2026-03-16T15:41:00,2026-03-16T16:18:56,2276.2,37.94,False,20,20,0,4,5.2,83.4,151,65,6.5,6.4,7.2,8.5,2.81,regular,extensive,none,5123d4e8b63fdcbb,1b679a3e72cee1a1,da1b0302b03238d8,Collected experimental data; derived measurement fields retained as recorded
OBS0946,P060,SP060-1,D,1,AI,TP02,B,Document Access Policy,2,2026-03-16T16:33:56,2026-03-16T17:17:57,2640.8,44.01,False,20,19,1,2,5.2,71.2,119,70,6.5,6.4,7.2,8.5,2.81,regular,extensive,none,5123d4e8b63fdcbb,1b679a3e72cee1a1,da1b0302b03238d8,Collected experimental data; derived measurement fields retained as recorded
OBS0947,P060,SP060-1,D,1,AI,TP03,B,Purchase Order Fulfilment,3,2026-03-16T17:32:57,2026-03-16T17:59:32,1595.0,26.58,False,24,22,2,4,5.2,82.9,142,70,6.5,6.4,7.2,8.5,2.81,regular,extensive,none,5123d4e8b63fdcbb,1b679a3e72cee1a1,da1b0302b03238d8,Collected experimental data; derived measurement fields retained as recorded
OBS0948,P060,SP060-1,D,1,AI,TP04,B,Expense Reimbursement,4,2026-03-16T18:11:32,2026-03-16T18:48:45,2232.9,37.22,False,22,17,5,4,5.2,73.8,142,70,6.5,6.4,7.2,8.5,2.81,regular,extensive,none,5123d4e8b63fdcbb,1b679a3e72cee1a1,da1b0302b03238d8,Collected experimental data; derived measurement fields retained as recorded
OBS0949,P060,SP060-1,D,1,AI,TP05,B,Shipping Rate Service,5,2026-03-16T19:37:45,2026-03-16T20:16:42,2337.3,38.96,False,22,22,0,5,5.2,76.8,125,60,6.5,6.4,7.2,8.5,2.81,regular,extensive,none,5123d4e8b63fdcbb,1b679a3e72cee1a1,da1b0302b03238d8,Collected experimental data; derived measurement fields retained as recorded
OBS0950,P060,SP060-1,D,1,AI,TP06,B,Product Catalog Import,6,2026-03-16T20:40:42,2026-03-16T21:15:43,2100.5,35.01,False,20,19,1,5,4.8,72.3,166,65,6.5,6.4,7.2,8.5,2.81,regular,extensive,none,5123d4e8b63fdcbb,1b679a3e72cee1a1,da1b0302b03238d8,Collected experimental data; derived measurement fields retained as recorded
OBS0951,P060,SP060-1,D,1,AI,TP07,B,Alert Subscriptions,7,2026-03-16T21:36:43,2026-03-16T22:17:49,2466.3,41.1,False,22,19,3,5,4.8,74.6,123,65,6.5,6.4,7.2,8.5,2.81,regular,extensive,none,5123d4e8b63fdcbb,1b679a3e72cee1a1,da1b0302b03238d8,Collected experimental data; derived measurement fields retained as recorded
OBS0952,P060,SP060-1,D,1,AI,TP08,B,Support Ticket SLA,8,2026-03-16T22:33:49,2026-03-16T23:10:44,2215.4,36.92,False,24,20,4,5,5.3,78.8,145,75,6.5,6.4,7.2,8.5,2.81,regular,extensive,none,5123d4e8b63fdcbb,1b679a3e72cee1a1,da1b0302b03238d8,Collected experimental data; derived measurement fields retained as recorded
OBS0953,P060,SP060-2,D,2,Traditional,TP01,A,Equipment Maintenance API,1,2026-04-06T10:07:00,2026-04-06T10:40:19,1998.8,33.31,False,20,19,1,7,6.0,67.1,135,65,6.5,6.4,7.2,8.5,2.81,regular,extensive,none,5123d4e8b63fdcbb,1b679a3e72cee1a1,da1b0302b03238d8,Collected experimental data; derived measurement fields retained as recorded
OBS0954,P060,SP060-2,D,2,Traditional,TP02,A,Project Access Policy,2,2026-04-06T11:00:19,2026-04-06T11:33:43,2004.2,33.4,False,22,20,2,7,5.7,70.2,126,70,6.5,6.4,7.2,8.5,2.81,regular,extensive,copilot_suggestion_delay,5123d4e8b63fdcbb,1b679a3e72cee1a1,da1b0302b03238d8,Collected experimental data; derived measurement fields retained as recorded
OBS0955,P060,SP060-2,D,2,Traditional,TP03,A,Invoice Aging,3,2026-04-06T11:55:43,2026-04-06T12:37:44,2521.3,42.02,False,20,17,3,5,6.1,67.6,115,70,6.5,6.4,7.2,8.5,2.81,regular,extensive,none,5123d4e8b63fdcbb,1b679a3e72cee1a1,da1b0302b03238d8,Collected experimental data; derived measurement fields retained as recorded
OBS0956,P060,SP060-2,D,2,Traditional,TP04,A,Leave Approval,4,2026-04-06T12:49:44,2026-04-06T13:30:44,2460.0,41.0,False,20,17,3,4,6.6,73.1,129,75,6.5,6.4,7.2,8.5,2.81,regular,extensive,none,5123d4e8b63fdcbb,1b679a3e72cee1a1,da1b0302b03238d8,Collected experimental data; derived measurement fields retained as recorded
OBS0957,P060,SP060-2,D,2,Traditional,TP05,A,Currency Rate Service,5,2026-04-06T14:20:44,2026-04-06T15:06:25,2740.5,45.68,False,20,14,6,5,6.7,69.7,121,75,6.5,6.4,7.2,8.5,2.81,regular,extensive,none,5123d4e8b63fdcbb,1b679a3e72cee1a1,da1b0302b03238d8,Collected experimental data; derived measurement fields retained as recorded
OBS0958,P060,SP060-2,D,2,Traditional,TP06,A,Employee Import,6,2026-04-06T15:27:25,2026-04-06T16:01:51,2066.4,34.44,False,20,11,9,7,6.0,66.9,130,80,6.5,6.4,7.2,8.5,2.81,regular,extensive,none,5123d4e8b63fdcbb,1b679a3e72cee1a1,da1b0302b03238d8,Collected experimental data; derived measurement fields retained as recorded
OBS0959,P060,SP060-2,D,2,Traditional,TP07,A,Notification Preferences,7,2026-04-06T16:21:51,2026-04-06T17:09:02,2831.4,47.19,False,20,15,5,6,6.8,67.3,118,70,6.5,6.4,7.2,8.5,2.81,regular,extensive,none,5123d4e8b63fdcbb,1b679a3e72cee1a1,da1b0302b03238d8,Collected experimental data; derived measurement fields retained as recorded
OBS0960,P060,SP060-2,D,2,Traditional,TP08,A,Resource Utilization,8,2026-04-06T17:32:02,2026-04-06T18:16:38,2675.8,44.6,False,22,17,5,7,6.2,66.0,114,80,6.5,6.4,7.2,8.5,2.81,regular,extensive,none,5123d4e8b63fdcbb,1b679a3e72cee1a1,da1b0302b03238d8,Collected experimental data; derived measurement fields retained as recorded
